{
  "type": "FeatureCollection",
  "name": "geometry",
  "features": [
    {
      "type": "Feature",
      "properties": { "name": "KDFW Airport", "icon": "target", "type": null, "order": null },
      "geometry": { "type": "Point", "coordinates": [-97.0376947, 32.8972331, 0.0] }
    },
    {
      "type": "Feature",
      "properties": { "name": "KDTW Airport", "icon": "target", "type": null, "order": null },
      "geometry": { "type": "Point", "coordinates": [-83.3533933, 42.2124311, 0.0] }
    },
    {
      "type": "Feature",
      "properties": { "name": "AAL1339", "icon": null, "type": "flight", "order": 1.0 },
      "geometry": {
        "type": "LineString",
        "coordinates": [
          [-97.03013, 32.90289, 305.0],
          [-97.03013, 32.91248, 526.0],
          [-97.02977, 32.92429, 655.0],
          [-97.02927, 32.93761, 747.0],
          [-97.02872, 32.95322, 808.0],
          [-97.02716, 32.98659, 1074.0],
          [-97.02581, 33.02055, 1501.0],
          [-97.02021, 33.03929, 1692.0],
          [-97.00334, 33.05685, 1913.0],
          [-96.98236, 33.0742, 2195.0],
          [-96.94689, 33.10232, 2614.0],
          [-96.91264, 33.12927, 2903.0],
          [-96.89571, 33.15152, 3086.0],
          [-96.88206, 33.20471, 3284.0],
          [-96.86898, 33.25701, 3467.0],
          [-96.85646, 33.30743, 3825.0],
          [-96.84382, 33.36104, 4206.0],
          [-96.83124, 33.41565, 4564.0],
          [-96.8202, 33.45195, 4831.0],
          [-96.77856, 33.52052, 5311.0],
          [-96.74549, 33.57225, 5608.0],
          [-96.71265, 33.62375, 5883.0],
          [-96.67809, 33.6777, 6126.0],
          [-96.64238, 33.73329, 6378.0],
          [-96.60732, 33.78781, 6652.0],
          [-96.5708, 33.84436, 6858.0],
          [-96.53458, 33.90046, 7102.0],
          [-96.49693, 33.95865, 7247.0],
          [-96.4595, 34.01614, 7483.0],
          [-96.43732, 34.04997, 7574.0],
          [-96.41441, 34.0815, 7704.0],
          [-96.36887, 34.13778, 7871.0],
          [-96.32195, 34.19532, 8062.0],
          [-96.27497, 34.25286, 8230.0],
          [-96.226, 34.31282, 8405.0],
          [-96.17935, 34.36975, 8633.0],
          [-96.13306, 34.42589, 9159.0],
          [-96.08884, 34.47958, 9525.0],
          [-96.04483, 34.53319, 9616.0],
          [-95.99831, 34.58976, 9693.0],
          [-95.95134, 34.64667, 9754.0],
          [-95.92346, 34.67802, 9784.0],
          [-95.89243, 34.70888, 9837.0],
          [-95.8181, 34.77539, 10051.0],
          [-95.76107, 34.82624, 10173.0],
          [-95.7028, 34.87793, 10310.0],
          [-95.64217, 34.93159, 10500.0],
          [-95.58392, 34.98322, 10645.0],
          [-95.51828, 35.04113, 10668.0],
          [-95.45796, 35.09431, 10668.0],
          [-95.39844, 35.14677, 10668.0],
          [-95.33521, 35.2023, 10668.0],
          [-95.27805, 35.25238, 10668.0],
          [-95.21948, 35.30356, 10668.0],
          [-95.16001, 35.35545, 10668.0],
          [-95.09834, 35.40921, 10668.0],
          [-95.03832, 35.46144, 10668.0],
          [-94.97821, 35.51368, 10668.0],
          [-94.91707, 35.56668, 10668.0],
          [-94.8559, 35.61944, 10676.0],
          [-94.79628, 35.67096, 10676.0],
          [-94.73493, 35.72386, 10676.0],
          [-94.67433, 35.77591, 10668.0],
          [-94.61595, 35.826, 10668.0],
          [-94.55515, 35.87814, 10660.0],
          [-94.49353, 35.93079, 10660.0],
          [-94.43415, 35.98148, 10660.0],
          [-94.37379, 36.03292, 10660.0],
          [-94.31036, 36.08684, 10668.0],
          [-94.24961, 36.13836, 10668.0],
          [-94.18905, 36.18965, 10668.0],
          [-94.12665, 36.24171, 10668.0],
          [-94.05682, 36.29268, 10676.0],
          [-93.98872, 36.34099, 10668.0],
          [-93.92002, 36.38965, 10668.0],
          [-93.85053, 36.43876, 10668.0],
          [-93.78532, 36.48466, 10668.0],
          [-93.71607, 36.5334, 10668.0],
          [-93.6462, 36.58246, 10668.0],
          [-93.57845, 36.62988, 10668.0],
          [-93.50859, 36.67877, 10668.0],
          [-93.43975, 36.72679, 10668.0],
          [-93.36817, 36.77669, 10668.0],
          [-93.29939, 36.82443, 10668.0],
          [-93.22945, 36.87305, 10668.0],
          [-93.15845, 36.92203, 10668.0],
          [-93.08751, 36.97092, 10668.0],
          [-93.01808, 37.01875, 10668.0],
          [-92.94798, 37.06694, 10668.0],
          [-92.87585, 37.11643, 10668.0],
          [-92.80354, 37.16591, 10668.0],
          [-92.73189, 37.21484, 10668.0],
          [-92.66078, 37.2633, 10676.0],
          [-92.58788, 37.31283, 10668.0],
          [-92.51372, 37.36315, 10668.0],
          [-92.44153, 37.41199, 10668.0],
          [-92.37024, 37.46012, 10668.0],
          [-92.29949, 37.50779, 10668.0],
          [-92.22652, 37.55686, 10668.0],
          [-92.15684, 37.60369, 10668.0],
          [-92.08531, 37.65154, 10668.0],
          [-92.0096, 37.7021, 10660.0],
          [-91.93763, 37.75003, 10668.0],
          [-91.86546, 37.79736, 10668.0],
          [-91.79282, 37.84428, 10668.0],
          [-91.71913, 37.89203, 10668.0],
          [-91.64472, 37.94017, 10668.0],
          [-91.57192, 37.9872, 10668.0],
          [-91.498, 38.03485, 10668.0],
          [-91.4253, 38.0815, 10668.0],
          [-91.35149, 38.12878, 10668.0],
          [-91.27687, 38.17648, 10668.0],
          [-91.20241, 38.224, 10668.0],
          [-91.12978, 38.27028, 10668.0],
          [-91.05574, 38.31725, 10668.0],
          [-90.97907, 38.36581, 10668.0],
          [-90.90497, 38.41263, 10676.0],
          [-90.83026, 38.45969, 10676.0],
          [-90.75867, 38.50466, 10676.0],
          [-90.683, 38.55217, 10668.0],
          [-90.60797, 38.59911, 10660.0],
          [-90.5314, 38.64706, 10660.0],
          [-90.45947, 38.69203, 10660.0],
          [-90.38524, 38.73825, 10660.0],
          [-90.31079, 38.78523, 10668.0],
          [-90.23812, 38.83287, 10668.0],
          [-90.16486, 38.88052, 10668.0],
          [-90.09766, 38.92414, 10668.0],
          [-90.01684, 38.97624, 10668.0],
          [-89.94077, 39.02513, 10676.0],
          [-89.86633, 39.07297, 10668.0],
          [-89.7879, 39.12325, 10668.0],
          [-89.71047, 39.17271, 10668.0],
          [-89.63429, 39.22128, 10676.0],
          [-89.55923, 39.26903, 10676.0],
          [-89.48126, 39.31853, 10668.0],
          [-89.40881, 39.36443, 10668.0],
          [-89.33002, 39.41415, 10660.0],
          [-89.25787, 39.45963, 10660.0],
          [-89.18237, 39.50698, 10660.0],
          [-89.10694, 39.55431, 10660.0],
          [-89.03052, 39.60222, 10668.0],
          [-88.95475, 39.64957, 10676.0],
          [-88.87756, 39.69765, 10676.0],
          [-88.80177, 39.74474, 10668.0],
          [-88.72356, 39.79321, 10668.0],
          [-88.64618, 39.84099, 10668.0],
          [-88.567, 39.88966, 10668.0],
          [-88.49238, 39.93558, 10668.0],
          [-88.41116, 39.98539, 10668.0],
          [-88.33936, 40.02933, 10668.0],
          [-88.26044, 40.07748, 10668.0],
          [-88.18292, 40.12463, 10668.0],
          [-88.10388, 40.1727, 10668.0],
          [-88.02948, 40.21783, 10668.0],
          [-87.94806, 40.26659, 10668.0],
          [-87.86547, 40.30367, 10668.0],
          [-87.7782, 40.3269, 10668.0],
          [-87.67468, 40.3439, 10676.0],
          [-87.57294, 40.36043, 10668.0],
          [-87.4668, 40.3775, 10592.0],
          [-87.36554, 40.39362, 10455.0],
          [-87.26266, 40.4099, 10302.0],
          [-87.15283, 40.42722, 10142.0],
          [-87.05286, 40.44295, 10058.0],
          [-86.94717, 40.45948, 10058.0],
          [-86.84637, 40.4751, 10058.0],
          [-86.74078, 40.4913, 10058.0],
          [-86.63537, 40.50738, 10058.0],
          [-86.53333, 40.52289, 10058.0],
          [-86.42566, 40.53914, 10066.0],
          [-86.32379, 40.55438, 10066.0],
          [-86.25067, 40.56555, 10058.0],
          [-86.1756, 40.58153, 10058.0],
          [-86.07751, 40.61133, 10058.0],
          [-85.98381, 40.64131, 10058.0],
          [-85.88904, 40.67157, 10043.0],
          [-85.78606, 40.70425, 9708.0],
          [-85.69366, 40.73369, 9098.0],
          [-85.59937, 40.7634, 8740.0],
          [-85.50293, 40.79375, 8359.0],
          [-85.41202, 40.82231, 7993.0],
          [-85.31848, 40.85175, 7506.0],
          [-85.26957, 40.87049, 7346.0],
          [-85.19186, 40.9135, 7193.0],
          [-85.12532, 40.95666, 7087.0],
          [-85.05397, 41.00312, 7010.0],
          [-84.98487, 41.04795, 7010.0],
          [-84.91889, 41.09068, 7010.0],
          [-84.83942, 41.1418, 7010.0],
          [-84.7431, 41.2093, 6988.0],
          [-84.68362, 41.25292, 6850.0],
          [-84.62128, 41.29848, 6713.0],
          [-84.55975, 41.34325, 6568.0],
          [-84.49803, 41.38847, 6424.0],
          [-84.44853, 41.42464, 6309.0],
          [-84.41415, 41.45575, 6210.0],
          [-84.37113, 41.50658, 6066.0],
          [-84.33068, 41.55496, 5921.0],
          [-84.28966, 41.60387, 5768.0],
          [-84.24697, 41.65475, 5631.0],
          [-84.20228, 41.70773, 5296.0],
          [-84.17569, 41.73532, 5136.0],
          [-84.10283, 41.78827, 4823.0],
          [-84.04585, 41.82784, 4618.0],
          [-83.98973, 41.86693, 4229.0],
          [-83.93842, 41.9024, 3993.0],
          [-83.88424, 41.93994, 3734.0],
          [-83.83054, 41.97699, 3482.0],
          [-83.78021, 42.01209, 3193.0],
          [-83.73652, 42.04235, 3048.0],
          [-83.69616, 42.0705, 2934.0],
          [-83.65399, 42.10021, 2926.0],
          [-83.61332, 42.13069, 2736.0],
          [-83.57706, 42.15761, 2621.0],
          [-83.54304, 42.18308, 2499.0],
          [-83.52809, 42.19728, 2393.0],
          [-83.51532, 42.21478, 2324.0],
          [-83.49456, 42.24322, 2156.0],
          [-83.48108, 42.26129, 2027.0],
          [-83.46914, 42.27818, 1875.0],
          [-83.45383, 42.30212, 1699.0],
          [-83.43554, 42.32982, 1494.0],
          [-83.41785, 42.35662, 1303.0],
          [-83.40683, 42.37344, 1143.0],
          [-83.39478, 42.38402, 1074.0],
          [-83.37019, 42.38869, 998.0],
          [-83.34678, 42.38297, 922.0],
          [-83.31632, 42.3734, 808.0],
          [-83.30115, 42.36114, 808.0],
          [-83.29865, 42.34566, 800.0],
          [-83.29834, 42.32958, 792.0],
          [-83.30084, 42.31636, 754.0],
          [-83.30864, 42.30473, 671.0],
          [-83.32219, 42.28601, 526.0],
          [-83.32542, 42.28158, 495.0],
          [-83.32905, 42.27667, 457.0],
          [-83.33517, 42.26834, 404.0],
          [-83.34135, 42.26006, 343.0],
          [-83.3484, 42.2504, 267.0],
          [-83.35397, 42.24285, 221.0],
          [-83.36076, 42.23373, 152.0],
          [-83.36669, 42.22568, 91.0],
          [-83.37245, 42.21792, 69.0]
        ]
      }
    },
    {
      "type": "Feature",
      "properties": { "name": "AAL1339", "icon": null, "type": "flight", "order": 2.0 },
      "geometry": {
        "type": "LineString",
        "coordinates": [
          [-97.03013, 32.90289, 305.0],
          [-97.03013, 32.91248, 526.0],
          [-97.02977, 32.92429, 655.0],
          [-97.02927, 32.93761, 747.0],
          [-97.02872, 32.95322, 808.0],
          [-97.02716, 32.98659, 1074.0],
          [-97.02581, 33.02055, 1501.0],
          [-97.02021, 33.03929, 1692.0],
          [-97.00334, 33.05685, 1913.0],
          [-96.98236, 33.0742, 2195.0],
          [-96.94689, 33.10232, 2614.0],
          [-96.91264, 33.12927, 2903.0],
          [-96.89571, 33.15152, 3086.0],
          [-96.88206, 33.20471, 3284.0],
          [-96.86898, 33.25701, 3467.0],
          [-96.85646, 33.30743, 3825.0],
          [-96.84382, 33.36104, 4206.0],
          [-96.83124, 33.41565, 4564.0],
          [-96.8202, 33.45195, 4831.0],
          [-96.77856, 33.52052, 5311.0],
          [-96.74549, 33.57225, 5608.0],
          [-96.71265, 33.62375, 5883.0],
          [-96.67809, 33.6777, 6126.0],
          [-96.64238, 33.73329, 6378.0],
          [-96.60732, 33.78781, 6652.0],
          [-96.5708, 33.84436, 6858.0],
          [-96.53458, 33.90046, 7102.0],
          [-96.49693, 33.95865, 7247.0],
          [-96.4595, 34.01614, 7483.0],
          [-96.43732, 34.04997, 7574.0],
          [-96.41441, 34.0815, 7704.0],
          [-96.36887, 34.13778, 7871.0],
          [-96.32195, 34.19532, 8062.0],
          [-96.27497, 34.25286, 8230.0],
          [-96.226, 34.31282, 8405.0],
          [-96.17935, 34.36975, 8633.0],
          [-96.13306, 34.42589, 9159.0],
          [-96.08884, 34.47958, 9525.0],
          [-96.04483, 34.53319, 9616.0],
          [-95.99831, 34.58976, 9693.0],
          [-95.95134, 34.64667, 9754.0],
          [-95.92346, 34.67802, 9784.0],
          [-95.89243, 34.70888, 9837.0],
          [-95.8181, 34.77539, 10051.0],
          [-95.76107, 34.82624, 10173.0],
          [-95.7028, 34.87793, 10310.0],
          [-95.64217, 34.93159, 10500.0],
          [-95.58392, 34.98322, 10645.0],
          [-95.51828, 35.04113, 10668.0],
          [-95.45796, 35.09431, 10668.0],
          [-95.39844, 35.14677, 10668.0],
          [-95.33521, 35.2023, 10668.0],
          [-95.27805, 35.25238, 10668.0],
          [-95.21948, 35.30356, 10668.0],
          [-95.16001, 35.35545, 10668.0],
          [-95.09834, 35.40921, 10668.0],
          [-95.03832, 35.46144, 10668.0],
          [-94.97821, 35.51368, 10668.0],
          [-94.91707, 35.56668, 10668.0],
          [-94.8559, 35.61944, 10676.0],
          [-94.79628, 35.67096, 10676.0],
          [-94.73493, 35.72386, 10676.0],
          [-94.67433, 35.77591, 10668.0],
          [-94.61595, 35.826, 10668.0],
          [-94.55515, 35.87814, 10660.0],
          [-94.49353, 35.93079, 10660.0],
          [-94.43415, 35.98148, 10660.0],
          [-94.37379, 36.03292, 10660.0],
          [-94.31036, 36.08684, 10668.0],
          [-94.24961, 36.13836, 10668.0],
          [-94.18905, 36.18965, 10668.0],
          [-94.12665, 36.24171, 10668.0],
          [-94.05682, 36.29268, 10676.0],
          [-93.98872, 36.34099, 10668.0],
          [-93.92002, 36.38965, 10668.0],
          [-93.85053, 36.43876, 10668.0],
          [-93.78532, 36.48466, 10668.0],
          [-93.71607, 36.5334, 10668.0],
          [-93.6462, 36.58246, 10668.0],
          [-93.57845, 36.62988, 10668.0],
          [-93.50859, 36.67877, 10668.0],
          [-93.43975, 36.72679, 10668.0],
          [-93.36817, 36.77669, 10668.0],
          [-93.29939, 36.82443, 10668.0],
          [-93.22945, 36.87305, 10668.0],
          [-93.15845, 36.92203, 10668.0],
          [-93.08751, 36.97092, 10668.0],
          [-93.01808, 37.01875, 10668.0],
          [-92.94798, 37.06694, 10668.0],
          [-92.87585, 37.11643, 10668.0],
          [-92.80354, 37.16591, 10668.0],
          [-92.73189, 37.21484, 10668.0],
          [-92.66078, 37.2633, 10676.0],
          [-92.58788, 37.31283, 10668.0],
          [-92.51372, 37.36315, 10668.0],
          [-92.44153, 37.41199, 10668.0],
          [-92.37024, 37.46012, 10668.0],
          [-92.29949, 37.50779, 10668.0],
          [-92.22652, 37.55686, 10668.0],
          [-92.15684, 37.60369, 10668.0],
          [-92.08531, 37.65154, 10668.0],
          [-92.0096, 37.7021, 10660.0],
          [-91.93763, 37.75003, 10668.0],
          [-91.86546, 37.79736, 10668.0],
          [-91.79282, 37.84428, 10668.0],
          [-91.71913, 37.89203, 10668.0],
          [-91.64472, 37.94017, 10668.0],
          [-91.57192, 37.9872, 10668.0],
          [-91.498, 38.03485, 10668.0],
          [-91.4253, 38.0815, 10668.0],
          [-91.35149, 38.12878, 10668.0],
          [-91.27687, 38.17648, 10668.0],
          [-91.20241, 38.224, 10668.0],
          [-91.12978, 38.27028, 10668.0],
          [-91.05574, 38.31725, 10668.0],
          [-90.97907, 38.36581, 10668.0],
          [-90.90497, 38.41263, 10676.0],
          [-90.83026, 38.45969, 10676.0],
          [-90.75867, 38.50466, 10676.0],
          [-90.683, 38.55217, 10668.0],
          [-90.60797, 38.59911, 10660.0],
          [-90.5314, 38.64706, 10660.0],
          [-90.45947, 38.69203, 10660.0],
          [-90.38524, 38.73825, 10660.0],
          [-90.31079, 38.78523, 10668.0],
          [-90.23812, 38.83287, 10668.0],
          [-90.16486, 38.88052, 10668.0],
          [-90.09766, 38.92414, 10668.0],
          [-90.01684, 38.97624, 10668.0],
          [-89.94077, 39.02513, 10676.0],
          [-89.86633, 39.07297, 10668.0],
          [-89.7879, 39.12325, 10668.0],
          [-89.71047, 39.17271, 10668.0],
          [-89.63429, 39.22128, 10676.0],
          [-89.55923, 39.26903, 10676.0],
          [-89.48126, 39.31853, 10668.0],
          [-89.40881, 39.36443, 10668.0],
          [-89.33002, 39.41415, 10660.0],
          [-89.25787, 39.45963, 10660.0],
          [-89.18237, 39.50698, 10660.0],
          [-89.10694, 39.55431, 10660.0],
          [-89.03052, 39.60222, 10668.0],
          [-88.95475, 39.64957, 10676.0],
          [-88.87756, 39.69765, 10676.0],
          [-88.80177, 39.74474, 10668.0],
          [-88.72356, 39.79321, 10668.0],
          [-88.64618, 39.84099, 10668.0],
          [-88.567, 39.88966, 10668.0],
          [-88.49238, 39.93558, 10668.0],
          [-88.41116, 39.98539, 10668.0],
          [-88.33936, 40.02933, 10668.0],
          [-88.26044, 40.07748, 10668.0],
          [-88.18292, 40.12463, 10668.0],
          [-88.10388, 40.1727, 10668.0],
          [-88.02948, 40.21783, 10668.0],
          [-87.94806, 40.26659, 10668.0],
          [-87.86547, 40.30367, 10668.0],
          [-87.7782, 40.3269, 10668.0],
          [-87.67468, 40.3439, 10676.0],
          [-87.57294, 40.36043, 10668.0],
          [-87.4668, 40.3775, 10592.0],
          [-87.36554, 40.39362, 10455.0],
          [-87.26266, 40.4099, 10302.0],
          [-87.15283, 40.42722, 10142.0],
          [-87.05286, 40.44295, 10058.0],
          [-86.94717, 40.45948, 10058.0],
          [-86.84637, 40.4751, 10058.0],
          [-86.74078, 40.4913, 10058.0],
          [-86.63537, 40.50738, 10058.0],
          [-86.53333, 40.52289, 10058.0],
          [-86.42566, 40.53914, 10066.0],
          [-86.32379, 40.55438, 10066.0],
          [-86.25067, 40.56555, 10058.0],
          [-86.1756, 40.58153, 10058.0],
          [-86.07751, 40.61133, 10058.0],
          [-85.98381, 40.64131, 10058.0],
          [-85.88904, 40.67157, 10043.0],
          [-85.78606, 40.70425, 9708.0],
          [-85.69366, 40.73369, 9098.0],
          [-85.59937, 40.7634, 8740.0],
          [-85.50293, 40.79375, 8359.0],
          [-85.41202, 40.82231, 7993.0],
          [-85.31848, 40.85175, 7506.0],
          [-85.26957, 40.87049, 7346.0],
          [-85.19186, 40.9135, 7193.0],
          [-85.12532, 40.95666, 7087.0],
          [-85.05397, 41.00312, 7010.0],
          [-84.98487, 41.04795, 7010.0],
          [-84.91889, 41.09068, 7010.0],
          [-84.83942, 41.1418, 7010.0],
          [-84.7431, 41.2093, 6988.0],
          [-84.68362, 41.25292, 6850.0],
          [-84.62128, 41.29848, 6713.0],
          [-84.55975, 41.34325, 6568.0],
          [-84.49803, 41.38847, 6424.0],
          [-84.44853, 41.42464, 6309.0],
          [-84.41415, 41.45575, 6210.0],
          [-84.37113, 41.50658, 6066.0],
          [-84.33068, 41.55496, 5921.0],
          [-84.28966, 41.60387, 5768.0],
          [-84.24697, 41.65475, 5631.0],
          [-84.20228, 41.70773, 5296.0],
          [-84.17569, 41.73532, 5136.0],
          [-84.10283, 41.78827, 4823.0],
          [-84.04585, 41.82784, 4618.0],
          [-83.98973, 41.86693, 4229.0],
          [-83.93842, 41.9024, 3993.0],
          [-83.88424, 41.93994, 3734.0],
          [-83.83054, 41.97699, 3482.0],
          [-83.78021, 42.01209, 3193.0],
          [-83.73652, 42.04235, 3048.0],
          [-83.69616, 42.0705, 2934.0],
          [-83.65399, 42.10021, 2926.0],
          [-83.61332, 42.13069, 2736.0],
          [-83.57706, 42.15761, 2621.0],
          [-83.54304, 42.18308, 2499.0],
          [-83.52809, 42.19728, 2393.0],
          [-83.51532, 42.21478, 2324.0],
          [-83.49456, 42.24322, 2156.0],
          [-83.48108, 42.26129, 2027.0],
          [-83.46914, 42.27818, 1875.0],
          [-83.45383, 42.30212, 1699.0],
          [-83.43554, 42.32982, 1494.0],
          [-83.41785, 42.35662, 1303.0],
          [-83.40683, 42.37344, 1143.0],
          [-83.39478, 42.38402, 1074.0],
          [-83.37019, 42.38869, 998.0],
          [-83.34678, 42.38297, 922.0],
          [-83.31632, 42.3734, 808.0],
          [-83.30115, 42.36114, 808.0],
          [-83.29865, 42.34566, 800.0],
          [-83.29834, 42.32958, 792.0],
          [-83.30084, 42.31636, 754.0],
          [-83.30864, 42.30473, 671.0],
          [-83.32219, 42.28601, 526.0],
          [-83.32542, 42.28158, 495.0],
          [-83.32905, 42.27667, 457.0],
          [-83.33517, 42.26834, 404.0],
          [-83.34135, 42.26006, 343.0],
          [-83.3484, 42.2504, 267.0],
          [-83.35397, 42.24285, 221.0],
          [-83.36076, 42.23373, 152.0],
          [-83.36669, 42.22568, 91.0],
          [-83.37245, 42.21792, 69.0]
        ]
      }
    },
    {
      "type": "Feature",
      "geometry": {
        "type": "LineString",
        "coordinates": [
          [
            [-96.79905, 32.778416, 134.4],
            [-96.799053, 32.778398, 134.4],
            [-96.799053, 32.778389, 134.5],
            [-96.799054, 32.778379, 134.5],
            [-96.799054, 32.77837, 134.5],
            [-96.799055, 32.77836, 134.5],
            [-96.799026, 32.778283, 134.6],
            [-96.799026, 32.778263, 134.6],
            [-96.799021, 32.778223, 134.7],
            [-96.799011, 32.778207, 134.7],
            [-96.798995, 32.778171, 134.7],
            [-96.798991, 32.77816, 134.7],
            [-96.798978, 32.778134, 134.8],
            [-96.798958, 32.778115, 134.8],
            [-96.798938, 32.778095, 134.8],
            [-96.798925, 32.77807, 134.9],
            [-96.798915, 32.778042, 134.9],
            [-96.798905, 32.778015, 135],
            [-96.798902, 32.778006, 135],
            [-96.798892, 32.777986, 135],
            [-96.798881, 32.777967, 135],
            [-96.798871, 32.777947, 135.1],
            [-96.798861, 32.777932, 135.1],
            [-96.798843, 32.777926, 135.1],
            [-96.798825, 32.77792, 135.2],
            [-96.798807, 32.777914, 135.2],
            [-96.79877, 32.777896, 135.3],
            [-96.79877, 32.777896, 135.3],
            [-96.798753, 32.777866, 135.3],
            [-96.798746, 32.777855, 135.4],
            [-96.798739, 32.777844, 135.4],
            [-96.798732, 32.777833, 135.4],
            [-96.798719, 32.777822, 135.5],
            [-96.798704, 32.777808, 135.5],
            [-96.79869, 32.777795, 135.5],
            [-96.798677, 32.777781, 135.5],
            [-96.798659, 32.777759, 135.6],
            [-96.798654, 32.77775, 135.6],
            [-96.798646, 32.777735, 135.6],
            [-96.798637, 32.777719, 135.7],
            [-96.798628, 32.777683, 135.7],
            [-96.798625, 32.777665, 135.7],
            [-96.798639, 32.777638, 135.8],
            [-96.798652, 32.777611, 135.8],
            [-96.798659, 32.777592, 135.8],
            [-96.798664, 32.77756, 135.9],
            [-96.798662, 32.777547, 135.9],
            [-96.798656, 32.777538, 135.9],
            [-96.798652, 32.777517, 135.9],
            [-96.798652, 32.777506, 135.9],
            [-96.798673, 32.777502, 135.9],
            [-96.798673, 32.777502, 135.9],
            [-96.798679, 32.777507, 135.9],
            [-96.798686, 32.777512, 135.9],
            [-96.798699, 32.777515, 135.9],
            [-96.798705, 32.777512, 135.9],
            [-96.798714, 32.777527, 135.8],
            [-96.798714, 32.777527, 135.8],
            [-96.798722, 32.777532, 135.8],
            [-96.798732, 32.777527, 135.8],
            [-96.798733, 32.777523, 135.8],
            [-96.798732, 32.777524, 135.8],
            [-96.798733, 32.777527, 135.8],
            [-96.798733, 32.777529, 135.8],
            [-96.798735, 32.777535, 135.8],
            [-96.798735, 32.777538, 135.8],
            [-96.798733, 32.777539, 135.8],
            [-96.798732, 32.77754, 135.8],
            [-96.798729, 32.777542, 135.8],
            [-96.798733, 32.777546, 135.8],
            [-96.798736, 32.777546, 135.8],
            [-96.798736, 32.777546, 135.8],
            [-96.798736, 32.777546, 135.8],
            [-96.798737, 32.777544, 135.8],
            [-96.798734, 32.777544, 135.8],
            [-96.798731, 32.777545, 135.8],
            [-96.798729, 32.777547, 135.8],
            [-96.798726, 32.777549, 135.8],
            [-96.798699, 32.777551, 135.8],
            [-96.798703, 32.777549, 135.8],
            [-96.798706, 32.777546, 135.8],
            [-96.79871, 32.777544, 135.8],
            [-96.798713, 32.777542, 135.8],
            [-96.798717, 32.777539, 135.8],
            [-96.79872, 32.777537, 135.8],
            [-96.798724, 32.777535, 135.8],
            [-96.798727, 32.777532, 135.8],
            [-96.798731, 32.77753, 135.8],
            [-96.798734, 32.777528, 135.8],
            [-96.798738, 32.777525, 135.8],
            [-96.798741, 32.777523, 135.8],
            [-96.79868, 32.777474, 135.8],
            [-96.798646, 32.777446, 135.8],
            [-96.798624, 32.777426, 135.7],
            [-96.798612, 32.777413, 135.7],
            [-96.798601, 32.7774, 135.7],
            [-96.798589, 32.777387, 135.6],
            [-96.798574, 32.777362, 135.6],
            [-96.79857, 32.777353, 135.6],
            [-96.798554, 32.77732, 135.5],
            [-96.798546, 32.777304, 135.4],
            [-96.798542, 32.777288, 135.4],
            [-96.798537, 32.777272, 135.4],
            [-96.79852, 32.777246, 135.5],
            [-96.798504, 32.777239, 135.6],
            [-96.798499, 32.777237, 135.6],
            [-96.798494, 32.777236, 135.6],
            [-96.798477, 32.777235, 135.6],
            [-96.79846, 32.777236, 135.6],
            [-96.798444, 32.777233, 135.6],
            [-96.798429, 32.777227, 135.7],
            [-96.798409, 32.777213, 135.7],
            [-96.798402, 32.777208, 135.7],
            [-96.798396, 32.777202, 135.7],
            [-96.798387, 32.77719, 135.7],
            [-96.798382, 32.777176, 135.8],
            [-96.798372, 32.777149, 135.8],
            [-96.798372, 32.777149, 135.8],
            [-96.798369, 32.777135, 135.9],
            [-96.798367, 32.777121, 135.9],
            [-96.798351, 32.777095, 136],
            [-96.798351, 32.777095, 136],
            [-96.798332, 32.777088, 136.1],
            [-96.798305, 32.777091, 136.1],
            [-96.798299, 32.777093, 136.1],
            [-96.798293, 32.777091, 136.1],
            [-96.798288, 32.777088, 136.1],
            [-96.798282, 32.777085, 136.1],
            [-96.798277, 32.777082, 136.1],
            [-96.798271, 32.77708, 136.1],
            [-96.798266, 32.777077, 136.1],
            [-96.798248, 32.777071, 136.2],
            [-96.798231, 32.777066, 136.2],
            [-96.798216, 32.77706, 136.2],
            [-96.798198, 32.777054, 136.2],
            [-96.798185, 32.777046, 136.2],
            [-96.798173, 32.777035, 136.3],
            [-96.798163, 32.777022, 136.3],
            [-96.798155, 32.777008, 136.3],
            [-96.798149, 32.776993, 136.3],
            [-96.798143, 32.776979, 136.2],
            [-96.798139, 32.776964, 136.2],
            [-96.798136, 32.77695, 136.2],
            [-96.79813, 32.776935, 136.3],
            [-96.798127, 32.776922, 136.3],
            [-96.798122, 32.776908, 136.3],
            [-96.798116, 32.776895, 136.3],
            [-96.79811, 32.776881, 136.2],
            [-96.798106, 32.776866, 136.2],
            [-96.798101, 32.776852, 136.2],
            [-96.798097, 32.776838, 136.2],
            [-96.798098, 32.776823, 136.2],
            [-96.798096, 32.776809, 136.2],
            [-96.798094, 32.776794, 136.2],
            [-96.79809, 32.77678, 136.3],
            [-96.798085, 32.776767, 136.3],
            [-96.79808, 32.776754, 136.3],
            [-96.79807, 32.776734, 136.3],
            [-96.798065, 32.776728, 136.3],
            [-96.79806, 32.776722, 136.3],
            [-96.79804, 32.776721, 136.4],
            [-96.798028, 32.776712, 136.4],
            [-96.798022, 32.776698, 136.4],
            [-96.798017, 32.776683, 136.4],
            [-96.798014, 32.776668, 136.4],
            [-96.798009, 32.776656, 136.4],
            [-96.798001, 32.776646, 136.6],
            [-96.79799, 32.776646, 136.6],
            [-96.797987, 32.776656, 136.6],
            [-96.797988, 32.776664, 136.6],
            [-96.797989, 32.77667, 136.5],
            [-96.79799, 32.776668, 136.5],
            [-96.797991, 32.776665, 136.6],
            [-96.797992, 32.776664, 136.6],
            [-96.797993, 32.776663, 136.6],
            [-96.797995, 32.776663, 136.6],
            [-96.797996, 32.776664, 136.6],
            [-96.797997, 32.776664, 136.6],
            [-96.797997, 32.776664, 136.6],
            [-96.797998, 32.776664, 136.6],
            [-96.797999, 32.776663, 136.6],
            [-96.798003, 32.776661, 136.6],
            [-96.798005, 32.776659, 136.6],
            [-96.798007, 32.776657, 136.4],
            [-96.798008, 32.776656, 136.4],
            [-96.798009, 32.776655, 136.4],
            [-96.798012, 32.776654, 136.4],
            [-96.798013, 32.776653, 136.4],
            [-96.798013, 32.776653, 136.4],
            [-96.798014, 32.776652, 136.4],
            [-96.798014, 32.776651, 136.4],
            [-96.798014, 32.776651, 136.4],
            [-96.798013, 32.776651, 136.4],
            [-96.798013, 32.776651, 136.4],
            [-96.798012, 32.776651, 136.4],
            [-96.798012, 32.776651, 136.4],
            [-96.798011, 32.77665, 136.4],
            [-96.798011, 32.77665, 136.4],
            [-96.79801, 32.77665, 136.4],
            [-96.79801, 32.77665, 136.4],
            [-96.798009, 32.77665, 136.4],
            [-96.798009, 32.77665, 136.4],
            [-96.798009, 32.77665, 136.4],
            [-96.798008, 32.776649, 136.4],
            [-96.798008, 32.776649, 136.4],
            [-96.798008, 32.776648, 136.4],
            [-96.798008, 32.776648, 136.4],
            [-96.798007, 32.776648, 136.4],
            [-96.798007, 32.776648, 136.4],
            [-96.798007, 32.776648, 136.4],
            [-96.798008, 32.776648, 136.4],
            [-96.798008, 32.776648, 136.4],
            [-96.798008, 32.776648, 136.4],
            [-96.798008, 32.776648, 136.4],
            [-96.798008, 32.776648, 136.4],
            [-96.798008, 32.776648, 136.4],
            [-96.798008, 32.776648, 136.4],
            [-96.798008, 32.776648, 136.4],
            [-96.798008, 32.776648, 136.4],
            [-96.798007, 32.776648, 136.4],
            [-96.798006, 32.776652, 136.4],
            [-96.798001, 32.776659, 136.5],
            [-96.797987, 32.776667, 136.5],
            [-96.797977, 32.776671, 136.5],
            [-96.79795, 32.776676, 136.7],
            [-96.797944, 32.776676, 136.7],
            [-96.797919, 32.776672, 136.8],
            [-96.797906, 32.77667, 136.8],
            [-96.797893, 32.776667, 136.8],
            [-96.797872, 32.776664, 137],
            [-96.797854, 32.77666, 137],
            [-96.79782, 32.776654, 137.1],
            [-96.79781, 32.776651, 137.1],
            [-96.797791, 32.776642, 137.1],
            [-96.797775, 32.776635, 137.2],
            [-96.797741, 32.77663, 137.4],
            [-96.797725, 32.77663, 137.4],
            [-96.797709, 32.776629, 137.4],
            [-96.797693, 32.776629, 137.5],
            [-96.797662, 32.776631, 137.5],
            [-96.797652, 32.776631, 137.6],
            [-96.797642, 32.776631, 137.6],
            [-96.797603, 32.776633, 137.6],
            [-96.797592, 32.776634, 137.6],
            [-96.797558, 32.776635, 137.7],
            [-96.797547, 32.776635, 137.7],
            [-96.797526, 32.776631, 137.8],
            [-96.797508, 32.776629, 137.8],
            [-96.797493, 32.776632, 137.8],
            [-96.797477, 32.776635, 137.8],
            [-96.797461, 32.776639, 137.8],
            [-96.797444, 32.776642, 137.9],
            [-96.797425, 32.776646, 137.9],
            [-96.797404, 32.77665, 137.9],
            [-96.797383, 32.776656, 137.9],
            [-96.797366, 32.776662, 137.9],
            [-96.797348, 32.776667, 138],
            [-96.797332, 32.776671, 138],
            [-96.797308, 32.776678, 138],
            [-96.797299, 32.776681, 138],
            [-96.797289, 32.776683, 138],
            [-96.797272, 32.776687, 138.1],
            [-96.797256, 32.776692, 138.1],
            [-96.797238, 32.776695, 138.1],
            [-96.797221, 32.776699, 138.2],
            [-96.797203, 32.776701, 138.2],
            [-96.797187, 32.776702, 138.2],
            [-96.797173, 32.776705, 138.2],
            [-96.797138, 32.776711, 138.3],
            [-96.797119, 32.776718, 138.3],
            [-96.797102, 32.776724, 138.3],
            [-96.797084, 32.77673, 138.3],
            [-96.797066, 32.776735, 138.3],
            [-96.79704, 32.776743, 138.3],
            [-96.797029, 32.776745, 138.3],
            [-96.797018, 32.776748, 138.3],
            [-96.796994, 32.776752, 138.3],
            [-96.796983, 32.776753, 138.3],
            [-96.796973, 32.776755, 138.3],
            [-96.796957, 32.776761, 138.3],
            [-96.796938, 32.77677, 138.3],
            [-96.796922, 32.776778, 138.3],
            [-96.796907, 32.776783, 138.3],
            [-96.796883, 32.776788, 138.4],
            [-96.796873, 32.77679, 138.4],
            [-96.796863, 32.776791, 138.4],
            [-96.796839, 32.776795, 138.4],
            [-96.796829, 32.776798, 138.4],
            [-96.79682, 32.7768, 138.4],
            [-96.796807, 32.776805, 138.4],
            [-96.796792, 32.776809, 138.4],
            [-96.796781, 32.776814, 138.4],
            [-96.796773, 32.776823, 138.4],
            [-96.796771, 32.776836, 138.4],
            [-96.796757, 32.776839, 138.4],
            [-96.796744, 32.776836, 138.4],
            [-96.796734, 32.776832, 138.4],
            [-96.796728, 32.776828, 138.4],
            [-96.796729, 32.776825, 138.4],
            [-96.796737, 32.776825, 138.4],
            [-96.796742, 32.776825, 138.4],
            [-96.796746, 32.776824, 138.4],
            [-96.796749, 32.776824, 138.4],
            [-96.796751, 32.776824, 138.4],
            [-96.796752, 32.776824, 138.4],
            [-96.796752, 32.776823, 138.4],
            [-96.796754, 32.776822, 138.4],
            [-96.796756, 32.776822, 138.4],
            [-96.796757, 32.776822, 138.4],
            [-96.796758, 32.776821, 138.4],
            [-96.796759, 32.776821, 138.4],
            [-96.796769, 32.77682, 138.4],
            [-96.796772, 32.77682, 138.4],
            [-96.796773, 32.77682, 138.4],
            [-96.796773, 32.776821, 138.4],
            [-96.796774, 32.776821, 138.4],
            [-96.796773, 32.776821, 138.4],
            [-96.796773, 32.776822, 138.4],
            [-96.796773, 32.776822, 138.4],
            [-96.796774, 32.776823, 138.4],
            [-96.796774, 32.776823, 138.4],
            [-96.796775, 32.776824, 138.4],
            [-96.796774, 32.776824, 138.4],
            [-96.796774, 32.776825, 138.4],
            [-96.796775, 32.776826, 138.4],
            [-96.796775, 32.776826, 138.4],
            [-96.796775, 32.776828, 138.4],
            [-96.796776, 32.776829, 138.4],
            [-96.796776, 32.776831, 138.4],
            [-96.796776, 32.776831, 138.4],
            [-96.796776, 32.77683, 138.4],
            [-96.796775, 32.77683, 138.4],
            [-96.796775, 32.77683, 138.4],
            [-96.796774, 32.77683, 138.4],
            [-96.796774, 32.776829, 138.4],
            [-96.796774, 32.776829, 138.4],
            [-96.796775, 32.776828, 138.4],
            [-96.796775, 32.776828, 138.4],
            [-96.796776, 32.776828, 138.4],
            [-96.796776, 32.776828, 138.4],
            [-96.796777, 32.776827, 138.4],
            [-96.796777, 32.776826, 138.4],
            [-96.796777, 32.776826, 138.4],
            [-96.79678, 32.776828, 138.4],
            [-96.796781, 32.776829, 138.4],
            [-96.796783, 32.77683, 138.4],
            [-96.796783, 32.77683, 138.4],
            [-96.796783, 32.77683, 138.4],
            [-96.796783, 32.77683, 138.4],
            [-96.796783, 32.776829, 138.4],
            [-96.79678, 32.776826, 138.4],
            [-96.796779, 32.776825, 138.4],
            [-96.796777, 32.776825, 138.4],
            [-96.796779, 32.776828, 138.4],
            [-96.796777, 32.776827, 138.4],
            [-96.796757, 32.776846, 138.4],
            [-96.796757, 32.776846, 138.4],
            [-96.796728, 32.776869, 138.4],
            [-96.796699, 32.776861, 138.4],
            [-96.796672, 32.776851, 138.4],
            [-96.796632, 32.77685, 138.4],
            [-96.796619, 32.776851, 138.4],
            [-96.796574, 32.776867, 138.4],
            [-96.796553, 32.776876, 138.4],
            [-96.796517, 32.776894, 138.4],
            [-96.796501, 32.776901, 138.5],
            [-96.796484, 32.776908, 138.5],
            [-96.796455, 32.77692, 138.4],
            [-96.796439, 32.776935, 138.4],
            [-96.796434, 32.776939, 138.4],
            [-96.796429, 32.776947, 138.4],
            [-96.79642, 32.776954, 138.4],
            [-96.796413, 32.776951, 138.5],
            [-96.796411, 32.776944, 138.5],
            [-96.796416, 32.776939, 138.5],
            [-96.79642, 32.776938, 138.4],
            [-96.796426, 32.776939, 138.4],
            [-96.796428, 32.776939, 138.4],
            [-96.79643, 32.776937, 138.4],
            [-96.796432, 32.776936, 138.4],
            [-96.796432, 32.776936, 138.4],
            [-96.796435, 32.776934, 138.4],
            [-96.796435, 32.776934, 138.4],
            [-96.796437, 32.776934, 138.4],
            [-96.796438, 32.776935, 138.4],
            [-96.796438, 32.776935, 138.4],
            [-96.796438, 32.776936, 138.4],
            [-96.796439, 32.776936, 138.4],
            [-96.79644, 32.776937, 138.4],
            [-96.796441, 32.776938, 138.4],
            [-96.796441, 32.776938, 138.4],
            [-96.796442, 32.776939, 138.4],
            [-96.796442, 32.776939, 138.4],
            [-96.796442, 32.776938, 138.4],
            [-96.796442, 32.776938, 138.4],
            [-96.796442, 32.776938, 138.4],
            [-96.796442, 32.776938, 138.4],
            [-96.796443, 32.776938, 138.4],
            [-96.796443, 32.776938, 138.4],
            [-96.796443, 32.776938, 138.4],
            [-96.796443, 32.776938, 138.4],
            [-96.796443, 32.776938, 138.4],
            [-96.796443, 32.776938, 138.4],
            [-96.796443, 32.776938, 138.4],
            [-96.796443, 32.776937, 138.4],
            [-96.796443, 32.776937, 138.4],
            [-96.796443, 32.776937, 138.4],
            [-96.796443, 32.776937, 138.4],
            [-96.796443, 32.776938, 138.4],
            [-96.796443, 32.776938, 138.4],
            [-96.796442, 32.776938, 138.4],
            [-96.796442, 32.776938, 138.4],
            [-96.796442, 32.776938, 138.4],
            [-96.796442, 32.776938, 138.4],
            [-96.796442, 32.776938, 138.4],
            [-96.796442, 32.776938, 138.4],
            [-96.796442, 32.776938, 138.4],
            [-96.796442, 32.776938, 138.4],
            [-96.796442, 32.776939, 138.4],
            [-96.796441, 32.776939, 138.4],
            [-96.796441, 32.77694, 138.4],
            [-96.796441, 32.776941, 138.4],
            [-96.796441, 32.776942, 138.4],
            [-96.796441, 32.776942, 138.4],
            [-96.796441, 32.776943, 138.4],
            [-96.796442, 32.776943, 138.4],
            [-96.796441, 32.776943, 138.4],
            [-96.796442, 32.776943, 138.4],
            [-96.796442, 32.776943, 138.4],
            [-96.796442, 32.776943, 138.4],
            [-96.796442, 32.776943, 138.4],
            [-96.796442, 32.776943, 138.4],
            [-96.796442, 32.776944, 138.4],
            [-96.796441, 32.776945, 138.4],
            [-96.796441, 32.776945, 138.4],
            [-96.796441, 32.776945, 138.4],
            [-96.796441, 32.776945, 138.4],
            [-96.796441, 32.776945, 138.4],
            [-96.796441, 32.776945, 138.4],
            [-96.79644, 32.776946, 138.4],
            [-96.79644, 32.776946, 138.4],
            [-96.796439, 32.776946, 138.4],
            [-96.796439, 32.776946, 138.4],
            [-96.796439, 32.776947, 138.4],
            [-96.796439, 32.776947, 138.4],
            [-96.796439, 32.776947, 138.4],
            [-96.796439, 32.776947, 138.4],
            [-96.796439, 32.776947, 138.4],
            [-96.796439, 32.776947, 138.4],
            [-96.796439, 32.776947, 138.4],
            [-96.79644, 32.776947, 138.4],
            [-96.79644, 32.776947, 138.4],
            [-96.79644, 32.776947, 138.4],
            [-96.79644, 32.776947, 138.4],
            [-96.79644, 32.776947, 138.4],
            [-96.79644, 32.776948, 138.4],
            [-96.796439, 32.776948, 138.4],
            [-96.796439, 32.776949, 138.4],
            [-96.796439, 32.776949, 138.4],
            [-96.796439, 32.776949, 138.4],
            [-96.796438, 32.776949, 138.4],
            [-96.796438, 32.776949, 138.4],
            [-96.796438, 32.776949, 138.4],
            [-96.796438, 32.776949, 138.4],
            [-96.796438, 32.776949, 138.4],
            [-96.796438, 32.776949, 138.4],
            [-96.796438, 32.776949, 138.4],
            [-96.796438, 32.77695, 138.4],
            [-96.796438, 32.77695, 138.4],
            [-96.796438, 32.77695, 138.4],
            [-96.796438, 32.776949, 138.4],
            [-96.796438, 32.776948, 138.4],
            [-96.796437, 32.776948, 138.4],
            [-96.796437, 32.776947, 138.4],
            [-96.796435, 32.776947, 138.4],
            [-96.796432, 32.776947, 138.4],
            [-96.79643, 32.776944, 138.4],
            [-96.79643, 32.776942, 138.4],
            [-96.796431, 32.77694, 138.4],
            [-96.796431, 32.776939, 138.4],
            [-96.796432, 32.776939, 138.4],
            [-96.79643, 32.776939, 138.4],
            [-96.796419, 32.776944, 138.4],
            [-96.796419, 32.776944, 138.4],
            [-96.796415, 32.776944, 138.4],
            [-96.796403, 32.776949, 138.4],
            [-96.796387, 32.776952, 138.4],
            [-96.796377, 32.776951, 138.4],
            [-96.796373, 32.776952, 138.4],
            [-96.796376, 32.776957, 138.4],
            [-96.796378, 32.77696, 138.4],
            [-96.796378, 32.77696, 138.4],
            [-96.796378, 32.77696, 138.4],
            [-96.796377, 32.77696, 138.4],
            [-96.796377, 32.77696, 138.4],
            [-96.796377, 32.776959, 138.4],
            [-96.796377, 32.776959, 138.4],
            [-96.796378, 32.776959, 138.4],
            [-96.796378, 32.776958, 138.4],
            [-96.796379, 32.776958, 138.4],
            [-96.796379, 32.776959, 138.4],
            [-96.796379, 32.776959, 138.4],
            [-96.796376, 32.776961, 138.4],
            [-96.796376, 32.776961, 138.4],
            [-96.796373, 32.776961, 138.4],
            [-96.796365, 32.776959, 138.4],
            [-96.796352, 32.77696, 138.4],
            [-96.796339, 32.776962, 138.4],
            [-96.796316, 32.776967, 138.4],
            [-96.796305, 32.776969, 138.4],
            [-96.796295, 32.77697, 138.4],
            [-96.796263, 32.776969, 138.4],
            [-96.796252, 32.776968, 138.4],
            [-96.796247, 32.776961, 138.4],
            [-96.796249, 32.77696, 138.4],
            [-96.796252, 32.776958, 138.4],
            [-96.796255, 32.776957, 138.4],
            [-96.796257, 32.776955, 138.4],
            [-96.79626, 32.776954, 138.4],
            [-96.796263, 32.776952, 138.4],
            [-96.796265, 32.776951, 138.4],
            [-96.796268, 32.776949, 138.4],
            [-96.796271, 32.776948, 138.4],
            [-96.796273, 32.776946, 138.4],
            [-96.796276, 32.776945, 138.4],
            [-96.796279, 32.776943, 138.4],
            [-96.796281, 32.776942, 138.4],
            [-96.796284, 32.77694, 138.4],
            [-96.796284, 32.77694, 138.4],
            [-96.796299, 32.77693, 138.4],
            [-96.796313, 32.776922, 138.4],
            [-96.796328, 32.776917, 138.4],
            [-96.796341, 32.776912, 138.4],
            [-96.796345, 32.776905, 138.4],
            [-96.796349, 32.776904, 138.4],
            [-96.796351, 32.776904, 138.4],
            [-96.796353, 32.776906, 138.4],
            [-96.796353, 32.776909, 138.4],
            [-96.796354, 32.776911, 138.4],
            [-96.796355, 32.776911, 138.4],
            [-96.796356, 32.776912, 138.4],
            [-96.796357, 32.776913, 138.4],
            [-96.796357, 32.776915, 138.4],
            [-96.796357, 32.776917, 138.4],
            [-96.796357, 32.776916, 138.4],
            [-96.796356, 32.776916, 138.4],
            [-96.796356, 32.776917, 138.4],
            [-96.796357, 32.776917, 138.4],
            [-96.796357, 32.776917, 138.4],
            [-96.796356, 32.776917, 138.4],
            [-96.796355, 32.776917, 138.4],
            [-96.79636, 32.776926, 138.4],
            [-96.79636, 32.776926, 138.4],
            [-96.79636, 32.776926, 138.4],
            [-96.79636, 32.776926, 138.4],
            [-96.796359, 32.776926, 138.4],
            [-96.796359, 32.776926, 138.4],
            [-96.796359, 32.776926, 138.4],
            [-96.796359, 32.776926, 138.4],
            [-96.79636, 32.776926, 138.4],
            [-96.796361, 32.776927, 138.4],
            [-96.796361, 32.776928, 138.4],
            [-96.796362, 32.776927, 138.4],
            [-96.796362, 32.776927, 138.4],
            [-96.796361, 32.776926, 138.4],
            [-96.796361, 32.776926, 138.4],
            [-96.796361, 32.776926, 138.4],
            [-96.79636, 32.776926, 138.4],
            [-96.796359, 32.776926, 138.4],
            [-96.796359, 32.776927, 138.4],
            [-96.796359, 32.776927, 138.4],
            [-96.796359, 32.776927, 138.4],
            [-96.796359, 32.776927, 138.4],
            [-96.796359, 32.776927, 138.4],
            [-96.796359, 32.776927, 138.4],
            [-96.796358, 32.776927, 138.4],
            [-96.796358, 32.776927, 138.4],
            [-96.796358, 32.776927, 138.4],
            [-96.796357, 32.776928, 138.4],
            [-96.796357, 32.776928, 138.4],
            [-96.796357, 32.776927, 138.4],
            [-96.796357, 32.776927, 138.4],
            [-96.796357, 32.776928, 138.4],
            [-96.796357, 32.776928, 138.4],
            [-96.796357, 32.776927, 138.4],
            [-96.796357, 32.776928, 138.4],
            [-96.796357, 32.776928, 138.4],
            [-96.796357, 32.776928, 138.4],
            [-96.796357, 32.776928, 138.4],
            [-96.796357, 32.776928, 138.4],
            [-96.796357, 32.776928, 138.4],
            [-96.796357, 32.776927, 138.4],
            [-96.796357, 32.776927, 138.4],
            [-96.79636, 32.776926, 138.4],
            [-96.796361, 32.776926, 138.4],
            [-96.796361, 32.776925, 138.4],
            [-96.796361, 32.776924, 138.4],
            [-96.796361, 32.776923, 138.4],
            [-96.796361, 32.776922, 138.4],
            [-96.796364, 32.77692, 138.4],
            [-96.796365, 32.77692, 138.4],
            [-96.796364, 32.77692, 138.4],
            [-96.796364, 32.77692, 138.4],
            [-96.796364, 32.776921, 138.4],
            [-96.796364, 32.776921, 138.4],
            [-96.796364, 32.776921, 138.4],
            [-96.796364, 32.776921, 138.4],
            [-96.796364, 32.776921, 138.4],
            [-96.796364, 32.776921, 138.4],
            [-96.796364, 32.776921, 138.4],
            [-96.796364, 32.776921, 138.4],
            [-96.796364, 32.776921, 138.4],
            [-96.796364, 32.776921, 138.4],
            [-96.796364, 32.776921, 138.4],
            [-96.796364, 32.776921, 138.4],
            [-96.796364, 32.776921, 138.4],
            [-96.796364, 32.776921, 138.4],
            [-96.796363, 32.776921, 138.4],
            [-96.796363, 32.776921, 138.4],
            [-96.796365, 32.776921, 138.4],
            [-96.796365, 32.776921, 138.4],
            [-96.796363, 32.776921, 138.4],
            [-96.796362, 32.776922, 138.4],
            [-96.79636, 32.776922, 138.4],
            [-96.79636, 32.776923, 138.4],
            [-96.79636, 32.776923, 138.4],
            [-96.796357, 32.776923, 138.4],
            [-96.796353, 32.776923, 138.4],
            [-96.79635, 32.776923, 138.4],
            [-96.796349, 32.776923, 138.4],
            [-96.796349, 32.776923, 138.4],
            [-96.796349, 32.776923, 138.4],
            [-96.79635, 32.776924, 138.4],
            [-96.796352, 32.776925, 138.4],
            [-96.796351, 32.776925, 138.4],
            [-96.796348, 32.776925, 138.4],
            [-96.796346, 32.776925, 138.4],
            [-96.796345, 32.776924, 138.4],
            [-96.796345, 32.776924, 138.4],
            [-96.796344, 32.776924, 138.4],
            [-96.796344, 32.776924, 138.4],
            [-96.796344, 32.776925, 138.4],
            [-96.796343, 32.776925, 138.4],
            [-96.796344, 32.776925, 138.4],
            [-96.796344, 32.776925, 138.4],
            [-96.796343, 32.776928, 138.4],
            [-96.796344, 32.776929, 138.4],
            [-96.796344, 32.77693, 138.4],
            [-96.796344, 32.77693, 138.4],
            [-96.796344, 32.776931, 138.4],
            [-96.796344, 32.776931, 138.4],
            [-96.796343, 32.776931, 138.4],
            [-96.796343, 32.776931, 138.4],
            [-96.796343, 32.776931, 138.4],
            [-96.796343, 32.77693, 138.4],
            [-96.796343, 32.776931, 138.4],
            [-96.796342, 32.776931, 138.4],
            [-96.796342, 32.776931, 138.4],
            [-96.796341, 32.776931, 138.4],
            [-96.796341, 32.776931, 138.4],
            [-96.796341, 32.776931, 138.4],
            [-96.796341, 32.776931, 138.4],
            [-96.79634, 32.776931, 138.4],
            [-96.79634, 32.776931, 138.4],
            [-96.796339, 32.776931, 138.4],
            [-96.796339, 32.776931, 138.4],
            [-96.796339, 32.776931, 138.4],
            [-96.796339, 32.776931, 138.4],
            [-96.796339, 32.776931, 138.4],
            [-96.796339, 32.776931, 138.4],
            [-96.796339, 32.776931, 138.4],
            [-96.796339, 32.77693, 138.3],
            [-96.796338, 32.77693, 138.3],
            [-96.796338, 32.776931, 138.3],
            [-96.796338, 32.77693, 138.3],
            [-96.796338, 32.77693, 138.3],
            [-96.796338, 32.77693, 138.3],
            [-96.796338, 32.77693, 138.3],
            [-96.796338, 32.77693, 138.3],
            [-96.796338, 32.77693, 138.3],
            [-96.796337, 32.776931, 138.3],
            [-96.796337, 32.776931, 138.3],
            [-96.796338, 32.776931, 138.3],
            [-96.796337, 32.776931, 138.3],
            [-96.796338, 32.776931, 138.3],
            [-96.796337, 32.776931, 138.3],
            [-96.796337, 32.776931, 138.3],
            [-96.796337, 32.776931, 138.3],
            [-96.796337, 32.776931, 138.3],
            [-96.796337, 32.776932, 138.3],
            [-96.796337, 32.776931, 138.3],
            [-96.796337, 32.776931, 138.3],
            [-96.796337, 32.776931, 138.3],
            [-96.796337, 32.776931, 138.3],
            [-96.796337, 32.776931, 138.3],
            [-96.796336, 32.776931, 138.3],
            [-96.796336, 32.776931, 138.3],
            [-96.796336, 32.776931, 138.3],
            [-96.796336, 32.776931, 138.3],
            [-96.796336, 32.776931, 138.3],
            [-96.796336, 32.776931, 138.3],
            [-96.796336, 32.776931, 138.3],
            [-96.796335, 32.776931, 138.3],
            [-96.796336, 32.776931, 138.3],
            [-96.796337, 32.776931, 138.3],
            [-96.796337, 32.776931, 138.3],
            [-96.796337, 32.776931, 138.3],
            [-96.796337, 32.776931, 138.3],
            [-96.796337, 32.776931, 138.3],
            [-96.796336, 32.776931, 138.3],
            [-96.796336, 32.776931, 138.3],
            [-96.796336, 32.776931, 138.3],
            [-96.796336, 32.776931, 138.3],
            [-96.796337, 32.776931, 138.3],
            [-96.796336, 32.776931, 138.3],
            [-96.796336, 32.776931, 138.3],
            [-96.796336, 32.77693, 138.3],
            [-96.796336, 32.77693, 138.3],
            [-96.796336, 32.77693, 138.3],
            [-96.796336, 32.77693, 138.3],
            [-96.796336, 32.77693, 138.3],
            [-96.796336, 32.77693, 138.3],
            [-96.796336, 32.77693, 138.3],
            [-96.796336, 32.77693, 138.3],
            [-96.796336, 32.77693, 138.3],
            [-96.796336, 32.776929, 138.3],
            [-96.796335, 32.776929, 138.3],
            [-96.796335, 32.776929, 138.3],
            [-96.796335, 32.776929, 138.3],
            [-96.796336, 32.776929, 138.3],
            [-96.796336, 32.77693, 138.3],
            [-96.796337, 32.77693, 138.3],
            [-96.796337, 32.77693, 138.3],
            [-96.796336, 32.77693, 138.3],
            [-96.796336, 32.77693, 138.3],
            [-96.796335, 32.77693, 138.3],
            [-96.796336, 32.776931, 138.3],
            [-96.79633, 32.77693, 138.3],
            [-96.796323, 32.776931, 138.3],
            [-96.796316, 32.77693, 138.3],
            [-96.796308, 32.776931, 138.3],
            [-96.796302, 32.776931, 138.3],
            [-96.796302, 32.776931, 138.3],
            [-96.7963, 32.776931, 138.3],
            [-96.796293, 32.776934, 138.3],
            [-96.79629, 32.776932, 138.3],
            [-96.79629, 32.776932, 138.3],
            [-96.79629, 32.776931, 138.3],
            [-96.796291, 32.776922, 138.3],
            [-96.7963, 32.776913, 138.3],
            [-96.796301, 32.776913, 138.3],
            [-96.796302, 32.776914, 138.3],
            [-96.796302, 32.776914, 138.3],
            [-96.796302, 32.776914, 138.3],
            [-96.796303, 32.776914, 138.3],
            [-96.796303, 32.776914, 138.3],
            [-96.796302, 32.776914, 138.3],
            [-96.796301, 32.776914, 138.3],
            [-96.796302, 32.776914, 138.3],
            [-96.796302, 32.776914, 138.3],
            [-96.796302, 32.776915, 138.3],
            [-96.796302, 32.776915, 138.3],
            [-96.796305, 32.776917, 138.3],
            [-96.796305, 32.776917, 138.3],
            [-96.796305, 32.776917, 138.3],
            [-96.796306, 32.776917, 138.3],
            [-96.796306, 32.776917, 138.3],
            [-96.796306, 32.776917, 138.3],
            [-96.796306, 32.776917, 138.3],
            [-96.796307, 32.776917, 138.3],
            [-96.796307, 32.776917, 138.3],
            [-96.796307, 32.776917, 138.3],
            [-96.796307, 32.776917, 138.3],
            [-96.796306, 32.776917, 138.3],
            [-96.796306, 32.776917, 138.3],
            [-96.796307, 32.776918, 138.3],
            [-96.796307, 32.776918, 138.3],
            [-96.796305, 32.776921, 138.3],
            [-96.796305, 32.776923, 138.3],
            [-96.796305, 32.776923, 138.3],
            [-96.796305, 32.776923, 138.3],
            [-96.796305, 32.776924, 138.3],
            [-96.796305, 32.776924, 138.3],
            [-96.796305, 32.776924, 138.3],
            [-96.796305, 32.776924, 138.3],
            [-96.796304, 32.776926, 138.3],
            [-96.796306, 32.77693, 138.3],
            [-96.796321, 32.776937, 138.3],
            [-96.796339, 32.776939, 138.3],
            [-96.796357, 32.776944, 138.3],
            [-96.796379, 32.776959, 138.3],
            [-96.796399, 32.776964, 138.3],
            [-96.79642, 32.776968, 138.2],
            [-96.79644, 32.776973, 138.2],
            [-96.796491, 32.776982, 138.2],
            [-96.796517, 32.776993, 138.2],
            [-96.796524, 32.776999, 138.2],
            [-96.796532, 32.777004, 138.2],
            [-96.796552, 32.777018, 138.2],
            [-96.796562, 32.777023, 138.2],
            [-96.796572, 32.777028, 138.1],
            [-96.796608, 32.777029, 138.1],
            [-96.796626, 32.777029, 138.1],
            [-96.796626, 32.777029, 138.1],
            [-96.796646, 32.777031, 138.1],
            [-96.796663, 32.777034, 138.1],
            [-96.796678, 32.777037, 138],
            [-96.796712, 32.777035, 138],
            [-96.796731, 32.777033, 138],
            [-96.796731, 32.777033, 138],
            [-96.796748, 32.777029, 138],
            [-96.796785, 32.777018, 138],
            [-96.796802, 32.777013, 138],
            [-96.79682, 32.77701, 138],
            [-96.796859, 32.77701, 138],
            [-96.796868, 32.777006, 137.9],
            [-96.796868, 32.777006, 137.9],
            [-96.796888, 32.777001, 137.9],
            [-96.796896, 32.776999, 137.9],
            [-96.796924, 32.776998, 137.9],
            [-96.796947, 32.776994, 137.9],
            [-96.796964, 32.776994, 137.9],
            [-96.79698, 32.776991, 137.9],
            [-96.796986, 32.776985, 137.9],
            [-96.796982, 32.776982, 137.9],
            [-96.796982, 32.776982, 137.9],
            [-96.796973, 32.776992, 137.9],
            [-96.796969, 32.776993, 137.9],
            [-96.796966, 32.776993, 137.9],
            [-96.796964, 32.776993, 137.9],
            [-96.796963, 32.776993, 137.9],
            [-96.796962, 32.776993, 137.9],
            [-96.796961, 32.776993, 137.9],
            [-96.796961, 32.776993, 137.9],
            [-96.79696, 32.776994, 137.9],
            [-96.796959, 32.776994, 137.9],
            [-96.796959, 32.776993, 137.9],
            [-96.796961, 32.776993, 137.9],
            [-96.796963, 32.776992, 137.9],
            [-96.796975, 32.776997, 137.9],
            [-96.79699, 32.777011, 137.8],
            [-96.797001, 32.777025, 137.8],
            [-96.797017, 32.777037, 137.8],
            [-96.797032, 32.777045, 137.7],
            [-96.797052, 32.777049, 137.7],
            [-96.797089, 32.77705, 137.7],
            [-96.797101, 32.777049, 137.7],
            [-96.797137, 32.777052, 137.7],
            [-96.79715, 32.777053, 137.6],
            [-96.797183, 32.777057, 137.6],
            [-96.797204, 32.77706, 137.6],
            [-96.79722, 32.777064, 137.5],
            [-96.797245, 32.777069, 137.5],
            [-96.797256, 32.777071, 137.5],
            [-96.797266, 32.777073, 137.5],
            [-96.797284, 32.777078, 137.4],
            [-96.797297, 32.777084, 137.4],
            [-96.797315, 32.777091, 137.4],
            [-96.797333, 32.777095, 137.4],
            [-96.797349, 32.777094, 137.4],
            [-96.797366, 32.777085, 137.3],
            [-96.797375, 32.777074, 137.3],
            [-96.797385, 32.777059, 137.3],
            [-96.797398, 32.777043, 137.3],
            [-96.79741, 32.777029, 137.3],
            [-96.797419, 32.777017, 137.3],
            [-96.797428, 32.777004, 137.3],
            [-96.797432, 32.776997, 137.3],
            [-96.797441, 32.776988, 137.4],
            [-96.797448, 32.776979, 137.3],
            [-96.797455, 32.776973, 137.3],
            [-96.797456, 32.776975, 137.3],
            [-96.797456, 32.776976, 137.3],
            [-96.797457, 32.776977, 137.3],
            [-96.797457, 32.776979, 137.3],
            [-96.797458, 32.77698, 137.3],
            [-96.797458, 32.776981, 137.3],
            [-96.797459, 32.776982, 137.3],
            [-96.797459, 32.776984, 137.3],
            [-96.79746, 32.776985, 137.3],
            [-96.79746, 32.776986, 137.3],
            [-96.797461, 32.776988, 137.3],
            [-96.797461, 32.776989, 137.3],
            [-96.797462, 32.77699, 137.3],
            [-96.797462, 32.776992, 137.2],
            [-96.797463, 32.776993, 137.2],
            [-96.797463, 32.776994, 137.2],
            [-96.797464, 32.776995, 137.2],
            [-96.797464, 32.776997, 137.2],
            [-96.797465, 32.776998, 137.2],
            [-96.797465, 32.776999, 137.2],
            [-96.797466, 32.777001, 137.2],
            [-96.797466, 32.777002, 137.2],
            [-96.797467, 32.777003, 137.2],
            [-96.797467, 32.777005, 137.2],
            [-96.797468, 32.777006, 137.2],
            [-96.797468, 32.777007, 137.2],
            [-96.797469, 32.777008, 137.2],
            [-96.797469, 32.77701, 137.2],
            [-96.79747, 32.777011, 137.2],
            [-96.79747, 32.777012, 137.2],
            [-96.797471, 32.777014, 137.2],
            [-96.797471, 32.777015, 137.2],
            [-96.797483, 32.777026, 137.2],
            [-96.797495, 32.77704, 137.1],
            [-96.797506, 32.777067, 137.1],
            [-96.797512, 32.777075, 137.1],
            [-96.797547, 32.777085, 137],
            [-96.797578, 32.7771, 136.9],
            [-96.797586, 32.777105, 136.9],
            [-96.797602, 32.777111, 136.9],
            [-96.79762, 32.777115, 136.8],
            [-96.797652, 32.77712, 136.8],
            [-96.797668, 32.777124, 136.7],
            [-96.797685, 32.777128, 136.7],
            [-96.797705, 32.777131, 136.7],
            [-96.79772, 32.777133, 136.7],
            [-96.79774, 32.777137, 136.6],
            [-96.797759, 32.777142, 136.6],
            [-96.797778, 32.777147, 136.6],
            [-96.797817, 32.777154, 136.5],
            [-96.797851, 32.777161, 136.4],
            [-96.797868, 32.777164, 136.4],
            [-96.797868, 32.777164, 136.4],
            [-96.797886, 32.777167, 136.4],
            [-96.797904, 32.777169, 136.4],
            [-96.797921, 32.77717, 136.3],
            [-96.797939, 32.777172, 136.3],
            [-96.797975, 32.777176, 136.3],
            [-96.797975, 32.777176, 136.3],
            [-96.797991, 32.777179, 136.3],
            [-96.798029, 32.777185, 136.2],
            [-96.798045, 32.777188, 136.2],
            [-96.798062, 32.777191, 136.2],
            [-96.798079, 32.777194, 136.2],
            [-96.798097, 32.777195, 136.1],
            [-96.798135, 32.777195, 136.1],
            [-96.79817, 32.777188, 136.1],
            [-96.798189, 32.777184, 136],
            [-96.798202, 32.777182, 136],
            [-96.798234, 32.777189, 135.9],
            [-96.79825, 32.777195, 135.9],
            [-96.798266, 32.777202, 135.8],
            [-96.798294, 32.777214, 135.9],
            [-96.798307, 32.777219, 135.8],
            [-96.798321, 32.777224, 135.8],
            [-96.798335, 32.777229, 135.8],
            [-96.798347, 32.777231, 135.8],
            [-96.798359, 32.777235, 135.7],
            [-96.798359, 32.777235, 135.7],
            [-96.798373, 32.777237, 135.7],
            [-96.798384, 32.777236, 135.7],
            [-96.798409, 32.77723, 135.7],
            [-96.798409, 32.77723, 135.7],
            [-96.798422, 32.777229, 135.7],
            [-96.798437, 32.77723, 135.7],
            [-96.798463, 32.777228, 135.7],
            [-96.798474, 32.777228, 135.7],
            [-96.798485, 32.777227, 135.7],
            [-96.798523, 32.777223, 135.6],
            [-96.798566, 32.777212, 135.6],
            [-96.798581, 32.77721, 135.6],
            [-96.798596, 32.777208, 135.6],
            [-96.798608, 32.77721, 135.6],
            [-96.798614, 32.777214, 135.6],
            [-96.798614, 32.777213, 135.6],
            [-96.798615, 32.777212, 135.6],
            [-96.798616, 32.777211, 135.6],
            [-96.798617, 32.77721, 135.6],
            [-96.798617, 32.777209, 135.6],
            [-96.798618, 32.777208, 135.6],
            [-96.798619, 32.777207, 135.6],
            [-96.798619, 32.777206, 135.6],
            [-96.79862, 32.777205, 135.6],
            [-96.798621, 32.777204, 135.6],
            [-96.798621, 32.777203, 135.6],
            [-96.798622, 32.777202, 135.6],
            [-96.798623, 32.777201, 135.6],
            [-96.798624, 32.7772, 135.6],
            [-96.798624, 32.777199, 135.6],
            [-96.798625, 32.777199, 135.6],
            [-96.798626, 32.777198, 135.6],
            [-96.798626, 32.777197, 135.6],
            [-96.798627, 32.777196, 135.6],
            [-96.798628, 32.777195, 135.6],
            [-96.798629, 32.777194, 135.6],
            [-96.798629, 32.777193, 135.6],
            [-96.79863, 32.777192, 135.6],
            [-96.798631, 32.777191, 135.6],
            [-96.798631, 32.77719, 135.6],
            [-96.798632, 32.777189, 135.6],
            [-96.798633, 32.777188, 135.6],
            [-96.798633, 32.777187, 135.6],
            [-96.798634, 32.777186, 135.6],
            [-96.798635, 32.777185, 135.6],
            [-96.798636, 32.777184, 135.6],
            [-96.798636, 32.777183, 135.6],
            [-96.798637, 32.777182, 135.6],
            [-96.798652, 32.777178, 135.6],
            [-96.798666, 32.777174, 135.6],
            [-96.798681, 32.77717, 135.5],
            [-96.798704, 32.777164, 135.5],
            [-96.79873, 32.777138, 135.5],
            [-96.798739, 32.777128, 135.5],
            [-96.798738, 32.777113, 135.5],
            [-96.798736, 32.777097, 135.6],
            [-96.79873, 32.777075, 135.6],
            [-96.798726, 32.777066, 135.7],
            [-96.798722, 32.777056, 135.7],
            [-96.798714, 32.777041, 135.8],
            [-96.798698, 32.777012, 135.9],
            [-96.798693, 32.776998, 136],
            [-96.798685, 32.776985, 136],
            [-96.798671, 32.77696, 136.1],
            [-96.798671, 32.77696, 136.1],
            [-96.798664, 32.776945, 136.2],
            [-96.798655, 32.77692, 136.3],
            [-96.798652, 32.776908, 136.4],
            [-96.798653, 32.776896, 136.4],
            [-96.798661, 32.776884, 136.5],
            [-96.798677, 32.776883, 136.5],
            [-96.798693, 32.776878, 136.6],
            [-96.798703, 32.77687, 136.6],
            [-96.798708, 32.776865, 136.6],
            [-96.798711, 32.776859, 136.7],
            [-96.798709, 32.776853, 136.7],
            [-96.798702, 32.776849, 136.7],
            [-96.798697, 32.776851, 136.7],
            [-96.798696, 32.776853, 136.7],
            [-96.798696, 32.77686, 136.7],
            [-96.798696, 32.77686, 136.7],
            [-96.798693, 32.776864, 136.7],
            [-96.798691, 32.776869, 136.8],
            [-96.798687, 32.776874, 136.8],
            [-96.798687, 32.776882, 136.8],
            [-96.798701, 32.776899, 136.8],
            [-96.798721, 32.776909, 136.8],
            [-96.798733, 32.776904, 136.9],
            [-96.798734, 32.776894, 136.9],
            [-96.798731, 32.776887, 136.9],
            [-96.798732, 32.776888, 136.9],
            [-96.798736, 32.776892, 136.9],
            [-96.798742, 32.776896, 136.9],
            [-96.798749, 32.776899, 136.9],
            [-96.798755, 32.776902, 136.9],
            [-96.798759, 32.776903, 136.9],
            [-96.798762, 32.776905, 136.9],
            [-96.798764, 32.776905, 136.9],
            [-96.798767, 32.776906, 136.9],
            [-96.798768, 32.776907, 136.9],
            [-96.79877, 32.776909, 136.9],
            [-96.798771, 32.77691, 136.9],
            [-96.798772, 32.776911, 136.9],
            [-96.798773, 32.77691, 136.9],
            [-96.798773, 32.77691, 136.9],
            [-96.798774, 32.776911, 136.9],
            [-96.798774, 32.776911, 136.9],
            [-96.79879, 32.776918, 136.8],
            [-96.798792, 32.776918, 136.8],
            [-96.798793, 32.776918, 136.8],
            [-96.798793, 32.776917, 136.8],
            [-96.798793, 32.776917, 136.8],
            [-96.798794, 32.776917, 136.8],
            [-96.798794, 32.776916, 136.8],
            [-96.798794, 32.776916, 136.8],
            [-96.798794, 32.776915, 136.8],
            [-96.798794, 32.776914, 136.8],
            [-96.798794, 32.776914, 136.8],
            [-96.798794, 32.776914, 136.8],
            [-96.798795, 32.776914, 136.8],
            [-96.798795, 32.776914, 136.8],
            [-96.798795, 32.776915, 136.8],
            [-96.798795, 32.776915, 136.8],
            [-96.798796, 32.776915, 136.8],
            [-96.798796, 32.776914, 136.8],
            [-96.798796, 32.776913, 136.8],
            [-96.798796, 32.776913, 136.8],
            [-96.798797, 32.776913, 136.8],
            [-96.798797, 32.776912, 136.8],
            [-96.798797, 32.776912, 136.8],
            [-96.798797, 32.776911, 136.8],
            [-96.798797, 32.776911, 136.8],
            [-96.798797, 32.776912, 136.8],
            [-96.798797, 32.776913, 136.8],
            [-96.798795, 32.776915, 136.8],
            [-96.798801, 32.776928, 136.8],
            [-96.798793, 32.77692, 136.8],
            [-96.798796, 32.776918, 136.8],
            [-96.798828, 32.77691, 136.7],
            [-96.798843, 32.776904, 136.7],
            [-96.798859, 32.776899, 136.6],
            [-96.798874, 32.776893, 136.6],
            [-96.798893, 32.776883, 136.5],
            [-96.798911, 32.776874, 136.4],
            [-96.798946, 32.776855, 136.3],
            [-96.798946, 32.776855, 136.3],
            [-96.798963, 32.776844, 136.2],
            [-96.798975, 32.776834, 136.2],
            [-96.798998, 32.776803, 136],
            [-96.799006, 32.776793, 135.9],
            [-96.799015, 32.776784, 135.9],
            [-96.799023, 32.776774, 135.8],
            [-96.799045, 32.77675, 135.6],
            [-96.799052, 32.776742, 135.6],
            [-96.799074, 32.776715, 135.4],
            [-96.799079, 32.776708, 135.4],
            [-96.799089, 32.776696, 135.3],
            [-96.799098, 32.776685, 135.2],
            [-96.799105, 32.776677, 135.2],
            [-96.799116, 32.776672, 135.1],
            [-96.799127, 32.776665, 135.1],
            [-96.799131, 32.776656, 135],
            [-96.799138, 32.776645, 135],
            [-96.79915, 32.776628, 134.9],
            [-96.799159, 32.776621, 134.8],
            [-96.799167, 32.776618, 134.8],
            [-96.799176, 32.776618, 134.8],
            [-96.799191, 32.776614, 134.7],
            [-96.799198, 32.776612, 134.7],
            [-96.799203, 32.776613, 134.6],
            [-96.799208, 32.776616, 134.6],
            [-96.799213, 32.776619, 134.6],
            [-96.799215, 32.776624, 134.6],
            [-96.799215, 32.776626, 134.6],
            [-96.799216, 32.776628, 134.5],
            [-96.799217, 32.776625, 134.5],
            [-96.79922, 32.77662, 134.5],
            [-96.799223, 32.776613, 134.5],
            [-96.799224, 32.776612, 134.5],
            [-96.799225, 32.776611, 134.5],
            [-96.799226, 32.776611, 134.5],
            [-96.799226, 32.776611, 134.5],
            [-96.799227, 32.776611, 134.4],
            [-96.799227, 32.77661, 134.4],
            [-96.799227, 32.77661, 134.4],
            [-96.799228, 32.77661, 134.4],
            [-96.799228, 32.77661, 134.4],
            [-96.799229, 32.77661, 134.4],
            [-96.799229, 32.776612, 134.4],
            [-96.799229, 32.776613, 134.4],
            [-96.799229, 32.776614, 134.4],
            [-96.79923, 32.776615, 134.4],
            [-96.799231, 32.776616, 134.4],
            [-96.799234, 32.776616, 134.4],
            [-96.799235, 32.776617, 134.4],
            [-96.799236, 32.776618, 134.4],
            [-96.799237, 32.776617, 134.4],
            [-96.799238, 32.776618, 134.4],
            [-96.799238, 32.776618, 134.4],
            [-96.799239, 32.776619, 134.4],
            [-96.799239, 32.776621, 134.4],
            [-96.79924, 32.776621, 134.3],
            [-96.799241, 32.776623, 134.3],
            [-96.799239, 32.77662, 134.3],
            [-96.799239, 32.776619, 134.3],
            [-96.799239, 32.776618, 134.3],
            [-96.799241, 32.77662, 134.3],
            [-96.799246, 32.776619, 134.3],
            [-96.799243, 32.776622, 134.3],
            [-96.799245, 32.776623, 134.3],
            [-96.799254, 32.776626, 134.2],
            [-96.799281, 32.776627, 134.1],
            [-96.799317, 32.77661, 133.9],
            [-96.799333, 32.776602, 133.9],
            [-96.799348, 32.776595, 133.8],
            [-96.79937, 32.776593, 133.7],
            [-96.79939, 32.776595, 133.7],
            [-96.799424, 32.776604, 133.5],
            [-96.79943, 32.776605, 133.5],
            [-96.799436, 32.776607, 133.5],
            [-96.799465, 32.776617, 133.4],
            [-96.799478, 32.776623, 133.3],
            [-96.799478, 32.776623, 133.3],
            [-96.799495, 32.776633, 133.3],
            [-96.799495, 32.776633, 133.3],
            [-96.799497, 32.77664, 133.3],
            [-96.799497, 32.776644, 133.2],
            [-96.799497, 32.776648, 133.2],
            [-96.799495, 32.776645, 133.2],
            [-96.799495, 32.776643, 133.2],
            [-96.799495, 32.776641, 133.2],
            [-96.799495, 32.77664, 133.2],
            [-96.799495, 32.77664, 133.2],
            [-96.799494, 32.77664, 133.2],
            [-96.799494, 32.776641, 133.2],
            [-96.799494, 32.776641, 133.2],
            [-96.799493, 32.776641, 133.2],
            [-96.799491, 32.77664, 133.2],
            [-96.799489, 32.776639, 133.2],
            [-96.79948, 32.776638, 133.1],
            [-96.799474, 32.77664, 133.1],
            [-96.799469, 32.776642, 133.1],
            [-96.799468, 32.776643, 133.1],
            [-96.799469, 32.776642, 133.1],
            [-96.799469, 32.776641, 133.1],
            [-96.799469, 32.776639, 133.1],
            [-96.799468, 32.776638, 133.1],
            [-96.799468, 32.776637, 133.1],
            [-96.799469, 32.776637, 133.1],
            [-96.799471, 32.776636, 133.1],
            [-96.799504, 32.776638, 133],
            [-96.79952, 32.776643, 132.9],
            [-96.799539, 32.776648, 132.9],
            [-96.79955, 32.776651, 132.9],
            [-96.799544, 32.776657, 132.8],
            [-96.79955, 32.776664, 132.8],
            [-96.799562, 32.776671, 132.8],
            [-96.799602, 32.776686, 132.7],
            [-96.799633, 32.776695, 132.6],
            [-96.799642, 32.776699, 132.6],
            [-96.799656, 32.776705, 132.6],
            [-96.799666, 32.776714, 132.5],
            [-96.799669, 32.776724, 132.5],
            [-96.799665, 32.776732, 132.5],
            [-96.79966, 32.776732, 132.5],
            [-96.799655, 32.776733, 132.5],
            [-96.799655, 32.776734, 132.5],
            [-96.799658, 32.776733, 132.5],
            [-96.79966, 32.776731, 132.5],
            [-96.799661, 32.776731, 132.5],
            [-96.799663, 32.776731, 132.5],
            [-96.799665, 32.776733, 132.5],
            [-96.799668, 32.776734, 132.5],
            [-96.799676, 32.77674, 132.4],
            [-96.799686, 32.77675, 132.4],
            [-96.799689, 32.776758, 132.4],
            [-96.799688, 32.776765, 132.4],
            [-96.799686, 32.776768, 132.4],
            [-96.799686, 32.776768, 132.4],
            [-96.799689, 32.776766, 132.4],
            [-96.799692, 32.776765, 132.4],
            [-96.799694, 32.776764, 132.4],
            [-96.799696, 32.776765, 132.4],
            [-96.799697, 32.776765, 132.4],
            [-96.799697, 32.776762, 132.3],
            [-96.79969, 32.776756, 132.3],
            [-96.79968, 32.776754, 132.3],
            [-96.799672, 32.776753, 132.3],
            [-96.799667, 32.776755, 132.3],
            [-96.799666, 32.776757, 132.3],
            [-96.799666, 32.776756, 132.3],
            [-96.799669, 32.776754, 132.3],
            [-96.79967, 32.776749, 132.3],
            [-96.799671, 32.776747, 132.3],
            [-96.799672, 32.776746, 132.3],
            [-96.799675, 32.776746, 132.3],
            [-96.799679, 32.776748, 132.3],
            [-96.79969, 32.776755, 132.2],
            [-96.799703, 32.776768, 132.2],
            [-96.799707, 32.776781, 132.2],
            [-96.799722, 32.7768, 132.2],
            [-96.799731, 32.776805, 132.2],
            [-96.79974, 32.776811, 132.2],
            [-96.799753, 32.776819, 132.1],
            [-96.799768, 32.776829, 132.1],
            [-96.799799, 32.776848, 132.1],
            [-96.799799, 32.776848, 132.1],
            [-96.799812, 32.776857, 132.1],
            [-96.799826, 32.776868, 132.1],
            [-96.799843, 32.776875, 132.1],
            [-96.799881, 32.776884, 132.1],
            [-96.799898, 32.776883, 132.1],
            [-96.799915, 32.776881, 132.1],
            [-96.799933, 32.776878, 132.1],
            [-96.799949, 32.776875, 132.1],
            [-96.799967, 32.776873, 132],
            [-96.799986, 32.77687, 132],
            [-96.800029, 32.776865, 131.9],
            [-96.800045, 32.776862, 131.9],
            [-96.800065, 32.776858, 131.8],
            [-96.800078, 32.776855, 131.8],
            [-96.800102, 32.776838, 131.7],
            [-96.80011, 32.776826, 131.6],
            [-96.800123, 32.776806, 131.6],
            [-96.800128, 32.776798, 131.5],
            [-96.800134, 32.776789, 131.5],
            [-96.800151, 32.776774, 131.5],
            [-96.80016, 32.776768, 131.5],
            [-96.800168, 32.776762, 131.6],
            [-96.800176, 32.776771, 131.6],
            [-96.800194, 32.776783, 131.6],
            [-96.800194, 32.776783, 131.6],
            [-96.800213, 32.776778, 131.6],
            [-96.800232, 32.776777, 131.5],
            [-96.800246, 32.776779, 131.5],
            [-96.800258, 32.77678, 131.5],
            [-96.800261, 32.776781, 131.5],
            [-96.800261, 32.77678, 131.5],
            [-96.800257, 32.776778, 131.5],
            [-96.800253, 32.776777, 131.5],
            [-96.800249, 32.776777, 131.5],
            [-96.800245, 32.776778, 131.5],
            [-96.800245, 32.776778, 131.5],
            [-96.800244, 32.776777, 131.5],
            [-96.800244, 32.776777, 131.5],
            [-96.800244, 32.776777, 131.5],
            [-96.800243, 32.776777, 131.5],
            [-96.800243, 32.776776, 131.5],
            [-96.800243, 32.776776, 131.5],
            [-96.800243, 32.776776, 131.5],
            [-96.80024, 32.776775, 131.5],
            [-96.800239, 32.776775, 131.5],
            [-96.800239, 32.776775, 131.5],
            [-96.800239, 32.776775, 131.5],
            [-96.800239, 32.776774, 131.5],
            [-96.800239, 32.776774, 131.5],
            [-96.800239, 32.776774, 131.5],
            [-96.800238, 32.776774, 131.5],
            [-96.80024, 32.776774, 131.5],
            [-96.800251, 32.776776, 131.5],
            [-96.800265, 32.776777, 131.5],
            [-96.800281, 32.776778, 131.5],
            [-96.800298, 32.776777, 131.4],
            [-96.800359, 32.77677, 131.4],
            [-96.800397, 32.776764, 131.3],
            [-96.800436, 32.776759, 131.3],
            [-96.800436, 32.776759, 131.3],
            [-96.800461, 32.776756, 131.2],
            [-96.800474, 32.776753, 131.2],
            [-96.800474, 32.776754, 131.2],
            [-96.800477, 32.776754, 131.2],
            [-96.800479, 32.776754, 131.2],
            [-96.800477, 32.776757, 131.2],
            [-96.800482, 32.776759, 131.2],
            [-96.800485, 32.776758, 131.2],
            [-96.800484, 32.776752, 131.2],
            [-96.800485, 32.77674, 131.2],
            [-96.800475, 32.776717, 131.2],
            [-96.800458, 32.776688, 131.3],
            [-96.800423, 32.776638, 131.4],
            [-96.800421, 32.776631, 131.4],
            [-96.80042, 32.776624, 131.4],
            [-96.800444, 32.776607, 131.4],
            [-96.800463, 32.776602, 131.4],
            [-96.800481, 32.776597, 131.4],
            [-96.800521, 32.776598, 131.5],
            [-96.800544, 32.776608, 131.5],
            [-96.80056, 32.776613, 131.5],
            [-96.800578, 32.776614, 131.5],
            [-96.800593, 32.776613, 131.5],
            [-96.800606, 32.776605, 131.5],
            [-96.800609, 32.77659, 131.7],
            [-96.800607, 32.776564, 131.9],
            [-96.800607, 32.77655, 132],
            [-96.800607, 32.77655, 132],
            [-96.800611, 32.776528, 132.2],
            [-96.800611, 32.776528, 132.2],
            [-96.800613, 32.776517, 132.2],
            [-96.80062, 32.776496, 132.4],
            [-96.800622, 32.776478, 132.6],
            [-96.800625, 32.776469, 132.6],
            [-96.800632, 32.776462, 132.7],
            [-96.800657, 32.776452, 132.9],
            [-96.800678, 32.776444, 133],
            [-96.800684, 32.776441, 133.1],
            [-96.800697, 32.776433, 133.2],
            [-96.800711, 32.776424, 133.3],
            [-96.800738, 32.776405, 133.4],
            [-96.80075, 32.776394, 133.5],
            [-96.800761, 32.776382, 133.5],
            [-96.800772, 32.776369, 133.6],
            [-96.800781, 32.77636, 133.6],
            [-96.800794, 32.77635, 133.6],
            [-96.800809, 32.776349, 133.4],
            [-96.800823, 32.77635, 133.4],
            [-96.80086, 32.776356, 133.3],
            [-96.800865, 32.776357, 133.3],
            [-96.80087, 32.776359, 133.3],
            [-96.800901, 32.776363, 133.1],
            [-96.800915, 32.776362, 133.1],
            [-96.800946, 32.776366, 133],
            [-96.800959, 32.776368, 133],
            [-96.800973, 32.776371, 132.9],
            [-96.800973, 32.776371, 132.9],
            [-96.801002, 32.776372, 132.9],
            [-96.801002, 32.776372, 132.9],
            [-96.801014, 32.776364, 132.8],
            [-96.801034, 32.776367, 132.8],
            [-96.801035, 32.776377, 132.8],
            [-96.801035, 32.776377, 132.8],
            [-96.801037, 32.776386, 132.8],
            [-96.801039, 32.77639, 132.7],
            [-96.801041, 32.776393, 132.7],
            [-96.801041, 32.776393, 132.7],
            [-96.801038, 32.776393, 132.7],
            [-96.801032, 32.776392, 132.7],
            [-96.80103, 32.776393, 132.7],
            [-96.801028, 32.776391, 132.6],
            [-96.801025, 32.776388, 132.6],
            [-96.801022, 32.776382, 132.6],
            [-96.80102, 32.776365, 132.6],
            [-96.801019, 32.776348, 132.6],
            [-96.801017, 32.776333, 132.6],
            [-96.801017, 32.776333, 132.5],
            [-96.80101, 32.776302, 132.5],
            [-96.801022, 32.776276, 132.5],
            [-96.801031, 32.776258, 132.4],
            [-96.801033, 32.77625, 132.4],
            [-96.801035, 32.776246, 132.4],
            [-96.801033, 32.776243, 132.4],
            [-96.801033, 32.776243, 132.3],
            [-96.80103, 32.77624, 132.3],
            [-96.80103, 32.776236, 132.3],
            [-96.801034, 32.776231, 132.2],
            [-96.801034, 32.776231, 132.2],
            [-96.80105, 32.776237, 132.3],
            [-96.801049, 32.776231, 132.2],
            [-96.801028, 32.776207, 132.2],
            [-96.801021, 32.776194, 132],
            [-96.801022, 32.776183, 132],
            [-96.801028, 32.776173, 132],
            [-96.801028, 32.776173, 132],
            [-96.801046, 32.776164, 132],
            [-96.801053, 32.776163, 131.9],
            [-96.801062, 32.776165, 131.8],
            [-96.801064, 32.776169, 131.8],
            [-96.801064, 32.776173, 131.8],
            [-96.801062, 32.776176, 131.8],
            [-96.801061, 32.776176, 131.8],
            [-96.801061, 32.776177, 131.8],
            [-96.801062, 32.776179, 131.8],
            [-96.801063, 32.776181, 131.7],
            [-96.801064, 32.776182, 131.7],
            [-96.801064, 32.776184, 131.7],
            [-96.801064, 32.776185, 131.7],
            [-96.801064, 32.776186, 131.7],
            [-96.801064, 32.776188, 131.7],
            [-96.801063, 32.776189, 131.7],
            [-96.801063, 32.77619, 131.6],
            [-96.801064, 32.776191, 131.6],
            [-96.801065, 32.776192, 131.6],
            [-96.801066, 32.776192, 131.6],
            [-96.801066, 32.776193, 131.6],
            [-96.801073, 32.776195, 131.6],
            [-96.801079, 32.776196, 131.6],
            [-96.801098, 32.776196, 131.5],
            [-96.801109, 32.776195, 131.5],
            [-96.80112, 32.776195, 131.4],
            [-96.801127, 32.776197, 131.4],
            [-96.801132, 32.776201, 131.5],
            [-96.801135, 32.77621, 131.5],
            [-96.801133, 32.776218, 131.5],
            [-96.801133, 32.776223, 131.5],
            [-96.80113, 32.776225, 131.5],
            [-96.801128, 32.776227, 131.5],
            [-96.801127, 32.776225, 131.5],
            [-96.801127, 32.776221, 131.4],
            [-96.801126, 32.776218, 131.4],
            [-96.801126, 32.776215, 131.4],
            [-96.801125, 32.776212, 131.4],
            [-96.801125, 32.776211, 131.4],
            [-96.801125, 32.776209, 131.4],
            [-96.801124, 32.776209, 131.3],
            [-96.801124, 32.776209, 131.3],
            [-96.801123, 32.776209, 131.3],
            [-96.801123, 32.776208, 131.3],
            [-96.801122, 32.776208, 131.3],
            [-96.801121, 32.776206, 131.3],
            [-96.80112, 32.776203, 131.3],
            [-96.801119, 32.7762, 131.2],
            [-96.801113, 32.776193, 131.1],
            [-96.80111, 32.776188, 131.1],
            [-96.801107, 32.776183, 131.1],
            [-96.801105, 32.776178, 131.1],
            [-96.801105, 32.776178, 131],
            [-96.801103, 32.776178, 131],
            [-96.801103, 32.776178, 131],
            [-96.801102, 32.776178, 131],
            [-96.801099, 32.776178, 131],
            [-96.801094, 32.776179, 131],
            [-96.801088, 32.776181, 131],
            [-96.801081, 32.776185, 131],
            [-96.801074, 32.776189, 131],
            [-96.801069, 32.776191, 131],
            [-96.801067, 32.776195, 131],
            [-96.801068, 32.776197, 130.9],
            [-96.801067, 32.776201, 131.1],
            [-96.801068, 32.776205, 131],
            [-96.801068, 32.776206, 131],
            [-96.801069, 32.776207, 131],
            [-96.801069, 32.776207, 131],
            [-96.801071, 32.776208, 131],
            [-96.801072, 32.776208, 131],
            [-96.801077, 32.776208, 130.9],
            [-96.801085, 32.776206, 130.9],
            [-96.8011, 32.776202, 130.9],
            [-96.801117, 32.77619, 130.7],
            [-96.801132, 32.776169, 130.7],
            [-96.801147, 32.776147, 130.6],
            [-96.801169, 32.776115, 130.5],
            [-96.801177, 32.776104, 130.4],
            [-96.801204, 32.776082, 130.4],
            [-96.801213, 32.776077, 130.4],
            [-96.80123, 32.776069, 130.4],
            [-96.801243, 32.776063, 130.4],
            [-96.801262, 32.77605, 130.3],
            [-96.80127, 32.776044, 130.4],
            [-96.801277, 32.776039, 130.3],
            [-96.801284, 32.776021, 130.3],
            [-96.801286, 32.776015, 130.3],
            [-96.801287, 32.776009, 130.2],
            [-96.801288, 32.776003, 130.2],
            [-96.801304, 32.775999, 130.2],
            [-96.801322, 32.776001, 130.2],
            [-96.801337, 32.776008, 130.2],
            [-96.801349, 32.776016, 130.2],
            [-96.801355, 32.776026, 130.3],
            [-96.801358, 32.776036, 130.3],
            [-96.801359, 32.776047, 130.2],
            [-96.801362, 32.776056, 130.3],
            [-96.80136, 32.776059, 130.3],
            [-96.801359, 32.776061, 130.2],
            [-96.801358, 32.776065, 130.2],
            [-96.801358, 32.776067, 130.2],
            [-96.801358, 32.776069, 130.2],
            [-96.80136, 32.776075, 130.2],
            [-96.801377, 32.776106, 130.2],
            [-96.801384, 32.776117, 130.2],
            [-96.801399, 32.77613, 130.2],
            [-96.801412, 32.776137, 130.2],
            [-96.801414, 32.776147, 130.2],
            [-96.801416, 32.776158, 130.2],
            [-96.801419, 32.776168, 130.2],
            [-96.801421, 32.776178, 130.2],
            [-96.801427, 32.776179, 130.2],
            [-96.801426, 32.776178, 130.2],
            [-96.801422, 32.776175, 130.2],
            [-96.801418, 32.776171, 130.1],
            [-96.801416, 32.776167, 130.1],
            [-96.801414, 32.776165, 130.1],
            [-96.801411, 32.776164, 130.1],
            [-96.80141, 32.776163, 130.1],
            [-96.801409, 32.776162, 130.1],
            [-96.801406, 32.776161, 130],
            [-96.801402, 32.776159, 130],
            [-96.801401, 32.776159, 130],
            [-96.8014, 32.776159, 130],
            [-96.801399, 32.776158, 129.9],
            [-96.801398, 32.776159, 129.9],
            [-96.801398, 32.776159, 129.9],
            [-96.801398, 32.776159, 129.9],
            [-96.801397, 32.776159, 129.9],
            [-96.801398, 32.776159, 129.9],
            [-96.801398, 32.776159, 129.9],
            [-96.801397, 32.77616, 129.8],
            [-96.801393, 32.776165, 129.9],
            [-96.801387, 32.776173, 129.9],
            [-96.801381, 32.776183, 129.8],
            [-96.801376, 32.776193, 129.8],
            [-96.801372, 32.776199, 129.9],
            [-96.801368, 32.776203, 129.8],
            [-96.801365, 32.776206, 129.8],
            [-96.801362, 32.776208, 129.8],
            [-96.801362, 32.776208, 129.8],
            [-96.801361, 32.77621, 129.8],
            [-96.80136, 32.776211, 129.8],
            [-96.801358, 32.776212, 129.8],
            [-96.801357, 32.776213, 129.7],
            [-96.801356, 32.776214, 129.7],
            [-96.801356, 32.776215, 129.7],
            [-96.801354, 32.776215, 129.7],
            [-96.801351, 32.776216, 129.7],
            [-96.801353, 32.77622, 129.7],
            [-96.801357, 32.776222, 129.7],
            [-96.801366, 32.776221, 129.6],
            [-96.801378, 32.776216, 129.6],
            [-96.801392, 32.776203, 129.6],
            [-96.801402, 32.776194, 129.6],
            [-96.801414, 32.776187, 129.5],
            [-96.801423, 32.77619, 129.5],
            [-96.801417, 32.776197, 129.5],
            [-96.801411, 32.776202, 129.5],
            [-96.801407, 32.776208, 129.5],
            [-96.801407, 32.776207, 129.5],
            [-96.801408, 32.776205, 129.5],
            [-96.801408, 32.776202, 129.5],
            [-96.801408, 32.776201, 129.5],
            [-96.801408, 32.776201, 129.5],
            [-96.801408, 32.776201, 129.4],
            [-96.801408, 32.776201, 129.4],
            [-96.801408, 32.7762, 129.4],
            [-96.801409, 32.776199, 129.4],
            [-96.80141, 32.776198, 129.4],
            [-96.801411, 32.776197, 129.3],
            [-96.801412, 32.776196, 129.3],
            [-96.801412, 32.776196, 129.3],
            [-96.801411, 32.776196, 129.3],
            [-96.80141, 32.776195, 129.3],
            [-96.801409, 32.776195, 129.2],
            [-96.801406, 32.776194, 129.2],
            [-96.801405, 32.776193, 129.2],
            [-96.801405, 32.776194, 129.2],
            [-96.801404, 32.776194, 129.2],
            [-96.801404, 32.776194, 129.2],
            [-96.801404, 32.776194, 129.2],
            [-96.801404, 32.776194, 129.1],
            [-96.801418, 32.77618, 129.1],
            [-96.801412, 32.776187, 129.1],
            [-96.801421, 32.776183, 129.1],
            [-96.801437, 32.776176, 129.1],
            [-96.801471, 32.776165, 129.1],
            [-96.801484, 32.776161, 129],
            [-96.801534, 32.776158, 129],
            [-96.801549, 32.776167, 129],
            [-96.801555, 32.776163, 129],
            [-96.801561, 32.77616, 128.9],
            [-96.801566, 32.77616, 128.9],
            [-96.801576, 32.776161, 128.9],
            [-96.801586, 32.776165, 128.9],
            [-96.801594, 32.776169, 128.9],
            [-96.801604, 32.776175, 128.9],
            [-96.801614, 32.776181, 128.8],
            [-96.801621, 32.776188, 128.8],
            [-96.801622, 32.776197, 128.8],
            [-96.801616, 32.776204, 128.8],
            [-96.80162, 32.776209, 128.8],
            [-96.801628, 32.776212, 128.8],
            [-96.801635, 32.776215, 128.8],
            [-96.801642, 32.776217, 128.8],
            [-96.801649, 32.77622, 128.8],
            [-96.801657, 32.776223, 128.7],
            [-96.801664, 32.776226, 128.7],
            [-96.801676, 32.776238, 128.7],
            [-96.801689, 32.776249, 128.7],
            [-96.801705, 32.776259, 128.7],
            [-96.801718, 32.776272, 128.7],
            [-96.801728, 32.776287, 128.7],
            [-96.801735, 32.776303, 128.7],
            [-96.801735, 32.776303, 128.7],
            [-96.801754, 32.776333, 128.7],
            [-96.801761, 32.776346, 128.8],
            [-96.801767, 32.776358, 128.8],
            [-96.801788, 32.776371, 128.7],
            [-96.801798, 32.776377, 128.7],
            [-96.801807, 32.776382, 128.8],
            [-96.801822, 32.776392, 128.8],
            [-96.801836, 32.776401, 128.7],
            [-96.801849, 32.77641, 128.7],
            [-96.80186, 32.776421, 128.8],
            [-96.801857, 32.776442, 128.8],
            [-96.801858, 32.776451, 128.8],
            [-96.801858, 32.776459, 128.8],
            [-96.801864, 32.77648, 128.8],
            [-96.801867, 32.776489, 128.8],
            [-96.801869, 32.776498, 128.8],
            [-96.801872, 32.776507, 128.8],
            [-96.801876, 32.776527, 128.8],
            [-96.801878, 32.776534, 128.8],
            [-96.801883, 32.776547, 128.8],
            [-96.801888, 32.776562, 128.8],
            [-96.801888, 32.776583, 128.8],
            [-96.801885, 32.776591, 128.8],
            [-96.801882, 32.776599, 128.8],
            [-96.801884, 32.776609, 128.8],
            [-96.801884, 32.776609, 128.8],
            [-96.801896, 32.776629, 128.8],
            [-96.801896, 32.776629, 128.8],
            [-96.801905, 32.776649, 128.8],
            [-96.801913, 32.776657, 128.8],
            [-96.801923, 32.776661, 128.8],
            [-96.80192, 32.776654, 128.8],
            [-96.801913, 32.776646, 128.8],
            [-96.801908, 32.776636, 128.8],
            [-96.801906, 32.776633, 128.8],
            [-96.801905, 32.776629, 128.8],
            [-96.801905, 32.776626, 128.8],
            [-96.801905, 32.776624, 128.8],
            [-96.801905, 32.776623, 128.8],
            [-96.801904, 32.776622, 128.8],
            [-96.801904, 32.776621, 128.8],
            [-96.801905, 32.77662, 128.8],
            [-96.801905, 32.776619, 128.8],
            [-96.801904, 32.776619, 128.8],
            [-96.801903, 32.776618, 128.8],
            [-96.801903, 32.776618, 128.8],
            [-96.801902, 32.776618, 128.8],
            [-96.8019, 32.776618, 128.8],
            [-96.8019, 32.776618, 128.8],
            [-96.801899, 32.776618, 128.8],
            [-96.801899, 32.776617, 128.8],
            [-96.8019, 32.776617, 128.8],
            [-96.8019, 32.776617, 128.8],
            [-96.8019, 32.776617, 128.8],
            [-96.8019, 32.776616, 128.8],
            [-96.801901, 32.776615, 128.8],
            [-96.801901, 32.776615, 128.8],
            [-96.8019, 32.776614, 128.8],
            [-96.801901, 32.776613, 128.8],
            [-96.801903, 32.776612, 128.8],
            [-96.801904, 32.776612, 128.8],
            [-96.801904, 32.776611, 128.8],
            [-96.801905, 32.776611, 128.8],
            [-96.801905, 32.77661, 128.8],
            [-96.801905, 32.77661, 128.8],
            [-96.801905, 32.776609, 128.8],
            [-96.801906, 32.776609, 128.8],
            [-96.801906, 32.776609, 128.8],
            [-96.801909, 32.776612, 128.8],
            [-96.801914, 32.776614, 128.7],
            [-96.801924, 32.776618, 128.7],
            [-96.801934, 32.776622, 128.7],
            [-96.801937, 32.776633, 128.7],
            [-96.801932, 32.776656, 128.7],
            [-96.801927, 32.776667, 128.7],
            [-96.801926, 32.776671, 128.7],
            [-96.801923, 32.776674, 128.7],
            [-96.801922, 32.776675, 128.7],
            [-96.801923, 32.776676, 128.7],
            [-96.801923, 32.776677, 128.7],
            [-96.801921, 32.776677, 128.7],
            [-96.801921, 32.776677, 128.7],
            [-96.801921, 32.776677, 128.7],
            [-96.80192, 32.776678, 128.7],
            [-96.801919, 32.776678, 128.7],
            [-96.801917, 32.776679, 128.7],
            [-96.801914, 32.776682, 128.7],
            [-96.801915, 32.776686, 128.7],
            [-96.801917, 32.776691, 128.7],
            [-96.80192, 32.776692, 128.7],
            [-96.801949, 32.776691, 128.7],
            [-96.801949, 32.776691, 128.7],
            [-96.801966, 32.776689, 128.7],
            [-96.80198, 32.776688, 128.7],
            [-96.801991, 32.776685, 128.7],
            [-96.801998, 32.776684, 128.7],
            [-96.801999, 32.776683, 128.7],
            [-96.802, 32.776683, 128.7],
            [-96.802001, 32.776683, 128.7],
            [-96.802002, 32.776682, 128.7],
            [-96.802003, 32.776682, 128.7],
            [-96.802004, 32.776682, 128.7],
            [-96.802005, 32.776682, 128.7],
            [-96.802006, 32.776681, 128.7],
            [-96.802007, 32.776681, 128.7],
            [-96.802008, 32.776681, 128.7],
            [-96.802009, 32.77668, 128.7],
            [-96.80201, 32.77668, 128.7],
            [-96.802011, 32.77668, 128.7],
            [-96.802012, 32.776679, 128.7],
            [-96.802013, 32.776679, 128.7],
            [-96.802014, 32.776679, 128.7],
            [-96.802015, 32.776679, 128.7],
            [-96.802016, 32.776678, 128.7],
            [-96.802017, 32.776678, 128.7],
            [-96.802018, 32.776678, 128.7],
            [-96.802019, 32.776677, 128.7],
            [-96.80202, 32.776677, 128.7],
            [-96.802021, 32.776677, 128.6],
            [-96.802022, 32.776676, 128.6],
            [-96.802023, 32.776676, 128.6],
            [-96.802024, 32.776676, 128.6],
            [-96.802025, 32.776675, 128.6],
            [-96.802026, 32.776675, 128.6],
            [-96.802027, 32.776675, 128.6],
            [-96.802028, 32.776675, 128.6],
            [-96.802029, 32.776674, 128.6],
            [-96.80203, 32.776674, 128.6],
            [-96.802031, 32.776674, 128.6],
            [-96.802032, 32.776673, 128.6],
            [-96.802033, 32.776673, 128.6],
            [-96.802034, 32.776673, 128.6],
            [-96.802035, 32.776672, 128.6],
            [-96.802036, 32.776672, 128.6],
            [-96.802037, 32.776672, 128.6],
            [-96.802038, 32.776672, 128.6],
            [-96.802039, 32.776671, 128.6],
            [-96.80204, 32.776671, 128.6],
            [-96.802041, 32.776671, 128.6],
            [-96.802042, 32.77667, 128.6],
            [-96.802043, 32.77667, 128.6],
            [-96.802087, 32.776667, 128.6],
            [-96.802101, 32.776665, 128.6],
            [-96.802138, 32.776659, 128.6],
            [-96.80216, 32.776652, 128.6],
            [-96.802178, 32.776646, 128.6],
            [-96.802195, 32.776643, 128.5],
            [-96.802213, 32.77664, 128.5],
            [-96.802228, 32.776631, 128.5],
            [-96.802245, 32.776627, 128.5],
            [-96.802267, 32.776623, 128.5],
            [-96.802285, 32.776621, 128.5],
            [-96.802306, 32.776621, 128.5],
            [-96.802327, 32.776622, 128.5],
            [-96.802345, 32.776625, 128.5],
            [-96.802361, 32.776627, 128.5],
            [-96.802387, 32.77663, 128.5],
            [-96.802397, 32.77663, 128.5],
            [-96.802406, 32.77663, 128.6],
            [-96.802422, 32.776628, 128.6],
            [-96.802438, 32.776626, 128.6],
            [-96.802465, 32.776623, 128.6],
            [-96.802474, 32.776623, 128.6],
            [-96.802484, 32.776622, 128.6],
            [-96.8025, 32.776621, 128.6],
            [-96.802524, 32.776615, 128.6],
            [-96.802541, 32.776613, 128.6],
            [-96.802557, 32.776611, 128.6],
            [-96.802575, 32.776609, 128.6],
            [-96.802592, 32.776609, 128.6],
            [-96.80261, 32.776607, 128.6],
            [-96.802628, 32.776604, 128.6],
            [-96.802644, 32.7766, 128.6],
            [-96.802661, 32.776594, 128.6],
            [-96.802677, 32.776589, 128.6],
            [-96.802677, 32.776589, 128.6],
            [-96.802712, 32.776583, 128.6],
            [-96.802712, 32.776583, 128.6],
            [-96.802741, 32.776587, 128.6],
            [-96.802767, 32.776588, 128.6],
            [-96.802777, 32.776587, 128.6],
            [-96.802798, 32.776585, 128.6],
            [-96.802817, 32.776583, 128.7],
            [-96.802833, 32.776579, 128.7],
            [-96.802853, 32.776578, 128.7],
            [-96.802874, 32.776576, 128.7],
            [-96.802896, 32.776573, 128.7],
            [-96.802917, 32.776569, 128.7],
            [-96.802937, 32.776566, 128.7],
            [-96.802956, 32.776564, 128.7],
            [-96.802972, 32.776564, 128.8],
            [-96.802998, 32.776562, 128.8],
            [-96.803007, 32.776562, 128.8],
            [-96.803017, 32.776562, 128.8],
            [-96.803042, 32.776563, 128.8],
            [-96.803053, 32.776562, 128.8],
            [-96.803063, 32.776562, 128.8],
            [-96.803084, 32.776563, 128.8],
            [-96.803103, 32.776566, 128.8],
            [-96.803124, 32.776569, 128.9],
            [-96.803143, 32.776569, 128.9],
            [-96.803163, 32.776569, 128.9],
            [-96.803184, 32.776567, 128.9],
            [-96.803184, 32.776567, 128.9],
            [-96.803221, 32.77656, 128.9],
            [-96.80324, 32.776555, 128.9],
            [-96.803257, 32.776552, 128.9],
            [-96.803276, 32.776547, 129],
            [-96.803293, 32.776543, 129],
            [-96.803309, 32.776539, 129],
            [-96.803327, 32.776534, 129],
            [-96.80335, 32.776527, 129],
            [-96.803361, 32.776523, 129],
            [-96.803372, 32.77652, 129.1],
            [-96.803404, 32.776514, 129.1],
            [-96.803415, 32.776511, 129.1],
            [-96.803454, 32.776502, 129.1],
            [-96.803471, 32.776497, 129.1],
            [-96.803488, 32.77649, 129.1],
            [-96.803501, 32.776483, 129.1],
            [-96.803512, 32.776477, 129.2],
            [-96.803521, 32.776475, 129.2],
            [-96.803521, 32.776475, 129.2],
            [-96.803544, 32.776475, 129.1],
            [-96.803562, 32.776471, 129.1],
            [-96.803579, 32.776468, 129.1],
            [-96.803596, 32.776469, 129.1],
            [-96.80362, 32.776465, 129.2],
            [-96.80363, 32.776462, 129.2],
            [-96.803639, 32.77646, 129.2],
            [-96.803663, 32.776452, 129.2],
            [-96.803672, 32.77645, 129.2],
            [-96.803681, 32.776447, 129.2],
            [-96.803696, 32.776443, 129.2],
            [-96.803696, 32.776443, 129.2],
            [-96.803712, 32.776439, 129.2],
            [-96.803734, 32.776433, 129.3],
            [-96.803751, 32.776434, 129.3],
            [-96.803768, 32.776444, 129.3],
            [-96.80377, 32.776443, 129.3],
            [-96.803771, 32.776443, 129.3],
            [-96.803772, 32.776442, 129.3],
            [-96.803774, 32.776442, 129.3],
            [-96.803775, 32.776441, 129.3],
            [-96.803777, 32.776441, 129.3],
            [-96.803778, 32.77644, 129.3],
            [-96.803779, 32.77644, 129.3],
            [-96.803781, 32.776439, 129.3],
            [-96.803782, 32.776439, 129.3],
            [-96.803783, 32.776439, 129.3],
            [-96.803785, 32.776438, 129.3],
            [-96.803786, 32.776438, 129.3],
            [-96.803787, 32.776437, 129.3],
            [-96.803789, 32.776437, 129.3],
            [-96.80379, 32.776436, 129.3],
            [-96.803792, 32.776436, 129.3],
            [-96.803793, 32.776435, 129.3],
            [-96.803794, 32.776435, 129.3],
            [-96.803796, 32.776434, 129.3],
            [-96.803797, 32.776434, 129.3],
            [-96.803839, 32.776426, 129.3],
            [-96.803871, 32.776421, 129.4],
            [-96.803881, 32.776418, 129.4],
            [-96.803919, 32.776407, 129.4],
            [-96.80393, 32.776402, 129.4],
            [-96.803959, 32.776387, 129.4],
            [-96.80397, 32.776384, 129.4],
            [-96.803984, 32.776382, 129.4],
            [-96.803979, 32.776382, 129.4],
            [-96.803979, 32.776382, 129.4],
            [-96.803973, 32.776381, 129.4],
            [-96.803973, 32.776381, 129.4],
            [-96.803973, 32.776378, 129.4],
            [-96.803974, 32.776377, 129.4],
            [-96.803976, 32.776377, 129.4],
            [-96.803979, 32.776379, 129.4],
            [-96.803981, 32.77638, 129.4],
            [-96.803982, 32.776382, 129.4],
            [-96.803983, 32.776382, 129.4],
            [-96.803987, 32.776385, 129.4],
            [-96.80399, 32.776386, 129.4],
            [-96.80399, 32.776386, 129.4],
            [-96.803993, 32.776386, 129.4],
            [-96.803995, 32.776387, 129.4],
            [-96.803997, 32.776386, 129.4],
            [-96.803999, 32.776385, 129.4],
            [-96.804, 32.776385, 129.4],
            [-96.804002, 32.776384, 129.4],
            [-96.804003, 32.776384, 129.4],
            [-96.804003, 32.776384, 129.4],
            [-96.804003, 32.776384, 129.4],
            [-96.804003, 32.776383, 129.4],
            [-96.804005, 32.776384, 129.4],
            [-96.804006, 32.776385, 129.4],
            [-96.804006, 32.776385, 129.4],
            [-96.804007, 32.776385, 129.4],
            [-96.804007, 32.776385, 129.4],
            [-96.804007, 32.776385, 129.4],
            [-96.804007, 32.776385, 129.4],
            [-96.804007, 32.776385, 129.4],
            [-96.804007, 32.776384, 129.4],
            [-96.804007, 32.776384, 129.4],
            [-96.804007, 32.776384, 129.4],
            [-96.804007, 32.776384, 129.4],
            [-96.804007, 32.776384, 129.4],
            [-96.804007, 32.776383, 129.4],
            [-96.804007, 32.776383, 129.4],
            [-96.804007, 32.776383, 129.4],
            [-96.804007, 32.776383, 129.4],
            [-96.804006, 32.776383, 129.4],
            [-96.804006, 32.776383, 129.4],
            [-96.804006, 32.776382, 129.4],
            [-96.804006, 32.776382, 129.4],
            [-96.804006, 32.776382, 129.4],
            [-96.804006, 32.776382, 129.4],
            [-96.804006, 32.776382, 129.4],
            [-96.804006, 32.776382, 129.4],
            [-96.804006, 32.776382, 129.4],
            [-96.804006, 32.776382, 129.4],
            [-96.804006, 32.776382, 129.4],
            [-96.804006, 32.776382, 129.4],
            [-96.804006, 32.776382, 129.4],
            [-96.804006, 32.776382, 129.4],
            [-96.804006, 32.776382, 129.4],
            [-96.804006, 32.776382, 129.4],
            [-96.804006, 32.776382, 129.4],
            [-96.804006, 32.776381, 129.4],
            [-96.804006, 32.776381, 129.4],
            [-96.804006, 32.776381, 129.4],
            [-96.804006, 32.776381, 129.4],
            [-96.804006, 32.776381, 129.4],
            [-96.804006, 32.776381, 129.4],
            [-96.804006, 32.77638, 129.4],
            [-96.804006, 32.77638, 129.4],
            [-96.804006, 32.77638, 129.4],
            [-96.804006, 32.77638, 129.4],
            [-96.804006, 32.77638, 129.4],
            [-96.804006, 32.77638, 129.4],
            [-96.804006, 32.77638, 129.4],
            [-96.804006, 32.77638, 129.4],
            [-96.804006, 32.77638, 129.4],
            [-96.804006, 32.77638, 129.4],
            [-96.804006, 32.77638, 129.4],
            [-96.804006, 32.77638, 129.4],
            [-96.804007, 32.77638, 129.4],
            [-96.804007, 32.77638, 129.4],
            [-96.804007, 32.77638, 129.4],
            [-96.804007, 32.77638, 129.4],
            [-96.804007, 32.77638, 129.4],
            [-96.804007, 32.77638, 129.4],
            [-96.804006, 32.77638, 129.4],
            [-96.804006, 32.77638, 129.4],
            [-96.804006, 32.77638, 129.4],
            [-96.804006, 32.77638, 129.4],
            [-96.804006, 32.77638, 129.4],
            [-96.804006, 32.77638, 129.4],
            [-96.804005, 32.77638, 129.4],
            [-96.804005, 32.77638, 129.4],
            [-96.804005, 32.77638, 129.4],
            [-96.804005, 32.77638, 129.4],
            [-96.804005, 32.77638, 129.4],
            [-96.804005, 32.77638, 129.4],
            [-96.804005, 32.77638, 129.4],
            [-96.804005, 32.77638, 129.4],
            [-96.804005, 32.77638, 129.4],
            [-96.804004, 32.77638, 129.4],
            [-96.804004, 32.77638, 129.4],
            [-96.804004, 32.77638, 129.4],
            [-96.804004, 32.77638, 129.4],
            [-96.804004, 32.77638, 129.4],
            [-96.804003, 32.776381, 129.4],
            [-96.804003, 32.776381, 129.4],
            [-96.804004, 32.776381, 129.4],
            [-96.804004, 32.776381, 129.4],
            [-96.804004, 32.776381, 129.4],
            [-96.804004, 32.776381, 129.4],
            [-96.804004, 32.776381, 129.4],
            [-96.804004, 32.776381, 129.4],
            [-96.804004, 32.776381, 129.4],
            [-96.804004, 32.776381, 129.4],
            [-96.804004, 32.77638, 129.4],
            [-96.804004, 32.77638, 129.4],
            [-96.804004, 32.77638, 129.4],
            [-96.804004, 32.77638, 129.4],
            [-96.804004, 32.77638, 129.4],
            [-96.804004, 32.77638, 129.4],
            [-96.804004, 32.77638, 129.4],
            [-96.804004, 32.77638, 129.4],
            [-96.804004, 32.77638, 129.4],
            [-96.804004, 32.77638, 129.4],
            [-96.804004, 32.77638, 129.4],
            [-96.804004, 32.77638, 129.4],
            [-96.804004, 32.77638, 129.4],
            [-96.804004, 32.77638, 129.4],
            [-96.804004, 32.77638, 129.4],
            [-96.804004, 32.77638, 129.4],
            [-96.804004, 32.776379, 129.4],
            [-96.804004, 32.776379, 129.4],
            [-96.804005, 32.776379, 129.4],
            [-96.804005, 32.776379, 129.4],
            [-96.804004, 32.77638, 129.4],
            [-96.804004, 32.77638, 129.4],
            [-96.804004, 32.77638, 129.4],
            [-96.804004, 32.77638, 129.4],
            [-96.804004, 32.77638, 129.4],
            [-96.804004, 32.77638, 129.4],
            [-96.804004, 32.776379, 129.4],
            [-96.804004, 32.776379, 129.4],
            [-96.804004, 32.776379, 129.4],
            [-96.804004, 32.776379, 129.4],
            [-96.804004, 32.776379, 129.4],
            [-96.804004, 32.776379, 129.4],
            [-96.804004, 32.776378, 129.4],
            [-96.804004, 32.776378, 129.4],
            [-96.804004, 32.776378, 129.4],
            [-96.804005, 32.776378, 129.4],
            [-96.804005, 32.776377, 129.4],
            [-96.804005, 32.776377, 129.4],
            [-96.804005, 32.776377, 129.4],
            [-96.804005, 32.776377, 129.4],
            [-96.804005, 32.776377, 129.4],
            [-96.804005, 32.776377, 129.4],
            [-96.804005, 32.776376, 129.4],
            [-96.804005, 32.776376, 129.4],
            [-96.804005, 32.776376, 129.4],
            [-96.804005, 32.776376, 129.4],
            [-96.804005, 32.776376, 129.4],
            [-96.804005, 32.776376, 129.4],
            [-96.804005, 32.776375, 129.4],
            [-96.804005, 32.776375, 129.4],
            [-96.804005, 32.776375, 129.4],
            [-96.804005, 32.776376, 129.4],
            [-96.804005, 32.776375, 129.4],
            [-96.804005, 32.776375, 129.4],
            [-96.804005, 32.776375, 129.4],
            [-96.804005, 32.776375, 129.4],
            [-96.804005, 32.776375, 129.4],
            [-96.804005, 32.776375, 129.4],
            [-96.804005, 32.776375, 129.4],
            [-96.804005, 32.776375, 129.4],
            [-96.804005, 32.776376, 129.4],
            [-96.804005, 32.776376, 129.4],
            [-96.804005, 32.776376, 129.4],
            [-96.804005, 32.776375, 129.4],
            [-96.804005, 32.776375, 129.4],
            [-96.804005, 32.776375, 129.4],
            [-96.804005, 32.776375, 129.4],
            [-96.804005, 32.776375, 129.4],
            [-96.804005, 32.776374, 129.4],
            [-96.804005, 32.776374, 129.4],
            [-96.804005, 32.776374, 129.4],
            [-96.804005, 32.776374, 129.4],
            [-96.804006, 32.776374, 129.4],
            [-96.804006, 32.776374, 129.4],
            [-96.804006, 32.776374, 129.4],
            [-96.804006, 32.776374, 129.4],
            [-96.804006, 32.776374, 129.4],
            [-96.804006, 32.776374, 129.4],
            [-96.804006, 32.776374, 129.4],
            [-96.804006, 32.776374, 129.4],
            [-96.804006, 32.776374, 129.4],
            [-96.804006, 32.776374, 129.4],
            [-96.804006, 32.776374, 129.4],
            [-96.804005, 32.776374, 129.4],
            [-96.804005, 32.776374, 129.4],
            [-96.804005, 32.776374, 129.4],
            [-96.804005, 32.776374, 129.4],
            [-96.804005, 32.776373, 129.4],
            [-96.804005, 32.776374, 129.4],
            [-96.804005, 32.776373, 129.4],
            [-96.804006, 32.776373, 129.4],
            [-96.804006, 32.776373, 129.4],
            [-96.804006, 32.776373, 129.4],
            [-96.804006, 32.776373, 129.4],
            [-96.804006, 32.776373, 129.4],
            [-96.804006, 32.776372, 129.4],
            [-96.804006, 32.776372, 129.4],
            [-96.804006, 32.776372, 129.4],
            [-96.804006, 32.776372, 129.4],
            [-96.804006, 32.776372, 129.4],
            [-96.804006, 32.776372, 129.4],
            [-96.804005, 32.776371, 129.4],
            [-96.804005, 32.776371, 129.4],
            [-96.804005, 32.776371, 129.4],
            [-96.804005, 32.776372, 129.4],
            [-96.804005, 32.776372, 129.4],
            [-96.804005, 32.776372, 129.4],
            [-96.804005, 32.776372, 129.4],
            [-96.804005, 32.776373, 129.4],
            [-96.804005, 32.776374, 129.4],
            [-96.804005, 32.776374, 129.4],
            [-96.804005, 32.776374, 129.4],
            [-96.804005, 32.776374, 129.4],
            [-96.804006, 32.776374, 129.4],
            [-96.804006, 32.776374, 129.4],
            [-96.804005, 32.776374, 129.4],
            [-96.804005, 32.776376, 129.4],
            [-96.804003, 32.776377, 129.4],
            [-96.804005, 32.776376, 129.4],
            [-96.803998, 32.776374, 129.4],
            [-96.803991, 32.776373, 129.4],
            [-96.803985, 32.776374, 129.4],
            [-96.803989, 32.776376, 129.4],
            [-96.803989, 32.776376, 129.4],
            [-96.80399, 32.776377, 129.4],
            [-96.80399, 32.776377, 129.4],
            [-96.80399, 32.776377, 129.4],
            [-96.80399, 32.776377, 129.4],
            [-96.80399, 32.776377, 129.4],
            [-96.80399, 32.776377, 129.4],
            [-96.80399, 32.776377, 129.4],
            [-96.80399, 32.776377, 129.4],
            [-96.803989, 32.776377, 129.4],
            [-96.80399, 32.776378, 129.5],
            [-96.803989, 32.776378, 129.5],
            [-96.803989, 32.776378, 129.5],
            [-96.803989, 32.776378, 129.5],
            [-96.803989, 32.776378, 129.5],
            [-96.803989, 32.776378, 129.5],
            [-96.803989, 32.776378, 129.5],
            [-96.803989, 32.776378, 129.5],
            [-96.803989, 32.776378, 129.5],
            [-96.80399, 32.776378, 129.5],
            [-96.80399, 32.776378, 129.5],
            [-96.803989, 32.776378, 129.5],
            [-96.803987, 32.776379, 129.5],
            [-96.803988, 32.776379, 129.5],
            [-96.803987, 32.776378, 129.5],
            [-96.803987, 32.776378, 129.5],
            [-96.803986, 32.776378, 129.5],
            [-96.803986, 32.776378, 129.5],
            [-96.803986, 32.776378, 129.5],
            [-96.803986, 32.776378, 129.5],
            [-96.803985, 32.776378, 129.5],
            [-96.803985, 32.776378, 129.5],
            [-96.803985, 32.776378, 129.5],
            [-96.803985, 32.776378, 129.5],
            [-96.803984, 32.776379, 129.5],
            [-96.803984, 32.776379, 129.5],
            [-96.803984, 32.776378, 129.5],
            [-96.803984, 32.776379, 129.5],
            [-96.803985, 32.776379, 129.5],
            [-96.803985, 32.776379, 129.5],
            [-96.803985, 32.776379, 129.5],
            [-96.803985, 32.776379, 129.5],
            [-96.803985, 32.776379, 129.5],
            [-96.803984, 32.776379, 129.5],
            [-96.803985, 32.776379, 129.5],
            [-96.803985, 32.776379, 129.5],
            [-96.803985, 32.776379, 129.5],
            [-96.803984, 32.776379, 129.5],
            [-96.803982, 32.776379, 129.5],
            [-96.803983, 32.776379, 129.5],
            [-96.803983, 32.776379, 129.5],
            [-96.803984, 32.776379, 129.5],
            [-96.803983, 32.776379, 129.5],
            [-96.803984, 32.776379, 129.5],
            [-96.803986, 32.77638, 129.5],
            [-96.803987, 32.77638, 129.5],
            [-96.803988, 32.77638, 129.5],
            [-96.803989, 32.77638, 129.5],
            [-96.803989, 32.77638, 129.5],
            [-96.803989, 32.776379, 129.5],
            [-96.80399, 32.77638, 129.5],
            [-96.80399, 32.77638, 129.5],
            [-96.80399, 32.77638, 129.5],
            [-96.803991, 32.77638, 129.5],
            [-96.803991, 32.77638, 129.5],
            [-96.803991, 32.77638, 129.5],
            [-96.803991, 32.77638, 129.5],
            [-96.803992, 32.77638, 129.5],
            [-96.803992, 32.776379, 129.5],
            [-96.803992, 32.776379, 129.5],
            [-96.803992, 32.776379, 129.5],
            [-96.803995, 32.776384, 129.5],
            [-96.803998, 32.776386, 129.5],
            [-96.804001, 32.776387, 129.5],
            [-96.803999, 32.776386, 129.5],
            [-96.803999, 32.776386, 129.5],
            [-96.803999, 32.776386, 129.5],
            [-96.803999, 32.776386, 129.5],
            [-96.803999, 32.776386, 129.5],
            [-96.803999, 32.776386, 129.5],
            [-96.804, 32.776387, 129.5],
            [-96.804, 32.776387, 129.5],
            [-96.804, 32.776387, 129.5],
            [-96.804, 32.776387, 129.5],
            [-96.804, 32.776388, 129.5],
            [-96.804001, 32.776388, 129.5],
            [-96.804001, 32.776388, 129.5],
            [-96.804001, 32.776388, 129.5],
            [-96.804001, 32.776388, 129.5],
            [-96.804002, 32.776388, 129.5],
            [-96.804002, 32.776389, 129.5],
            [-96.804002, 32.776389, 129.5],
            [-96.804002, 32.776389, 129.5],
            [-96.804003, 32.776389, 129.5],
            [-96.804006, 32.776389, 129.5],
            [-96.804018, 32.77639, 129.5],
            [-96.804034, 32.776389, 129.5],
            [-96.804067, 32.776394, 129.5],
            [-96.804075, 32.77639, 129.5],
            [-96.804082, 32.776386, 129.5],
            [-96.80409, 32.776383, 129.5],
            [-96.804097, 32.776379, 129.5],
            [-96.804105, 32.776375, 129.5],
            [-96.804155, 32.776363, 129.5],
            [-96.804171, 32.77636, 129.5],
            [-96.804187, 32.776358, 129.6],
            [-96.804203, 32.776355, 129.6],
            [-96.804237, 32.77635, 129.6],
            [-96.804247, 32.776349, 129.6],
            [-96.804264, 32.776352, 129.6],
            [-96.804277, 32.776355, 129.6],
            [-96.804289, 32.776359, 129.6],
            [-96.804302, 32.776362, 129.6],
            [-96.804337, 32.776368, 129.6],
            [-96.804346, 32.776368, 129.6],
            [-96.804363, 32.776366, 129.7],
            [-96.804381, 32.776364, 129.7],
            [-96.804411, 32.776368, 129.7],
            [-96.804424, 32.776371, 129.7],
            [-96.804447, 32.776366, 129.7],
            [-96.804455, 32.77637, 129.7],
            [-96.804455, 32.77637, 129.7],
            [-96.804464, 32.776379, 129.7],
            [-96.804473, 32.77639, 129.7],
            [-96.804482, 32.776402, 129.7],
            [-96.804498, 32.776424, 129.6],
            [-96.804504, 32.776436, 129.6],
            [-96.80451, 32.776447, 129.6],
            [-96.804543, 32.776453, 129.6],
            [-96.804548, 32.776451, 129.6],
            [-96.804554, 32.77645, 129.6],
            [-96.804571, 32.776445, 129.6],
            [-96.804589, 32.776439, 129.6],
            [-96.804632, 32.776422, 129.7],
            [-96.804667, 32.776418, 129.7],
            [-96.804686, 32.77641, 129.7],
            [-96.804699, 32.776403, 129.8],
            [-96.804706, 32.776402, 129.8],
            [-96.804718, 32.776401, 129.8],
            [-96.80473, 32.776402, 129.8],
            [-96.804735, 32.776412, 129.8],
            [-96.804724, 32.776431, 129.8],
            [-96.804726, 32.776448, 129.8],
            [-96.804727, 32.776459, 129.8],
            [-96.804728, 32.776473, 129.8],
            [-96.804729, 32.776489, 129.8],
            [-96.804732, 32.776505, 129.8],
            [-96.804733, 32.77652, 129.8],
            [-96.80473, 32.776539, 129.8],
            [-96.804729, 32.776552, 129.8],
            [-96.804727, 32.776568, 129.9],
            [-96.804728, 32.776582, 129.9],
            [-96.804733, 32.776598, 129.9],
            [-96.804749, 32.776629, 129.9],
            [-96.804749, 32.776629, 129.9],
            [-96.80476, 32.776647, 129.9],
            [-96.804782, 32.776674, 129.9],
            [-96.804792, 32.776686, 129.9],
            [-96.804802, 32.776698, 129.9],
            [-96.804794, 32.776718, 129.9],
            [-96.804787, 32.776758, 129.9],
            [-96.804781, 32.776779, 129.9],
            [-96.804774, 32.7768, 130],
            [-96.804769, 32.776817, 130],
            [-96.804764, 32.776835, 130.1],
            [-96.804759, 32.776852, 130.1],
            [-96.804751, 32.776879, 130.3],
            [-96.804751, 32.776892, 130.3],
            [-96.80475, 32.776902, 130.4],
            [-96.804747, 32.776913, 130.4],
            [-96.804741, 32.776938, 130.6],
            [-96.804741, 32.776938, 130.6],
            [-96.804735, 32.776952, 130.6],
            [-96.804728, 32.776967, 130.7],
            [-96.80472, 32.776983, 130.7],
            [-96.804715, 32.776998, 130.8],
            [-96.804714, 32.777026, 130.9],
            [-96.804713, 32.777036, 130.9],
            [-96.804711, 32.777049, 130.9],
            [-96.8047, 32.777061, 130.9],
            [-96.804688, 32.777068, 130.9],
            [-96.804678, 32.777077, 130.9],
            [-96.804675, 32.777087, 130.9],
            [-96.804664, 32.777101, 130.9],
            [-96.804656, 32.77711, 130.9],
            [-96.804646, 32.777115, 130.9],
            [-96.804638, 32.777119, 130.9],
            [-96.804634, 32.777121, 130.9],
            [-96.804636, 32.777118, 130.9],
            [-96.804645, 32.777114, 130.9],
            [-96.80465, 32.777111, 130.9],
            [-96.804653, 32.77711, 130.9],
            [-96.804657, 32.77711, 130.9],
            [-96.804658, 32.77711, 130.9],
            [-96.804659, 32.777108, 130.9],
            [-96.80466, 32.777107, 130.9],
            [-96.80466, 32.777106, 130.9],
            [-96.804662, 32.777105, 130.9],
            [-96.804662, 32.777105, 130.9],
            [-96.804662, 32.777105, 130.9],
            [-96.804663, 32.777105, 130.9],
            [-96.804665, 32.777104, 130.9],
            [-96.804666, 32.777104, 130.9],
            [-96.804664, 32.777104, 130.9],
            [-96.804664, 32.777104, 130.9],
            [-96.804673, 32.777094, 130.9],
            [-96.804674, 32.777093, 130.9],
            [-96.804675, 32.777092, 130.9],
            [-96.804675, 32.777092, 130.9],
            [-96.804675, 32.777091, 130.9],
            [-96.804675, 32.777091, 130.9],
            [-96.804675, 32.777091, 130.9],
            [-96.804675, 32.777091, 130.9],
            [-96.804676, 32.777091, 130.9],
            [-96.804676, 32.777091, 130.9],
            [-96.804676, 32.777091, 130.9],
            [-96.804676, 32.777091, 130.9],
            [-96.804676, 32.777091, 130.9],
            [-96.804674, 32.777092, 130.9],
            [-96.804675, 32.777092, 130.9],
            [-96.804676, 32.777092, 130.9],
            [-96.804674, 32.777086, 130.9],
            [-96.804672, 32.777081, 130.9],
            [-96.804674, 32.777073, 130.9],
            [-96.804672, 32.777076, 130.9],
            [-96.804673, 32.77708, 130.9],
            [-96.804694, 32.777076, 130.9],
            [-96.80471, 32.77707, 130.9],
            [-96.804726, 32.777062, 130.9],
            [-96.804744, 32.777051, 130.9],
            [-96.804776, 32.777032, 130.9],
            [-96.804786, 32.777026, 130.9],
            [-96.804825, 32.77701, 130.9],
            [-96.804844, 32.777003, 130.9],
            [-96.804887, 32.776996, 130.9],
            [-96.804907, 32.776993, 130.9],
            [-96.804924, 32.776991, 130.9],
            [-96.804942, 32.776987, 130.9],
            [-96.804974, 32.776976, 130.9],
            [-96.804974, 32.776976, 130.9],
            [-96.804979, 32.776966, 130.9],
            [-96.804978, 32.776954, 130.9],
            [-96.804975, 32.776943, 130.8],
            [-96.804973, 32.776935, 130.8],
            [-96.804978, 32.776926, 130.8],
            [-96.804985, 32.776917, 130.8],
            [-96.80499, 32.77691, 130.8],
            [-96.804995, 32.776891, 130.7],
            [-96.804996, 32.77689, 130.7],
            [-96.804993, 32.776889, 130.7],
            [-96.804994, 32.776889, 130.7],
            [-96.804997, 32.776888, 130.7],
            [-96.805, 32.776886, 130.7],
            [-96.805002, 32.776885, 130.7],
            [-96.805002, 32.776886, 130.7],
            [-96.805002, 32.776886, 130.7],
            [-96.805001, 32.776886, 130.7],
            [-96.805001, 32.776886, 130.7],
            [-96.805002, 32.776888, 130.7],
            [-96.805001, 32.776889, 130.7],
            [-96.805003, 32.776892, 130.7],
            [-96.805004, 32.776896, 130.7],
            [-96.805005, 32.776896, 130.6],
            [-96.805003, 32.776896, 130.6],
            [-96.805004, 32.776896, 130.6],
            [-96.805003, 32.776896, 130.6],
            [-96.805003, 32.776897, 130.6],
            [-96.805006, 32.776895, 130.6],
            [-96.805008, 32.776895, 130.6],
            [-96.805033, 32.776879, 130.5],
            [-96.805035, 32.776858, 130.5],
            [-96.80503, 32.776848, 130.4],
            [-96.805024, 32.776839, 130.4],
            [-96.805002, 32.776815, 130.3],
            [-96.805002, 32.776815, 130.3],
            [-96.804994, 32.776808, 130.3],
            [-96.804989, 32.776802, 130.2],
            [-96.804984, 32.776795, 130.2],
            [-96.804985, 32.776784, 130.2],
            [-96.805002, 32.776767, 130.1],
            [-96.805009, 32.776761, 130],
            [-96.805017, 32.776754, 130],
            [-96.805051, 32.77674, 130],
            [-96.805059, 32.776735, 130],
            [-96.805084, 32.776719, 130],
            [-96.805095, 32.776711, 130],
            [-96.805095, 32.776711, 130],
            [-96.805113, 32.7767, 130],
            [-96.805126, 32.776695, 130],
            [-96.805142, 32.776691, 130],
            [-96.805151, 32.77669, 130],
            [-96.805161, 32.776689, 130],
            [-96.80517, 32.776688, 130],
            [-96.805184, 32.776684, 130],
            [-96.805191, 32.776682, 130],
            [-96.805202, 32.776679, 130.1],
            [-96.805211, 32.776682, 130.1],
            [-96.805214, 32.776686, 130.1],
            [-96.805219, 32.776689, 130.1],
            [-96.805226, 32.776691, 130.1],
            [-96.805237, 32.776685, 130.1],
            [-96.805243, 32.776683, 130.1],
            [-96.80523, 32.776685, 130.1],
            [-96.805231, 32.77668, 130.1],
            [-96.805229, 32.776678, 130.1],
            [-96.805228, 32.776678, 130.1],
            [-96.805229, 32.776675, 130.1],
            [-96.805228, 32.776675, 130.1],
            [-96.805227, 32.776676, 130.1],
            [-96.805226, 32.776677, 130.1],
            [-96.805225, 32.776678, 130.1],
            [-96.805225, 32.776678, 130.1],
            [-96.805224, 32.776679, 130.1],
            [-96.805223, 32.77668, 130.1],
            [-96.805216, 32.776687, 130.1],
            [-96.805215, 32.776688, 130.1],
            [-96.805215, 32.776688, 130.1],
            [-96.805215, 32.776688, 130.1],
            [-96.805215, 32.776688, 130.1],
            [-96.805215, 32.776688, 130.1],
            [-96.805215, 32.776688, 130.1],
            [-96.805216, 32.776688, 130.1],
            [-96.805216, 32.776688, 130.1],
            [-96.805214, 32.776688, 130.2],
            [-96.805214, 32.776688, 130.2],
            [-96.805214, 32.776688, 130.2],
            [-96.805213, 32.776688, 130.2],
            [-96.805213, 32.776688, 130.2],
            [-96.805213, 32.776688, 130.2],
            [-96.805211, 32.776689, 130.2],
            [-96.805209, 32.776689, 130.2],
            [-96.805206, 32.776691, 130.2],
            [-96.805198, 32.776693, 130.2],
            [-96.805186, 32.776695, 130.2],
            [-96.805171, 32.776699, 130.2],
            [-96.805159, 32.776703, 130.2],
            [-96.805154, 32.776706, 130.3],
            [-96.805138, 32.776712, 130.3],
            [-96.805135, 32.776714, 130.3],
            [-96.805128, 32.776718, 130.3],
            [-96.805121, 32.776722, 130.3],
            [-96.805113, 32.776725, 130.3],
            [-96.805106, 32.776729, 130.3],
            [-96.805099, 32.776733, 130.3],
            [-96.80508, 32.776737, 130.3],
            [-96.805062, 32.776742, 130.4],
            [-96.805049, 32.776747, 130.4],
            [-96.80504, 32.776754, 130.4],
            [-96.805034, 32.77676, 130.4],
            [-96.805034, 32.77676, 130.4],
            [-96.805041, 32.776751, 130.4],
            [-96.805047, 32.776744, 130.4],
            [-96.805044, 32.776741, 130.4],
            [-96.80504, 32.776741, 130.4],
            [-96.805039, 32.77674, 130.4],
            [-96.805041, 32.776739, 130.4],
            [-96.805042, 32.776738, 130.4],
            [-96.805043, 32.776737, 130.4],
            [-96.805044, 32.776736, 130.4],
            [-96.805044, 32.776736, 130.4],
            [-96.805043, 32.776738, 130.4],
            [-96.805041, 32.776739, 130.4],
            [-96.805041, 32.776739, 130.4],
            [-96.805042, 32.776739, 130.4],
            [-96.805043, 32.776739, 130.4],
            [-96.805048, 32.776748, 130.4],
            [-96.805049, 32.776749, 130.4],
            [-96.805049, 32.776749, 130.4],
            [-96.805049, 32.776749, 130.4],
            [-96.80505, 32.776749, 130.4],
            [-96.80505, 32.776749, 130.4],
            [-96.80505, 32.776749, 130.4],
            [-96.80505, 32.776749, 130.4],
            [-96.80505, 32.776749, 130.4],
            [-96.805051, 32.776748, 130.4],
            [-96.805051, 32.776748, 130.4],
            [-96.805051, 32.776748, 130.4],
            [-96.805051, 32.776748, 130.4],
            [-96.805051, 32.776748, 130.4],
            [-96.805052, 32.776747, 130.4],
            [-96.805052, 32.776747, 130.4],
            [-96.805052, 32.776747, 130.4],
            [-96.805052, 32.776747, 130.4],
            [-96.805052, 32.776747, 130.4],
            [-96.805054, 32.776746, 130.4],
            [-96.805044, 32.776746, 130.4],
            [-96.805041, 32.776744, 130.4],
            [-96.805039, 32.776744, 130.4],
            [-96.805044, 32.776742, 130.4],
            [-96.80506, 32.77674, 130.4],
            [-96.805084, 32.776731, 130.4],
            [-96.805107, 32.776722, 130.4],
            [-96.80514, 32.776706, 130.4],
            [-96.805149, 32.776701, 130.4],
            [-96.805168, 32.776688, 130.3],
            [-96.805174, 32.77668, 130.3],
            [-96.80518, 32.776673, 130.3],
            [-96.805188, 32.776664, 130.3],
            [-96.805197, 32.77666, 130.3],
            [-96.805208, 32.776658, 130.3],
            [-96.805219, 32.776657, 130.3],
            [-96.805239, 32.776654, 130.3],
            [-96.805241, 32.776657, 130.3],
            [-96.805236, 32.776659, 130.3],
            [-96.805232, 32.776662, 130.3],
            [-96.80523, 32.776665, 130.3],
            [-96.805226, 32.776669, 130.4],
            [-96.805229, 32.776668, 130.4],
            [-96.805229, 32.776669, 130.4],
            [-96.805227, 32.77667, 130.4],
            [-96.805223, 32.776673, 130.4],
            [-96.805223, 32.776673, 130.4],
            [-96.805226, 32.776674, 130.4],
            [-96.805225, 32.776675, 130.4],
            [-96.805219, 32.776681, 130.4],
            [-96.805218, 32.776681, 130.4],
            [-96.805218, 32.776681, 130.4],
            [-96.805218, 32.776682, 130.4],
            [-96.805218, 32.776682, 130.4],
            [-96.805218, 32.776682, 130.4],
            [-96.805219, 32.776682, 130.4],
            [-96.805222, 32.776684, 130.4],
            [-96.805237, 32.776691, 130.4],
            [-96.805234, 32.776699, 130.4],
            [-96.805241, 32.776711, 130.5],
            [-96.80526, 32.776746, 130.5],
            [-96.805279, 32.77675, 130.6],
            [-96.805282, 32.776764, 130.6],
            [-96.805273, 32.776779, 130.6],
            [-96.805267, 32.776793, 130.6],
            [-96.805265, 32.776807, 130.7],
            [-96.805266, 32.776822, 130.7],
            [-96.805268, 32.776838, 130.7],
            [-96.805276, 32.77687, 130.8],
            [-96.805276, 32.77687, 130.8],
            [-96.805277, 32.776885, 130.8],
            [-96.805278, 32.7769, 130.8],
            [-96.805279, 32.776914, 130.9],
            [-96.805282, 32.776927, 130.8],
            [-96.805284, 32.776942, 130.8],
            [-96.805286, 32.776957, 130.8],
            [-96.80529, 32.776973, 130.8],
            [-96.805296, 32.77699, 130.8],
            [-96.805307, 32.777024, 130.9],
            [-96.805313, 32.777041, 130.9],
            [-96.805327, 32.777071, 131],
            [-96.805336, 32.777085, 131],
            [-96.805336, 32.777085, 131],
            [-96.805353, 32.77709, 131],
            [-96.805369, 32.777091, 130.9],
            [-96.805402, 32.777096, 130.9],
            [-96.805408, 32.777097, 130.9],
            [-96.805414, 32.777099, 130.9],
            [-96.805443, 32.777107, 130.8],
            [-96.805459, 32.77711, 130.8],
            [-96.805459, 32.77711, 130.8],
            [-96.805474, 32.777111, 130.8],
            [-96.805493, 32.777112, 130.7],
            [-96.805511, 32.777115, 130.7],
            [-96.805541, 32.777132, 130.6],
            [-96.805557, 32.777158, 130.4],
            [-96.805561, 32.777169, 130.4],
            [-96.805566, 32.777181, 130.4],
            [-96.805573, 32.777193, 130.4],
            [-96.805583, 32.777206, 130.4],
            [-96.80559, 32.777221, 130.4],
            [-96.805598, 32.777237, 130.4],
            [-96.805603, 32.777253, 130.4],
            [-96.805608, 32.777271, 130.4],
            [-96.805614, 32.777286, 130.4],
            [-96.805619, 32.777304, 130.4],
            [-96.805623, 32.777317, 130.4],
            [-96.805627, 32.777332, 130.4],
            [-96.805633, 32.777347, 130.4],
            [-96.805638, 32.777362, 130.4],
            [-96.805647, 32.777394, 130.5],
            [-96.805647, 32.777394, 130.5],
            [-96.805652, 32.777413, 130.5],
            [-96.805656, 32.777426, 130.5],
            [-96.805661, 32.77744, 130.5],
            [-96.805665, 32.777456, 130.5],
            [-96.805668, 32.777471, 130.5],
            [-96.805671, 32.777485, 130.5],
            [-96.805674, 32.7775, 130.5],
            [-96.805681, 32.777527, 130.5],
            [-96.805686, 32.777552, 130.6],
            [-96.805692, 32.777565, 130.6],
            [-96.805692, 32.777565, 130.6],
            [-96.805698, 32.777578, 130.6],
            [-96.805704, 32.777598, 130.6],
            [-96.805708, 32.777607, 130.6],
            [-96.805711, 32.777615, 130.6],
            [-96.805719, 32.777629, 130.6],
            [-96.805723, 32.777643, 130.6],
            [-96.805725, 32.777658, 130.6],
            [-96.805732, 32.777685, 130.7],
            [-96.805738, 32.777701, 130.7],
            [-96.805743, 32.777713, 130.7],
            [-96.805749, 32.777727, 130.7],
            [-96.805753, 32.777745, 130.7],
            [-96.805756, 32.777779, 130.7],
            [-96.805759, 32.777794, 130.7],
            [-96.805764, 32.777808, 130.8],
            [-96.805769, 32.777822, 130.8],
            [-96.805771, 32.777832, 130.8],
            [-96.805772, 32.777842, 130.8],
            [-96.805774, 32.777863, 130.8],
            [-96.805774, 32.777863, 130.8],
            [-96.805776, 32.777873, 130.9],
            [-96.805779, 32.777882, 130.9],
            [-96.805785, 32.777901, 130.9],
            [-96.805789, 32.77791, 130.9],
            [-96.805792, 32.777919, 130.9],
            [-96.805797, 32.777934, 131],
            [-96.805801, 32.777949, 131],
            [-96.805809, 32.777978, 131],
            [-96.805814, 32.777999, 131],
            [-96.805817, 32.778009, 131.1],
            [-96.805819, 32.778018, 131.1],
            [-96.805825, 32.778039, 131.1],
            [-96.805827, 32.778051, 131.1],
            [-96.805829, 32.778062, 131.1],
            [-96.805836, 32.778088, 131.2],
            [-96.80584, 32.7781, 131.2],
            [-96.805846, 32.778112, 131.2],
            [-96.805851, 32.778125, 131.2],
            [-96.805857, 32.778137, 131.2],
            [-96.805862, 32.778148, 131.2],
            [-96.805866, 32.778158, 131.2],
            [-96.80587, 32.778168, 131.3],
            [-96.805878, 32.778191, 131.3],
            [-96.805878, 32.778191, 131.3],
            [-96.805884, 32.778215, 131.3],
            [-96.805884, 32.778215, 131.3],
            [-96.805889, 32.778232, 131.3],
            [-96.805893, 32.778245, 131.3],
            [-96.805898, 32.778258, 131.4],
            [-96.805905, 32.778271, 131.4],
            [-96.805909, 32.778286, 131.4],
            [-96.805912, 32.778299, 131.4],
            [-96.805912, 32.778311, 131.4],
            [-96.805906, 32.778319, 131.4],
            [-96.805905, 32.778335, 131.4],
            [-96.805912, 32.778348, 131.4],
            [-96.805919, 32.778357, 131.4],
            [-96.805925, 32.778357, 131.5],
            [-96.805925, 32.778354, 131.5],
            [-96.805922, 32.778357, 131.5],
            [-96.805919, 32.778358, 131.5],
            [-96.805919, 32.778359, 131.5],
            [-96.805919, 32.778359, 131.5],
            [-96.805919, 32.778359, 131.5],
            [-96.805919, 32.778359, 131.5],
            [-96.805919, 32.778361, 131.5],
            [-96.80592, 32.778361, 131.5],
            [-96.80592, 32.778362, 131.5],
            [-96.805919, 32.778363, 131.5],
            [-96.805916, 32.778372, 131.5],
            [-96.805914, 32.778376, 131.5],
            [-96.805914, 32.778374, 131.5],
            [-96.805924, 32.77838, 131.6],
            [-96.805926, 32.778386, 131.6],
            [-96.80592, 32.778385, 131.6],
            [-96.805921, 32.778382, 131.6],
            [-96.805934, 32.778391, 131.7],
            [-96.805949, 32.778404, 131.8],
            [-96.80596, 32.778417, 131.8],
            [-96.80597, 32.778433, 131.9],
            [-96.805979, 32.778447, 131.9],
            [-96.806002, 32.778476, 131.8],
            [-96.806015, 32.778489, 131.8],
            [-96.806015, 32.778489, 131.8],
            [-96.806032, 32.778496, 131.8],
            [-96.806052, 32.778497, 131.8],
            [-96.806089, 32.77849, 131.8],
            [-96.806089, 32.77849, 131.8],
            [-96.806109, 32.778498, 131.8],
            [-96.806109, 32.778498, 131.8],
            [-96.806122, 32.778506, 131.8],
            [-96.806133, 32.778512, 131.8],
            [-96.806147, 32.778514, 131.8],
            [-96.806181, 32.77851, 131.8],
            [-96.806199, 32.778507, 131.8],
            [-96.806214, 32.778504, 131.8],
            [-96.806239, 32.778506, 131.8],
            [-96.806247, 32.778509, 131.8],
            [-96.806256, 32.778512, 131.8],
            [-96.806259, 32.778523, 131.9],
            [-96.806259, 32.778524, 131.9],
            [-96.80626, 32.778524, 131.9],
            [-96.806261, 32.778525, 131.9],
            [-96.806262, 32.778525, 131.9],
            [-96.806262, 32.778525, 131.9],
            [-96.806263, 32.778526, 131.9],
            [-96.806264, 32.778526, 131.9],
            [-96.806265, 32.778526, 131.9],
            [-96.806265, 32.778527, 131.9],
            [-96.806266, 32.778527, 131.9],
            [-96.806267, 32.778528, 131.9],
            [-96.806268, 32.778528, 131.9],
            [-96.806268, 32.778528, 131.9],
            [-96.806269, 32.778529, 131.9],
            [-96.80627, 32.778529, 131.9],
            [-96.806271, 32.778529, 131.9],
            [-96.806271, 32.77853, 131.9],
            [-96.806272, 32.77853, 131.9],
            [-96.806273, 32.778531, 131.9],
            [-96.806273, 32.778531, 131.9],
            [-96.806274, 32.778531, 131.9],
            [-96.806275, 32.778532, 131.9],
            [-96.806276, 32.778532, 131.9],
            [-96.806276, 32.778532, 131.9],
            [-96.806277, 32.778533, 131.9],
            [-96.806278, 32.778533, 131.9],
            [-96.806279, 32.778534, 131.9],
            [-96.806279, 32.778534, 131.9],
            [-96.80628, 32.778534, 131.9],
            [-96.806281, 32.778535, 131.9],
            [-96.806282, 32.778535, 131.9],
            [-96.806282, 32.778535, 131.9],
            [-96.806283, 32.778536, 131.9],
            [-96.806284, 32.778536, 131.9],
            [-96.806284, 32.778537, 131.9],
            [-96.806285, 32.778537, 131.9],
            [-96.806286, 32.778537, 131.9],
            [-96.806287, 32.778538, 131.9],
            [-96.806287, 32.778538, 131.9],
            [-96.806288, 32.778538, 131.9],
            [-96.806289, 32.778539, 131.9],
            [-96.80629, 32.778539, 131.9],
            [-96.80629, 32.77854, 131.9],
            [-96.806291, 32.77854, 131.9],
            [-96.806292, 32.77854, 131.9],
            [-96.806293, 32.778541, 131.9],
            [-96.806293, 32.778541, 131.9],
            [-96.806294, 32.778541, 131.9],
            [-96.806295, 32.778542, 131.9],
            [-96.806296, 32.778542, 131.9],
            [-96.806296, 32.778543, 131.9],
            [-96.806297, 32.778543, 131.9],
            [-96.806308, 32.778542, 131.9],
            [-96.806327, 32.778538, 131.9],
            [-96.806332, 32.778537, 131.9],
            [-96.806337, 32.778537, 131.9],
            [-96.806346, 32.778538, 131.9],
            [-96.806384, 32.778537, 131.9],
            [-96.806384, 32.778537, 131.9],
            [-96.806399, 32.778539, 131.9],
            [-96.806411, 32.778538, 131.9],
            [-96.806421, 32.778535, 131.9],
            [-96.806438, 32.778539, 131.9],
            [-96.806447, 32.778542, 132],
            [-96.806456, 32.778542, 132],
            [-96.806467, 32.77854, 132],
            [-96.806473, 32.778535, 132],
            [-96.806475, 32.778531, 132],
            [-96.806468, 32.778529, 132],
            [-96.806465, 32.778529, 132],
            [-96.806465, 32.778529, 132],
            [-96.806462, 32.77853, 132],
            [-96.806457, 32.778531, 132],
            [-96.806457, 32.778531, 131.9],
            [-96.806457, 32.778532, 131.9],
            [-96.806456, 32.778532, 131.9],
            [-96.806454, 32.778535, 131.9],
            [-96.806453, 32.778538, 131.9],
            [-96.806451, 32.77854, 131.9],
            [-96.806449, 32.778547, 131.9],
            [-96.806442, 32.778577, 131.9],
            [-96.806433, 32.77859, 131.9],
            [-96.806433, 32.77859, 131.9],
            [-96.806423, 32.778599, 131.9],
            [-96.806418, 32.778604, 131.9],
            [-96.806398, 32.778616, 131.9],
            [-96.806391, 32.778625, 131.9],
            [-96.806384, 32.778633, 131.9],
            [-96.806377, 32.778642, 131.9],
            [-96.806376, 32.778658, 131.9],
            [-96.806378, 32.778674, 131.9],
            [-96.806372, 32.778687, 131.9],
            [-96.806369, 32.778702, 131.9],
            [-96.806362, 32.778718, 131.9],
            [-96.806353, 32.778734, 131.9],
            [-96.806344, 32.778746, 131.9],
            [-96.806332, 32.778756, 131.9],
            [-96.806358, 32.778797, 131.9],
            [-96.806392, 32.778832, 131.9],
            [-96.806426, 32.778866, 131.9],
            [-96.806444, 32.778878, 131.9],
            [-96.806459, 32.778883, 131.9],
            [-96.806488, 32.778892, 131.9],
            [-96.806502, 32.778896, 131.9],
            [-96.806502, 32.778896, 131.9],
            [-96.806516, 32.778898, 131.9],
            [-96.806529, 32.7789, 131.9],
            [-96.806544, 32.778897, 131.9],
            [-96.806558, 32.778886, 131.8],
            [-96.806569, 32.778874, 131.8],
            [-96.80658, 32.778859, 131.8],
            [-96.806592, 32.778847, 131.8],
            [-96.806607, 32.778835, 131.8],
            [-96.806642, 32.778814, 131.8],
            [-96.806642, 32.778814, 131.8],
            [-96.806658, 32.778804, 131.8],
            [-96.806674, 32.778793, 131.8],
            [-96.80669, 32.778785, 131.8],
            [-96.806706, 32.778775, 131.8],
            [-96.806737, 32.778755, 131.8],
            [-96.806737, 32.778755, 131.8],
            [-96.806754, 32.778744, 131.8],
            [-96.806766, 32.778737, 131.8],
            [-96.806782, 32.778729, 131.8],
            [-96.806799, 32.778723, 131.8],
            [-96.806813, 32.778717, 131.8],
            [-96.806826, 32.778709, 131.8],
            [-96.806842, 32.778699, 131.8],
            [-96.806853, 32.778691, 131.8],
            [-96.806862, 32.778684, 131.8],
            [-96.806867, 32.778676, 131.8],
            [-96.806873, 32.778668, 131.8],
            [-96.806887, 32.778653, 131.8],
            [-96.806898, 32.778641, 131.8],
            [-96.806905, 32.778635, 131.8],
            [-96.806911, 32.77863, 131.8],
            [-96.80692, 32.778625, 131.8],
            [-96.806929, 32.778623, 131.8],
            [-96.806938, 32.778623, 131.8],
            [-96.806937, 32.778622, 131.8],
            [-96.806933, 32.778621, 131.8],
            [-96.80693, 32.77862, 131.8],
            [-96.806931, 32.77862, 131.8],
            [-96.806932, 32.778619, 131.8],
            [-96.806932, 32.778619, 131.7],
            [-96.806934, 32.778619, 131.7],
            [-96.806934, 32.778619, 131.7],
            [-96.806935, 32.778619, 131.7],
            [-96.806935, 32.778619, 131.7],
            [-96.806935, 32.77862, 131.7],
            [-96.806935, 32.77862, 131.7],
            [-96.806935, 32.778621, 131.7],
            [-96.806936, 32.77862, 131.7],
            [-96.806938, 32.778619, 131.7],
            [-96.806939, 32.778619, 131.7],
            [-96.80694, 32.778616, 131.7],
            [-96.806941, 32.778615, 131.7],
            [-96.806941, 32.778614, 131.7],
            [-96.806941, 32.778613, 131.7],
            [-96.806941, 32.778612, 131.7],
            [-96.806942, 32.778612, 131.7],
            [-96.806942, 32.778612, 131.7],
            [-96.806942, 32.778612, 131.7],
            [-96.806942, 32.778612, 131.7],
            [-96.806942, 32.778612, 131.7],
            [-96.806942, 32.778612, 131.7],
            [-96.806942, 32.778612, 131.7],
            [-96.806942, 32.778612, 131.7],
            [-96.806942, 32.778612, 131.7],
            [-96.806942, 32.778612, 131.7],
            [-96.806942, 32.778612, 131.7],
            [-96.806942, 32.778612, 131.7],
            [-96.806942, 32.778611, 131.7],
            [-96.806942, 32.778611, 131.7],
            [-96.806942, 32.778611, 131.7],
            [-96.806942, 32.778611, 131.7],
            [-96.806942, 32.778611, 131.7],
            [-96.806942, 32.778611, 131.7],
            [-96.806943, 32.778611, 131.7],
            [-96.806943, 32.778611, 131.6],
            [-96.806943, 32.77861, 131.6],
            [-96.806943, 32.77861, 131.6],
            [-96.806943, 32.77861, 131.6],
            [-96.806943, 32.77861, 131.6],
            [-96.806943, 32.77861, 131.6],
            [-96.806943, 32.77861, 131.6],
            [-96.806943, 32.77861, 131.6],
            [-96.806943, 32.77861, 131.6],
            [-96.806943, 32.77861, 131.6],
            [-96.806944, 32.778612, 131.6],
            [-96.806945, 32.778614, 131.6],
            [-96.806942, 32.778617, 131.6],
            [-96.806938, 32.778622, 131.6],
            [-96.806933, 32.778626, 131.6],
            [-96.806933, 32.778626, 131.6],
            [-96.806935, 32.778633, 131.7],
            [-96.806937, 32.778634, 131.7],
            [-96.806944, 32.778638, 131.7],
            [-96.806944, 32.778639, 131.7],
            [-96.806943, 32.778639, 131.7],
            [-96.806948, 32.778641, 131.7],
            [-96.806948, 32.77864, 131.7],
            [-96.806947, 32.778639, 131.7],
            [-96.806946, 32.778639, 131.7],
            [-96.806945, 32.77864, 131.7],
            [-96.806945, 32.77864, 131.7],
            [-96.806945, 32.77864, 131.7],
            [-96.806949, 32.778642, 131.7],
            [-96.806951, 32.778643, 131.7],
            [-96.806952, 32.778643, 131.7],
            [-96.806954, 32.778647, 131.7],
            [-96.806955, 32.778649, 131.7],
            [-96.806956, 32.778651, 131.7],
            [-96.806957, 32.778652, 131.7],
            [-96.806957, 32.778653, 131.7],
            [-96.806914, 32.778627, 131.7],
            [-96.80691, 32.778622, 131.7],
            [-96.806908, 32.778621, 131.7],
            [-96.806908, 32.77862, 131.7],
            [-96.806905, 32.77862, 131.7],
            [-96.806904, 32.778619, 131.7],
            [-96.806903, 32.778619, 131.7],
            [-96.806903, 32.778619, 131.7],
            [-96.806903, 32.778619, 131.7],
            [-96.806903, 32.778619, 131.7],
            [-96.806902, 32.778619, 131.7],
            [-96.806901, 32.778621, 131.7],
            [-96.806899, 32.778622, 131.7],
            [-96.806895, 32.778623, 131.7],
            [-96.806893, 32.778623, 131.7],
            [-96.806891, 32.778623, 131.7],
            [-96.80689, 32.778625, 131.7],
            [-96.806889, 32.778625, 131.7],
            [-96.806889, 32.778626, 131.7],
            [-96.806889, 32.778626, 131.7],
            [-96.806888, 32.778626, 131.7],
            [-96.806888, 32.778626, 131.7],
            [-96.806888, 32.778626, 131.7],
            [-96.806889, 32.778625, 131.7],
            [-96.806889, 32.778624, 131.7],
            [-96.806889, 32.778624, 131.7],
            [-96.806889, 32.778624, 131.7],
            [-96.80689, 32.778621, 131.7],
            [-96.806891, 32.778619, 131.7],
            [-96.806892, 32.778617, 131.7],
            [-96.806892, 32.778617, 131.7],
            [-96.806891, 32.778617, 131.7],
            [-96.80689, 32.778618, 131.7],
            [-96.806888, 32.778617, 131.7],
            [-96.806887, 32.778619, 131.7],
            [-96.806887, 32.778625, 131.7],
            [-96.806888, 32.778629, 131.7],
            [-96.806888, 32.778632, 131.7],
            [-96.806886, 32.778632, 131.7],
            [-96.806882, 32.778633, 131.7],
            [-96.806877, 32.778637, 131.7],
            [-96.80687, 32.778638, 131.7],
            [-96.806861, 32.778636, 131.7],
            [-96.806854, 32.778637, 131.7],
            [-96.806852, 32.778638, 131.7],
            [-96.806854, 32.778642, 131.7],
            [-96.806855, 32.778647, 131.7],
            [-96.806859, 32.778647, 131.7],
            [-96.806866, 32.778645, 131.7],
            [-96.806892, 32.778648, 131.7],
            [-96.806892, 32.778648, 131.7],
            [-96.806901, 32.778651, 131.7],
            [-96.806907, 32.778656, 131.7],
            [-96.806909, 32.778663, 131.7],
            [-96.806907, 32.778667, 131.7],
            [-96.806904, 32.778663, 131.7],
            [-96.8069, 32.77866, 131.7],
            [-96.806897, 32.778659, 131.7],
            [-96.806897, 32.77866, 131.7],
            [-96.806895, 32.778662, 131.7],
            [-96.806895, 32.778662, 131.7],
            [-96.806889, 32.778671, 131.7],
            [-96.806889, 32.778671, 131.7],
            [-96.80688, 32.778678, 131.7],
            [-96.806874, 32.778683, 131.7],
            [-96.806871, 32.778685, 131.7],
            [-96.80687, 32.778687, 131.7],
            [-96.80687, 32.778687, 131.7],
            [-96.80687, 32.778687, 131.7],
            [-96.80687, 32.778687, 131.7],
            [-96.80687, 32.778687, 131.7],
            [-96.80687, 32.778687, 131.7],
            [-96.80687, 32.778687, 131.7],
            [-96.80687, 32.778687, 131.7],
            [-96.806867, 32.778689, 131.7],
            [-96.806863, 32.77869, 131.7],
            [-96.806862, 32.778692, 131.7],
            [-96.80686, 32.778695, 131.7],
            [-96.806854, 32.778695, 131.7],
            [-96.80686, 32.778706, 131.7],
            [-96.806871, 32.778716, 131.7],
            [-96.806883, 32.778726, 131.7],
            [-96.806923, 32.778757, 131.7],
            [-96.806948, 32.778787, 131.7],
            [-96.806963, 32.778806, 131.7],
            [-96.806979, 32.778826, 131.7],
            [-96.806996, 32.778855, 131.8],
            [-96.807007, 32.778868, 131.8],
            [-96.807016, 32.778878, 131.8],
            [-96.807018, 32.778911, 131.8],
            [-96.807014, 32.77892, 131.8],
            [-96.80701, 32.778928, 131.8],
            [-96.80701, 32.778928, 131.8],
            [-96.806997, 32.778935, 131.9],
            [-96.806984, 32.778938, 131.9],
            [-96.806953, 32.778938, 132],
            [-96.806939, 32.778937, 132],
            [-96.806927, 32.778937, 132],
            [-96.806918, 32.778944, 132],
            [-96.806915, 32.778955, 132.1],
            [-96.806913, 32.778968, 132.1],
            [-96.806916, 32.778985, 132.1],
            [-96.806926, 32.779014, 132.2],
            [-96.806926, 32.779014, 132.2],
            [-96.80693, 32.779029, 132.2],
            [-96.80694, 32.779046, 132.2],
            [-96.806951, 32.77906, 132.1],
            [-96.806957, 32.779076, 132.1],
            [-96.806954, 32.779096, 132.1],
            [-96.806949, 32.779111, 132],
            [-96.806947, 32.779138, 131.9],
            [-96.806946, 32.77915, 131.8],
            [-96.806946, 32.779162, 131.8],
            [-96.806946, 32.779162, 131.8],
            [-96.806958, 32.779172, 131.8],
            [-96.806973, 32.779173, 131.8],
            [-96.806981, 32.779162, 131.8],
            [-96.806981, 32.779154, 131.8],
            [-96.806983, 32.779148, 131.8],
            [-96.806985, 32.779146, 131.8],
            [-96.806978, 32.779156, 131.7],
            [-96.806978, 32.779156, 131.7],
            [-96.806978, 32.779157, 131.7],
            [-96.806978, 32.779157, 131.7],
            [-96.806977, 32.779158, 131.7],
            [-96.806975, 32.779159, 131.7],
            [-96.806976, 32.779159, 131.7],
            [-96.806976, 32.779159, 131.7],
            [-96.806976, 32.779161, 131.7],
            [-96.806976, 32.779163, 131.7],
            [-96.80698, 32.779164, 131.7],
            [-96.806981, 32.779167, 131.7],
            [-96.806979, 32.779168, 131.7],
            [-96.806974, 32.779171, 131.7],
            [-96.806972, 32.779171, 131.7],
            [-96.806971, 32.779172, 131.7],
            [-96.806969, 32.779172, 131.7],
            [-96.806968, 32.779173, 131.7],
            [-96.806967, 32.779173, 131.7],
            [-96.80697, 32.779171, 131.7],
            [-96.806971, 32.77917, 131.7],
            [-96.806971, 32.779171, 131.7],
            [-96.80697, 32.779173, 131.7],
            [-96.806969, 32.779173, 131.7],
            [-96.806968, 32.779174, 131.7],
            [-96.806968, 32.779173, 131.7],
            [-96.806968, 32.779173, 131.7],
            [-96.806967, 32.779173, 131.7],
            [-96.806966, 32.779174, 131.7],
            [-96.806965, 32.779173, 131.7],
            [-96.806965, 32.779173, 131.7],
            [-96.806962, 32.779176, 131.7],
            [-96.806962, 32.779176, 131.7],
            [-96.806962, 32.779176, 131.7],
            [-96.806961, 32.779177, 131.7],
            [-96.806961, 32.779177, 131.7],
            [-96.806961, 32.779177, 131.7],
            [-96.806961, 32.779177, 131.7],
            [-96.806961, 32.779177, 131.7],
            [-96.806961, 32.779177, 131.7],
            [-96.806961, 32.779177, 131.7],
            [-96.806961, 32.779177, 131.7],
            [-96.806961, 32.779177, 131.7],
            [-96.806961, 32.779177, 131.7],
            [-96.806961, 32.779177, 131.7],
            [-96.806961, 32.779177, 131.7],
            [-96.806962, 32.779176, 131.7],
            [-96.806962, 32.779177, 131.7],
            [-96.806961, 32.779176, 131.7],
            [-96.806958, 32.779177, 131.7],
            [-96.806951, 32.77918, 131.7],
            [-96.806942, 32.779184, 131.7],
            [-96.806935, 32.779189, 131.6],
            [-96.806938, 32.779205, 131.6],
            [-96.806942, 32.779216, 131.6],
            [-96.806947, 32.779228, 131.6],
            [-96.806951, 32.779239, 131.6],
            [-96.806956, 32.779251, 131.6],
            [-96.806958, 32.77926, 131.6],
            [-96.80696, 32.779268, 131.5],
            [-96.806964, 32.779284, 131.5],
            [-96.806968, 32.779299, 131.5],
            [-96.806971, 32.779312, 131.5],
            [-96.806976, 32.779326, 131.5],
            [-96.806981, 32.779351, 131.5],
            [-96.806984, 32.779363, 131.5],
            [-96.806985, 32.779375, 131.5],
            [-96.806987, 32.779386, 131.5],
            [-96.806989, 32.779398, 131.5],
            [-96.806994, 32.779419, 131.5],
            [-96.806997, 32.779428, 131.5],
            [-96.806999, 32.779437, 131.5],
            [-96.807003, 32.779452, 131.5],
            [-96.807008, 32.77947, 131.5],
            [-96.807012, 32.779489, 131.5],
            [-96.807016, 32.779505, 131.5],
            [-96.807018, 32.779522, 131.5],
            [-96.80702, 32.779539, 131.5],
            [-96.807023, 32.779557, 131.5],
            [-96.807024, 32.779574, 131.5],
            [-96.807019, 32.779586, 131.5],
            [-96.807005, 32.779592, 131.5],
            [-96.806991, 32.779593, 131.5],
            [-96.80698, 32.779591, 131.5],
            [-96.806968, 32.779589, 131.5],
            [-96.806957, 32.779585, 131.5],
            [-96.806929, 32.779567, 131.5],
            [-96.806899, 32.77955, 131.5],
            [-96.806884, 32.779556, 131.5],
            [-96.806875, 32.779561, 131.5],
            [-96.806869, 32.779565, 131.5],
            [-96.806867, 32.779564, 131.5],
            [-96.806866, 32.779566, 131.5],
            [-96.806864, 32.779568, 131.5],
            [-96.806862, 32.77957, 131.5],
            [-96.806861, 32.779572, 131.5],
            [-96.806859, 32.779574, 131.5],
            [-96.806857, 32.779576, 131.5],
            [-96.806856, 32.779578, 131.5],
            [-96.806854, 32.77958, 131.5],
            [-96.806852, 32.779582, 131.5],
            [-96.80685, 32.779584, 131.5],
            [-96.806849, 32.779586, 131.5],
            [-96.806847, 32.779588, 131.5],
            [-96.806845, 32.77959, 131.5],
            [-96.806844, 32.779592, 131.5],
            [-96.806842, 32.779594, 131.5],
            [-96.806831, 32.779621, 131.5],
            [-96.80683, 32.779627, 131.5],
            [-96.806828, 32.779632, 131.5],
            [-96.806823, 32.779648, 131.5],
            [-96.806828, 32.779653, 131.5],
            [-96.806828, 32.779653, 131.5],
            [-96.806849, 32.779657, 131.5],
            [-96.806849, 32.779657, 131.5],
            [-96.806864, 32.779658, 131.5],
            [-96.80687, 32.779661, 131.5],
            [-96.806876, 32.779661, 131.5],
            [-96.806882, 32.779658, 131.5],
            [-96.806887, 32.77966, 131.5],
            [-96.806889, 32.779665, 131.5],
            [-96.806892, 32.779669, 131.5],
            [-96.806897, 32.779674, 131.5],
            [-96.806897, 32.779674, 131.5],
            [-96.806904, 32.779675, 131.5],
            [-96.806907, 32.779672, 131.5],
            [-96.80691, 32.779668, 131.5],
            [-96.806913, 32.779665, 131.5],
            [-96.806916, 32.779661, 131.5],
            [-96.80692, 32.779658, 131.5],
            [-96.806923, 32.779655, 131.5],
            [-96.806926, 32.779651, 131.5],
            [-96.806929, 32.779648, 131.5],
            [-96.806932, 32.779644, 131.5],
            [-96.806935, 32.779641, 131.6],
            [-96.806934, 32.779631, 131.6],
            [-96.806926, 32.77963, 131.6],
            [-96.806917, 32.77963, 131.6],
            [-96.806911, 32.77963, 131.6],
            [-96.806909, 32.779631, 131.6],
            [-96.806908, 32.779631, 131.6],
            [-96.806907, 32.779631, 131.6],
            [-96.806906, 32.779631, 131.6],
            [-96.806908, 32.779632, 131.6],
            [-96.806909, 32.779633, 131.6],
            [-96.80691, 32.779633, 131.6],
            [-96.80691, 32.779634, 131.6],
            [-96.80691, 32.779635, 131.6],
            [-96.806909, 32.779634, 131.6],
            [-96.806909, 32.779634, 131.6],
            [-96.806909, 32.779634, 131.6],
            [-96.806908, 32.779633, 131.6],
            [-96.806907, 32.779633, 131.6],
            [-96.806906, 32.779632, 131.6],
            [-96.806905, 32.779633, 131.6],
            [-96.806909, 32.779645, 131.6],
            [-96.806903, 32.779656, 131.6],
            [-96.806892, 32.779667, 131.6],
            [-96.806905, 32.779668, 131.6],
            [-96.806902, 32.779684, 131.6],
            [-96.80689, 32.779692, 131.6],
            [-96.806877, 32.7797, 131.6],
            [-96.806865, 32.779708, 131.6],
            [-96.806848, 32.779713, 131.6],
            [-96.806833, 32.779718, 131.5],
            [-96.806814, 32.779721, 131.5],
            [-96.806805, 32.779723, 131.5],
            [-96.806796, 32.779726, 131.5],
            [-96.806793, 32.779732, 131.5],
            [-96.806792, 32.779736, 131.5],
            [-96.806795, 32.779736, 131.5],
            [-96.806798, 32.779736, 131.5],
            [-96.806799, 32.779735, 131.5],
            [-96.806798, 32.779735, 131.5],
            [-96.806799, 32.779733, 131.5],
            [-96.806798, 32.779733, 131.5],
            [-96.806798, 32.779733, 131.5],
            [-96.8068, 32.779732, 131.5],
            [-96.806799, 32.779731, 131.5],
            [-96.806799, 32.77973, 131.5],
            [-96.806798, 32.779729, 131.5],
            [-96.806799, 32.779728, 131.5],
            [-96.8068, 32.779725, 131.5],
            [-96.806798, 32.779718, 131.5],
            [-96.806799, 32.779713, 131.5],
            [-96.8068, 32.77971, 131.5],
            [-96.806802, 32.779709, 131.5],
            [-96.806816, 32.779704, 131.5],
            [-96.80681, 32.779712, 131.5],
            [-96.806818, 32.77971, 131.5],
            [-96.806839, 32.779704, 131.5],
            [-96.806854, 32.779706, 131.5],
            [-96.806871, 32.779706, 131.5],
            [-96.806891, 32.779706, 131.5],
            [-96.806891, 32.779706, 131.5],
            [-96.80691, 32.779705, 131.5],
            [-96.806929, 32.779702, 131.6],
            [-96.806964, 32.779692, 131.6],
            [-96.806979, 32.779687, 131.6],
            [-96.806995, 32.779682, 131.6],
            [-96.807018, 32.77968, 131.6],
            [-96.80704, 32.779678, 131.6],
            [-96.807062, 32.779681, 131.6],
            [-96.807069, 32.779684, 131.6],
            [-96.807077, 32.779687, 131.6],
            [-96.807085, 32.77969, 131.6],
            [-96.807122, 32.779703, 131.7],
            [-96.807138, 32.779698, 131.7],
            [-96.807138, 32.779698, 131.7],
            [-96.807172, 32.77969, 131.7],
            [-96.807172, 32.77969, 131.7],
            [-96.807212, 32.779682, 131.7],
            [-96.807212, 32.779682, 131.7],
            [-96.807246, 32.779673, 131.7],
            [-96.807246, 32.779673, 131.7],
            [-96.807264, 32.779672, 131.7],
            [-96.807288, 32.779666, 131.7],
            [-96.807298, 32.779662, 131.7],
            [-96.807308, 32.779659, 131.7],
            [-96.80734, 32.77965, 131.7],
            [-96.807358, 32.779646, 131.7],
            [-96.807389, 32.779639, 131.7],
            [-96.807408, 32.779635, 131.7],
            [-96.807408, 32.779635, 131.7],
            [-96.807423, 32.779631, 131.7],
            [-96.80746, 32.779622, 131.7],
            [-96.807492, 32.779615, 131.7],
            [-96.807509, 32.779612, 131.7],
            [-96.807525, 32.779609, 131.7],
            [-96.807541, 32.779605, 131.7],
            [-96.807557, 32.779602, 131.7],
            [-96.807591, 32.779598, 131.8],
            [-96.807605, 32.779593, 131.8],
            [-96.807619, 32.779583, 131.8],
            [-96.80764, 32.779575, 131.8],
            [-96.80765, 32.779573, 131.8],
            [-96.80766, 32.779572, 131.8],
            [-96.807679, 32.779571, 131.8],
            [-96.807695, 32.779568, 131.8],
            [-96.807712, 32.779563, 131.8],
            [-96.807727, 32.779557, 131.8],
            [-96.807727, 32.779557, 131.8],
            [-96.807757, 32.77955, 131.8],
            [-96.807769, 32.779552, 131.8],
            [-96.807765, 32.779552, 131.8],
            [-96.807778, 32.779547, 131.8],
            [-96.80781, 32.77954, 131.8],
            [-96.807856, 32.77953, 131.8],
            [-96.807872, 32.779526, 131.8],
            [-96.80789, 32.77952, 131.8],
            [-96.807906, 32.779515, 131.8],
            [-96.807931, 32.779507, 131.8],
            [-96.807943, 32.779501, 131.9],
            [-96.807959, 32.779504, 131.9],
            [-96.807959, 32.779504, 131.9],
            [-96.807965, 32.779507, 131.9],
            [-96.807967, 32.779506, 131.9],
            [-96.807971, 32.779505, 131.9],
            [-96.807974, 32.779503, 131.9],
            [-96.807977, 32.779501, 131.9],
            [-96.807981, 32.7795, 131.9],
            [-96.807984, 32.779498, 131.9],
            [-96.807987, 32.779496, 131.9],
            [-96.80799, 32.779495, 131.9],
            [-96.807994, 32.779493, 131.9],
            [-96.807997, 32.779492, 131.9],
            [-96.808, 32.77949, 132],
            [-96.808004, 32.779488, 132],
            [-96.808007, 32.779487, 132],
            [-96.80801, 32.779485, 132],
            [-96.808014, 32.779483, 132],
            [-96.808017, 32.779482, 132],
            [-96.80802, 32.77948, 132],
            [-96.808023, 32.779478, 132],
            [-96.808027, 32.779477, 132],
            [-96.80803, 32.779475, 132],
            [-96.808045, 32.779464, 131.9],
            [-96.808079, 32.779457, 131.8],
            [-96.808105, 32.779448, 131.7],
            [-96.80813, 32.779438, 131.6],
            [-96.80815, 32.779427, 131.5],
            [-96.80816, 32.779415, 131.4],
            [-96.808167, 32.779398, 131.4],
            [-96.808152, 32.779363, 131.3],
            [-96.808142, 32.779349, 131.3],
            [-96.808134, 32.779335, 131.3],
            [-96.808132, 32.779319, 131.3],
            [-96.808129, 32.779303, 131.3],
            [-96.808126, 32.779287, 131.3],
            [-96.808121, 32.779272, 131.3],
            [-96.808117, 32.779257, 131.3],
            [-96.808113, 32.779239, 131.3],
            [-96.808103, 32.779205, 131.3],
            [-96.808097, 32.779191, 131.3],
            [-96.808089, 32.779174, 131.3],
            [-96.808082, 32.779156, 131.3],
            [-96.808082, 32.779156, 131.3],
            [-96.808076, 32.779141, 131.3],
            [-96.808068, 32.779122, 131.3],
            [-96.808056, 32.779085, 131.3],
            [-96.808051, 32.779069, 131.3],
            [-96.808046, 32.779051, 131.3],
            [-96.808046, 32.779051, 131.3],
            [-96.808039, 32.779025, 131.3],
            [-96.808033, 32.779008, 131.3],
            [-96.80803, 32.778994, 131.3],
            [-96.808031, 32.778976, 131.3],
            [-96.808039, 32.778964, 131.3],
            [-96.808049, 32.778956, 131.3],
            [-96.80806, 32.778954, 131.3],
            [-96.80806, 32.778954, 131.3],
            [-96.808071, 32.778953, 131.3],
            [-96.808084, 32.778954, 131.3],
            [-96.808106, 32.778963, 131.3],
            [-96.808109, 32.778965, 131.3],
            [-96.808095, 32.778966, 131.3],
            [-96.808093, 32.778967, 131.3],
            [-96.808092, 32.778968, 131.3],
            [-96.808092, 32.778968, 131.3],
            [-96.808091, 32.778969, 131.3],
            [-96.808093, 32.778969, 131.3],
            [-96.808096, 32.778968, 131.3],
            [-96.808108, 32.778967, 131.3],
            [-96.808108, 32.778967, 131.3],
            [-96.808119, 32.778968, 131.3],
            [-96.808138, 32.77897, 131.3],
            [-96.808148, 32.778971, 131.3],
            [-96.808151, 32.778976, 131.3],
            [-96.808151, 32.778976, 131.3],
            [-96.808152, 32.778977, 131.3],
            [-96.808153, 32.778977, 131.3],
            [-96.808156, 32.778976, 131.3],
            [-96.808157, 32.778975, 131.3],
            [-96.808157, 32.778975, 131.3],
            [-96.808159, 32.778975, 131.3],
            [-96.808161, 32.778974, 131.3],
            [-96.808163, 32.778974, 131.3],
            [-96.808165, 32.778974, 131.3],
            [-96.808164, 32.778974, 131.3],
            [-96.808164, 32.778974, 131.3],
            [-96.808166, 32.778973, 131.3],
            [-96.808169, 32.778973, 131.3],
            [-96.808171, 32.778973, 131.3],
            [-96.808167, 32.778973, 131.3],
            [-96.80818, 32.778967, 131.3],
            [-96.808181, 32.778967, 131.3],
            [-96.808181, 32.778967, 131.3],
            [-96.80818, 32.778967, 131.3],
            [-96.808179, 32.778967, 131.3],
            [-96.808177, 32.778968, 131.3],
            [-96.808177, 32.778968, 131.3],
            [-96.808172, 32.778974, 131.3],
            [-96.808172, 32.778974, 131.3],
            [-96.808167, 32.778973, 131.3],
            [-96.808171, 32.778977, 131.3],
            [-96.808171, 32.778982, 131.3],
            [-96.808159, 32.778985, 131.3],
            [-96.808165, 32.778985, 131.3],
            [-96.808167, 32.778985, 131.3],
            [-96.808166, 32.778985, 131.3],
            [-96.808167, 32.778985, 131.3],
            [-96.808161, 32.778987, 131.3],
            [-96.808162, 32.778986, 131.3],
            [-96.808163, 32.778986, 131.3],
            [-96.808165, 32.778986, 131.3],
            [-96.808162, 32.778989, 131.3],
            [-96.808175, 32.779003, 131.3],
            [-96.808175, 32.779003, 131.3],
            [-96.808195, 32.779023, 131.3],
            [-96.808195, 32.779023, 131.3],
            [-96.808199, 32.779032, 131.3],
            [-96.808219, 32.779048, 131.3],
            [-96.808232, 32.779056, 131.3],
            [-96.808232, 32.779056, 131.3],
            [-96.808244, 32.779061, 131.3],
            [-96.808247, 32.779068, 131.3],
            [-96.808252, 32.779074, 131.3],
            [-96.808253, 32.779082, 131.3],
            [-96.808238, 32.779116, 131.3],
            [-96.808213, 32.779141, 131.3],
            [-96.808209, 32.77915, 131.3],
            [-96.808209, 32.77915, 131.3],
            [-96.808212, 32.779151, 131.3],
            [-96.808215, 32.779151, 131.3],
            [-96.808218, 32.779151, 131.3],
            [-96.80822, 32.779151, 131.3],
            [-96.808221, 32.779151, 131.3],
            [-96.808221, 32.779151, 131.3],
            [-96.808224, 32.779153, 131.3],
            [-96.808226, 32.779154, 131.3],
            [-96.808228, 32.779154, 131.3],
            [-96.80823, 32.779154, 131.3],
            [-96.808231, 32.779154, 131.3],
            [-96.808235, 32.779154, 131.3],
            [-96.808236, 32.779154, 131.3],
            [-96.808237, 32.779154, 131.3],
            [-96.808236, 32.779155, 131.3],
            [-96.808236, 32.779154, 131.3],
            [-96.808232, 32.779154, 131.3],
            [-96.808233, 32.779152, 131.3],
            [-96.808233, 32.779145, 131.3],
            [-96.808232, 32.779141, 131.3],
            [-96.808231, 32.77914, 131.3],
            [-96.808231, 32.779139, 131.3],
            [-96.80823, 32.779139, 131.3],
            [-96.80823, 32.779139, 131.3],
            [-96.80823, 32.779138, 131.3],
            [-96.808231, 32.779138, 131.3],
            [-96.808231, 32.779138, 131.3],
            [-96.808232, 32.779138, 131.3],
            [-96.808232, 32.779138, 131.3],
            [-96.808231, 32.779138, 131.3],
            [-96.808231, 32.779138, 131.3],
            [-96.808231, 32.779138, 131.3],
            [-96.808231, 32.779138, 131.3],
            [-96.808232, 32.779138, 131.3],
            [-96.808233, 32.779137, 131.3],
            [-96.808233, 32.779137, 131.3],
            [-96.808233, 32.779137, 131.3],
            [-96.808234, 32.779137, 131.3],
            [-96.808234, 32.779137, 131.3],
            [-96.808234, 32.779137, 131.3],
            [-96.808234, 32.779137, 131.3],
            [-96.808234, 32.779137, 131.3],
            [-96.808234, 32.779137, 131.3],
            [-96.808233, 32.779136, 131.3],
            [-96.808232, 32.779136, 131.3],
            [-96.808231, 32.779135, 131.3],
            [-96.808231, 32.779135, 131.3],
            [-96.808229, 32.779135, 131.3],
            [-96.808227, 32.779136, 131.3],
            [-96.808229, 32.779136, 131.3],
            [-96.808232, 32.779136, 131.3],
            [-96.808233, 32.779136, 131.3],
            [-96.808236, 32.779137, 131.3],
            [-96.808238, 32.779137, 131.3],
            [-96.808239, 32.779137, 131.3],
            [-96.80824, 32.779138, 131.3],
            [-96.80824, 32.779138, 131.3],
            [-96.808242, 32.779138, 131.3],
            [-96.808243, 32.779137, 131.3],
            [-96.808243, 32.779137, 131.3],
            [-96.808243, 32.779137, 131.3],
            [-96.808243, 32.779137, 131.3],
            [-96.808243, 32.779137, 131.3],
            [-96.808243, 32.779136, 131.3],
            [-96.808242, 32.779136, 131.3],
            [-96.808242, 32.779136, 131.3],
            [-96.808242, 32.779136, 131.3],
            [-96.808242, 32.779136, 131.3],
            [-96.808242, 32.779136, 131.3],
            [-96.808242, 32.779137, 131.3],
            [-96.808242, 32.779137, 131.3],
            [-96.808242, 32.779137, 131.3],
            [-96.808242, 32.779137, 131.3],
            [-96.808242, 32.779137, 131.3],
            [-96.808242, 32.779137, 131.3],
            [-96.808242, 32.779137, 131.3],
            [-96.808242, 32.779137, 131.3],
            [-96.808242, 32.779137, 131.3],
            [-96.808241, 32.779138, 131.3],
            [-96.808241, 32.779138, 131.3],
            [-96.808242, 32.779138, 131.3],
            [-96.808242, 32.779138, 131.3],
            [-96.808242, 32.779138, 131.3],
            [-96.808241, 32.779138, 131.3],
            [-96.808241, 32.779138, 131.3],
            [-96.808241, 32.779139, 131.3],
            [-96.808241, 32.779139, 131.3],
            [-96.808241, 32.779139, 131.3],
            [-96.808241, 32.779139, 131.3],
            [-96.808241, 32.779139, 131.3],
            [-96.808241, 32.779139, 131.3],
            [-96.808241, 32.779139, 131.3],
            [-96.808241, 32.779139, 131.3],
            [-96.808241, 32.779139, 131.3],
            [-96.808241, 32.779139, 131.3],
            [-96.808241, 32.779139, 131.3],
            [-96.808241, 32.779139, 131.3],
            [-96.808241, 32.779139, 131.3],
            [-96.808241, 32.77914, 131.3],
            [-96.808241, 32.77914, 131.3],
            [-96.808241, 32.77914, 131.3],
            [-96.808241, 32.77914, 131.3],
            [-96.808241, 32.77914, 131.3],
            [-96.808241, 32.77914, 131.3],
            [-96.808241, 32.77914, 131.3],
            [-96.808241, 32.77914, 131.3],
            [-96.808241, 32.779141, 131.3],
            [-96.80824, 32.779141, 131.3],
            [-96.80824, 32.779141, 131.3],
            [-96.80824, 32.779141, 131.3],
            [-96.80824, 32.779141, 131.3],
            [-96.80824, 32.779141, 131.3],
            [-96.80824, 32.779141, 131.3],
            [-96.80824, 32.779141, 131.3],
            [-96.80824, 32.779141, 131.3],
            [-96.80824, 32.779141, 131.3],
            [-96.80824, 32.779141, 131.3],
            [-96.80824, 32.779141, 131.3],
            [-96.80824, 32.779141, 131.3],
            [-96.80824, 32.779141, 131.3],
            [-96.80824, 32.779141, 131.3],
            [-96.80824, 32.779141, 131.3],
            [-96.80824, 32.779141, 131.3],
            [-96.80824, 32.779141, 131.3],
            [-96.80824, 32.779141, 131.3],
            [-96.80824, 32.779141, 131.3],
            [-96.80824, 32.779141, 131.3],
            [-96.80824, 32.779141, 131.3],
            [-96.80824, 32.779141, 131.3],
            [-96.808239, 32.779141, 131.3],
            [-96.808239, 32.779141, 131.3],
            [-96.808239, 32.779141, 131.3],
            [-96.808239, 32.779141, 131.3],
            [-96.808239, 32.779141, 131.3],
            [-96.808239, 32.779141, 131.3],
            [-96.808239, 32.779141, 131.3],
            [-96.808239, 32.779141, 131.3],
            [-96.808239, 32.779142, 131.3],
            [-96.808239, 32.779142, 131.3],
            [-96.808239, 32.779142, 131.3],
            [-96.808239, 32.779142, 131.3],
            [-96.808239, 32.779142, 131.3],
            [-96.808239, 32.779142, 131.3],
            [-96.808239, 32.779142, 131.3],
            [-96.808239, 32.779142, 131.3],
            [-96.808239, 32.779142, 131.3],
            [-96.808239, 32.779143, 131.3],
            [-96.808239, 32.779143, 131.3],
            [-96.808239, 32.779143, 131.3],
            [-96.808239, 32.779143, 131.3],
            [-96.808239, 32.779143, 131.3],
            [-96.808239, 32.779143, 131.3],
            [-96.808239, 32.779143, 131.3],
            [-96.808239, 32.779142, 131.3],
            [-96.808239, 32.779142, 131.3],
            [-96.808239, 32.779143, 131.3],
            [-96.808239, 32.779143, 131.3],
            [-96.808239, 32.779143, 131.3],
            [-96.808239, 32.779143, 131.3],
            [-96.808239, 32.779143, 131.3],
            [-96.808239, 32.779144, 131.3],
            [-96.808239, 32.779144, 131.3],
            [-96.808239, 32.779144, 131.3],
            [-96.808239, 32.779144, 131.3],
            [-96.808239, 32.779144, 131.3],
            [-96.80824, 32.779144, 131.3],
            [-96.80824, 32.779144, 131.3],
            [-96.80824, 32.779144, 131.3],
            [-96.808239, 32.779144, 131.3],
            [-96.808239, 32.779144, 131.3],
            [-96.808239, 32.779144, 131.3],
            [-96.808239, 32.779144, 131.3],
            [-96.808239, 32.779144, 131.3],
            [-96.808239, 32.779144, 131.3],
            [-96.808239, 32.779144, 131.3],
            [-96.808239, 32.779144, 131.3],
            [-96.808239, 32.779144, 131.3],
            [-96.808239, 32.779144, 131.3],
            [-96.808239, 32.779144, 131.3],
            [-96.808239, 32.779144, 131.3],
            [-96.808239, 32.779144, 131.3],
            [-96.80824, 32.779144, 131.3],
            [-96.80824, 32.779144, 131.3],
            [-96.80824, 32.779145, 131.3],
            [-96.80824, 32.779145, 131.3],
            [-96.80824, 32.779145, 131.3],
            [-96.80824, 32.779145, 131.3],
            [-96.80824, 32.779145, 131.3],
            [-96.80824, 32.779145, 131.3],
            [-96.80824, 32.779145, 131.3],
            [-96.80824, 32.779145, 131.3],
            [-96.80824, 32.779145, 131.3],
            [-96.80824, 32.779145, 131.3],
            [-96.80824, 32.779145, 131.3],
            [-96.80824, 32.779145, 131.3],
            [-96.80824, 32.779145, 131.3],
            [-96.80824, 32.779145, 131.3],
            [-96.80824, 32.779145, 131.3],
            [-96.80824, 32.779145, 131.3],
            [-96.80824, 32.779145, 131.3],
            [-96.80824, 32.779145, 131.3],
            [-96.80824, 32.779145, 131.3],
            [-96.80824, 32.779145, 131.3],
            [-96.80824, 32.779145, 131.3],
            [-96.80824, 32.779145, 131.3],
            [-96.80824, 32.779145, 131.3],
            [-96.80824, 32.779145, 131.3],
            [-96.80824, 32.779145, 131.3],
            [-96.80824, 32.779145, 131.3],
            [-96.80824, 32.779145, 131.3],
            [-96.80824, 32.779145, 131.3],
            [-96.808241, 32.779145, 131.3],
            [-96.808241, 32.779146, 131.3],
            [-96.80824, 32.779147, 131.3],
            [-96.808241, 32.779146, 131.3],
            [-96.808241, 32.779147, 131.3],
            [-96.808241, 32.779146, 131.3],
            [-96.80824, 32.779147, 131.3],
            [-96.808241, 32.779154, 131.3],
            [-96.808241, 32.779162, 131.3],
            [-96.80824, 32.779171, 131.3],
            [-96.808241, 32.779165, 131.3],
            [-96.808245, 32.779174, 131.3],
            [-96.808244, 32.779189, 131.3],
            [-96.808227, 32.779202, 131.3],
            [-96.808205, 32.77921, 131.3],
            [-96.80819, 32.77922, 131.3],
            [-96.808186, 32.779234, 131.3],
            [-96.808185, 32.77925, 131.3],
            [-96.808181, 32.779263, 131.3],
            [-96.808176, 32.779277, 131.3],
            [-96.808171, 32.779289, 131.3],
            [-96.808169, 32.779311, 131.3],
            [-96.808169, 32.779319, 131.3],
            [-96.808168, 32.779328, 131.3],
            [-96.808177, 32.779348, 131.3],
            [-96.808177, 32.779375, 131.3],
            [-96.808177, 32.779375, 131.3],
            [-96.808175, 32.779387, 131.3],
            [-96.80817, 32.779396, 131.3],
            [-96.808163, 32.779403, 131.4],
            [-96.808153, 32.77941, 131.4],
            [-96.808145, 32.779414, 131.4],
            [-96.808134, 32.779416, 131.5],
            [-96.808133, 32.779418, 131.5],
            [-96.808131, 32.779419, 131.5],
            [-96.80813, 32.779421, 131.5],
            [-96.808129, 32.779423, 131.5],
            [-96.808128, 32.779425, 131.5],
            [-96.808127, 32.779426, 131.5],
            [-96.808126, 32.779428, 131.6],
            [-96.808124, 32.77943, 131.6],
            [-96.808123, 32.779432, 131.6],
            [-96.808122, 32.779433, 131.6],
            [-96.808121, 32.779435, 131.6],
            [-96.80812, 32.779437, 131.6],
            [-96.808119, 32.779439, 131.6],
            [-96.808117, 32.77944, 131.6],
            [-96.808116, 32.779442, 131.6],
            [-96.808115, 32.779444, 131.6],
            [-96.808076, 32.779462, 131.8],
            [-96.808058, 32.77947, 131.9],
            [-96.808058, 32.77947, 131.9],
            [-96.808039, 32.779479, 132],
            [-96.808005, 32.77949, 132],
            [-96.807985, 32.779495, 131.9],
            [-96.807968, 32.779499, 131.9],
            [-96.807948, 32.779505, 131.9],
            [-96.807931, 32.779509, 131.9],
            [-96.807914, 32.779513, 131.8],
            [-96.807908, 32.77952, 131.8],
            [-96.807911, 32.77953, 131.8],
            [-96.807911, 32.77954, 131.9],
            [-96.807907, 32.779541, 131.9],
            [-96.807908, 32.779542, 131.9],
            [-96.807909, 32.779543, 131.9],
            [-96.80791, 32.779544, 131.9],
            [-96.807912, 32.779546, 131.9],
            [-96.807913, 32.779547, 131.9],
            [-96.807914, 32.779548, 131.9],
            [-96.807915, 32.779549, 131.9],
            [-96.807916, 32.77955, 131.9],
            [-96.807917, 32.779551, 131.9],
            [-96.807918, 32.779552, 131.9],
            [-96.807919, 32.779553, 131.9],
            [-96.807921, 32.779555, 131.9],
            [-96.807922, 32.779556, 131.9],
            [-96.807923, 32.779557, 131.9],
            [-96.807924, 32.779558, 131.9],
            [-96.807925, 32.779559, 131.9],
            [-96.807926, 32.77956, 131.9],
            [-96.807927, 32.779561, 131.9],
            [-96.807928, 32.779562, 131.9],
            [-96.80793, 32.779564, 131.9],
            [-96.807931, 32.779565, 131.9],
            [-96.807932, 32.779566, 131.9],
            [-96.807933, 32.779567, 132],
            [-96.807934, 32.779568, 132],
            [-96.807935, 32.779569, 132],
            [-96.807936, 32.77957, 132],
            [-96.807937, 32.779571, 132],
            [-96.807939, 32.779573, 132],
            [-96.80794, 32.779574, 132],
            [-96.807941, 32.779575, 132],
            [-96.807942, 32.779576, 132],
            [-96.807943, 32.779577, 132],
            [-96.80796, 32.779615, 132],
            [-96.807966, 32.779627, 132],
            [-96.807978, 32.779667, 132],
            [-96.807951, 32.77968, 132],
            [-96.807935, 32.779684, 132],
            [-96.807919, 32.779688, 132],
            [-96.807897, 32.779689, 132],
            [-96.80788, 32.779692, 132],
            [-96.807863, 32.779694, 132],
            [-96.807817, 32.779704, 132],
            [-96.807798, 32.779707, 132],
            [-96.807768, 32.779714, 132],
            [-96.807733, 32.779719, 132],
            [-96.807701, 32.779724, 132],
            [-96.807686, 32.779726, 132],
            [-96.80767, 32.779729, 132],
            [-96.807641, 32.779735, 132],
            [-96.807615, 32.77974, 132],
            [-96.807606, 32.779741, 132],
            [-96.807596, 32.779743, 132],
            [-96.807584, 32.779746, 132],
            [-96.807559, 32.77975, 131.9],
            [-96.807541, 32.779755, 131.9],
            [-96.80753, 32.779763, 131.9],
            [-96.807522, 32.779772, 131.9],
            [-96.807517, 32.779774, 131.9],
            [-96.807513, 32.779776, 131.9],
            [-96.807508, 32.779778, 131.9],
            [-96.807503, 32.77978, 131.9],
            [-96.807498, 32.779782, 131.9],
            [-96.807493, 32.779784, 131.9],
            [-96.807489, 32.779786, 131.9],
            [-96.807484, 32.779788, 131.9],
            [-96.807479, 32.77979, 131.9],
            [-96.807454, 32.779788, 131.9],
            [-96.807438, 32.779787, 131.9],
            [-96.807421, 32.779793, 131.9],
            [-96.807416, 32.779799, 131.9],
            [-96.807428, 32.779801, 131.9],
            [-96.807439, 32.779799, 131.9],
            [-96.807449, 32.779797, 131.9],
            [-96.807459, 32.779797, 131.9],
            [-96.80747, 32.779802, 131.9],
            [-96.807469, 32.779809, 131.9],
            [-96.807463, 32.77981, 131.9],
            [-96.80746, 32.779807, 131.9],
            [-96.807461, 32.779807, 131.9],
            [-96.807461, 32.779806, 131.9],
            [-96.807461, 32.779807, 131.9],
            [-96.807461, 32.779808, 131.9],
            [-96.807461, 32.779809, 131.9],
            [-96.807466, 32.779817, 131.9],
            [-96.807468, 32.779825, 131.9],
            [-96.807469, 32.779833, 131.9],
            [-96.80747, 32.779838, 131.9],
            [-96.807471, 32.779847, 131.9],
            [-96.807484, 32.779866, 131.9],
            [-96.807486, 32.779875, 131.9],
            [-96.807481, 32.779886, 131.9],
            [-96.807474, 32.779887, 131.9],
            [-96.807456, 32.779882, 131.9],
            [-96.807444, 32.779877, 131.9],
            [-96.807439, 32.779874, 131.9],
            [-96.807431, 32.779872, 131.9],
            [-96.807431, 32.779872, 131.9],
            [-96.807431, 32.779872, 131.9],
            [-96.807426, 32.779871, 131.9],
            [-96.807426, 32.779871, 131.9],
            [-96.807418, 32.77987, 131.9],
            [-96.807418, 32.77987, 131.9],
            [-96.807416, 32.779869, 131.9],
            [-96.807416, 32.779862, 131.9],
            [-96.807416, 32.779862, 131.9],
            [-96.807416, 32.779862, 131.9],
            [-96.807418, 32.779859, 131.9],
            [-96.807418, 32.779859, 131.9],
            [-96.807416, 32.779856, 131.9],
            [-96.807416, 32.779856, 131.9],
            [-96.807417, 32.779853, 131.9],
            [-96.807417, 32.779853, 131.9],
            [-96.807409, 32.779845, 131.9],
            [-96.807408, 32.779844, 131.9],
            [-96.807405, 32.779839, 131.9],
            [-96.807405, 32.779839, 131.9],
            [-96.807405, 32.779839, 131.9],
            [-96.807395, 32.779828, 131.9],
            [-96.807395, 32.779828, 131.9],
            [-96.807395, 32.779828, 131.9],
            [-96.807386, 32.779817, 131.9],
            [-96.807386, 32.779817, 131.9],
            [-96.807386, 32.779817, 131.9],
            [-96.807378, 32.779805, 131.9],
            [-96.807378, 32.779805, 131.9],
            [-96.807393, 32.779812, 131.9],
            [-96.807393, 32.779812, 131.9],
            [-96.807393, 32.779812, 131.9],
            [-96.807395, 32.779816, 131.9],
            [-96.807399, 32.779817, 131.9],
            [-96.807403, 32.779819, 131.9],
            [-96.807403, 32.779819, 131.9],
            [-96.807408, 32.77983, 131.9],
            [-96.807415, 32.779839, 131.9],
            [-96.80742, 32.779845, 131.9],
            [-96.80742, 32.779845, 131.9],
            [-96.807428, 32.779852, 131.9],
            [-96.807442, 32.779858, 131.9],
            [-96.80746, 32.779856, 131.9],
            [-96.807465, 32.779852, 131.9],
            [-96.80747, 32.779849, 131.9],
            [-96.807474, 32.779846, 131.9],
            [-96.807479, 32.779842, 131.9],
            [-96.807484, 32.779839, 131.9],
            [-96.807484, 32.779839, 131.9],
            [-96.807488, 32.77984, 131.9],
            [-96.807488, 32.77984, 131.9],
            [-96.807489, 32.779839, 131.9],
            [-96.80749, 32.779835, 131.9],
            [-96.807491, 32.779829, 131.9],
            [-96.807494, 32.779823, 131.9],
            [-96.807502, 32.779806, 132],
            [-96.807501, 32.779793, 132],
            [-96.8075, 32.779779, 132],
            [-96.807499, 32.779766, 132],
            [-96.807489, 32.779751, 132],
            [-96.807466, 32.779747, 132],
            [-96.807419, 32.779751, 132],
            [-96.807394, 32.779756, 132],
            [-96.807355, 32.779768, 132],
            [-96.807344, 32.779771, 132],
            [-96.807326, 32.779774, 132],
            [-96.807305, 32.779782, 132],
            [-96.807305, 32.779782, 132],
            [-96.807291, 32.779789, 132],
            [-96.807277, 32.779792, 132],
            [-96.807266, 32.779796, 132],
            [-96.807255, 32.779802, 132],
            [-96.807242, 32.779818, 132],
            [-96.807232, 32.779821, 132],
            [-96.807218, 32.779823, 132],
            [-96.807201, 32.779826, 132],
            [-96.807184, 32.779829, 132],
            [-96.807169, 32.779836, 132],
            [-96.807148, 32.779839, 132],
            [-96.807127, 32.779838, 132],
            [-96.807104, 32.779838, 132],
            [-96.807089, 32.779845, 132],
            [-96.807069, 32.779849, 132],
            [-96.807053, 32.779856, 132],
            [-96.807035, 32.779863, 132],
            [-96.807007, 32.779872, 132],
            [-96.807007, 32.779872, 132],
            [-96.806993, 32.779876, 132],
            [-96.806967, 32.77988, 132],
            [-96.806946, 32.779886, 132],
            [-96.806938, 32.779889, 132],
            [-96.806921, 32.779894, 132],
            [-96.80689, 32.779902, 132],
            [-96.80689, 32.779902, 132],
            [-96.806858, 32.779912, 132],
            [-96.806858, 32.779912, 132],
            [-96.806842, 32.779916, 132.1],
            [-96.806827, 32.779921, 132.1],
            [-96.806811, 32.779928, 132.1],
            [-96.806794, 32.779933, 132.1],
            [-96.806775, 32.779938, 132.1],
            [-96.806763, 32.779943, 132.1],
            [-96.806749, 32.779948, 132.1],
            [-96.806738, 32.779954, 132.1],
            [-96.806727, 32.779958, 132.1],
            [-96.806715, 32.779961, 132.1],
            [-96.806699, 32.779965, 132.1],
            [-96.806674, 32.779969, 132.1],
            [-96.806663, 32.779972, 132.1],
            [-96.806652, 32.779974, 132.1],
            [-96.806634, 32.779983, 132.1],
            [-96.806597, 32.779994, 132],
            [-96.806554, 32.780006, 131.9],
            [-96.806545, 32.780009, 131.9],
            [-96.806536, 32.780011, 131.9],
            [-96.806527, 32.780014, 131.9],
            [-96.806513, 32.780017, 131.9],
            [-96.806501, 32.78002, 131.9],
            [-96.806475, 32.780024, 131.8],
            [-96.806463, 32.78003, 131.8],
            [-96.806449, 32.780034, 131.8],
            [-96.806422, 32.780041, 131.8],
            [-96.80641, 32.78005, 131.7],
            [-96.806394, 32.780066, 131.7],
            [-96.806382, 32.780077, 131.7],
            [-96.806358, 32.780086, 131.7],
            [-96.806349, 32.780089, 131.7],
            [-96.806339, 32.780091, 131.7],
            [-96.806333, 32.780095, 131.7],
            [-96.80633, 32.780097, 131.7],
            [-96.806328, 32.780098, 131.7],
            [-96.806325, 32.7801, 131.8],
            [-96.806323, 32.780101, 131.8],
            [-96.80632, 32.780102, 131.8],
            [-96.806318, 32.780104, 131.8],
            [-96.806315, 32.780105, 131.8],
            [-96.806313, 32.780107, 131.8],
            [-96.80631, 32.780108, 131.8],
            [-96.806308, 32.780109, 131.8],
            [-96.806305, 32.780111, 131.8],
            [-96.806303, 32.780112, 131.8],
            [-96.8063, 32.780114, 131.8],
            [-96.806298, 32.780115, 131.8],
            [-96.806295, 32.780116, 131.8],
            [-96.806293, 32.780118, 131.8],
            [-96.80629, 32.780119, 131.8],
            [-96.806288, 32.780121, 131.8],
            [-96.806285, 32.780122, 131.8],
            [-96.806275, 32.780144, 131.8],
            [-96.806279, 32.780153, 131.8],
            [-96.806282, 32.780163, 131.8],
            [-96.8063, 32.780188, 131.7],
            [-96.806306, 32.780195, 131.7],
            [-96.806308, 32.780203, 131.7],
            [-96.806304, 32.780205, 131.7],
            [-96.806301, 32.780206, 131.7],
            [-96.806297, 32.780207, 131.7],
            [-96.806293, 32.780209, 131.7],
            [-96.806289, 32.78021, 131.7],
            [-96.806285, 32.780211, 131.7],
            [-96.806282, 32.780213, 131.7],
            [-96.806278, 32.780214, 131.7],
            [-96.806274, 32.780215, 131.7],
            [-96.80627, 32.780216, 131.7],
            [-96.806266, 32.780218, 131.7],
            [-96.806262, 32.780219, 131.7],
            [-96.806259, 32.78022, 131.7],
            [-96.806255, 32.780222, 131.7],
            [-96.806251, 32.780223, 131.7],
            [-96.806245, 32.780237, 131.7],
            [-96.806243, 32.780248, 131.7],
            [-96.806249, 32.780266, 131.7],
            [-96.806262, 32.780284, 131.7],
            [-96.806268, 32.780289, 131.7],
            [-96.806285, 32.78031, 131.6],
            [-96.80629, 32.780321, 131.6],
            [-96.806299, 32.780346, 131.6],
            [-96.806302, 32.780359, 131.6],
            [-96.806301, 32.780382, 131.6],
            [-96.806304, 32.78039, 131.6],
            [-96.806307, 32.780399, 131.6],
            [-96.806325, 32.780425, 131.5],
            [-96.806331, 32.780436, 131.5],
            [-96.806342, 32.780458, 131.5],
            [-96.806346, 32.780467, 131.5],
            [-96.806349, 32.780478, 131.5],
            [-96.806353, 32.780489, 131.5],
            [-96.806356, 32.780502, 131.5],
            [-96.806365, 32.780533, 131.5],
            [-96.806369, 32.78054, 131.5],
            [-96.806377, 32.780571, 131.4],
            [-96.806381, 32.780582, 131.4],
            [-96.80639, 32.780618, 131.4],
            [-96.806393, 32.780633, 131.4],
            [-96.806393, 32.780633, 131.4],
            [-96.806397, 32.780645, 131.4],
            [-96.806402, 32.780652, 131.4],
            [-96.806408, 32.780659, 131.4],
            [-96.806411, 32.780665, 131.4],
            [-96.806412, 32.780667, 131.4],
            [-96.806406, 32.78067, 131.4],
            [-96.806402, 32.780674, 131.4],
            [-96.806399, 32.780678, 131.4],
            [-96.8064, 32.78068, 131.4],
            [-96.806401, 32.780685, 131.4],
            [-96.806403, 32.780691, 131.4],
            [-96.806405, 32.780696, 131.4],
            [-96.806406, 32.780702, 131.4],
            [-96.806408, 32.780707, 131.3],
            [-96.80641, 32.780713, 131.3],
            [-96.806412, 32.780718, 131.3],
            [-96.806418, 32.780734, 131.3],
            [-96.806422, 32.780742, 131.3],
            [-96.806426, 32.780748, 131.3],
            [-96.806436, 32.780761, 131.3],
            [-96.80644, 32.780767, 131.3],
            [-96.806445, 32.780774, 131.3],
            [-96.80645, 32.78078, 131.3],
            [-96.806455, 32.780793, 131.3],
            [-96.806459, 32.780807, 131.3],
            [-96.806472, 32.780843, 131.3],
            [-96.806478, 32.780856, 131.2],
            [-96.806483, 32.780868, 131.2],
            [-96.806489, 32.780881, 131.2],
            [-96.806503, 32.780919, 131.2],
            [-96.80651, 32.780939, 131.2],
            [-96.806515, 32.780957, 131.2],
            [-96.80652, 32.780974, 131.2],
            [-96.806525, 32.780992, 131.2],
            [-96.806527, 32.781006, 131.2],
            [-96.80653, 32.781022, 131.2],
            [-96.806535, 32.781036, 131.2],
            [-96.80654, 32.78105, 131.2],
            [-96.806553, 32.781086, 131.2],
            [-96.80656, 32.781102, 131.2],
            [-96.806566, 32.781116, 131.2],
            [-96.806571, 32.78113, 131.1],
            [-96.806573, 32.781143, 131.1],
            [-96.806577, 32.781155, 131.1],
            [-96.806581, 32.781169, 131.1],
            [-96.806586, 32.781184, 131.1],
            [-96.806591, 32.781199, 131.1],
            [-96.806595, 32.781213, 131.1],
            [-96.806599, 32.781226, 131.1],
            [-96.806605, 32.781241, 131.1],
            [-96.806615, 32.781269, 131],
            [-96.806629, 32.781307, 131],
            [-96.806635, 32.781319, 131],
            [-96.806642, 32.781331, 131],
            [-96.806648, 32.781343, 131],
            [-96.80665, 32.781354, 130.9],
            [-96.80665, 32.781354, 130.9],
            [-96.806645, 32.781363, 130.9],
            [-96.806627, 32.781375, 130.9],
            [-96.806612, 32.781394, 130.9],
            [-96.806607, 32.781404, 130.9],
            [-96.806605, 32.781414, 130.9],
            [-96.806599, 32.78142, 130.9],
            [-96.806595, 32.781422, 130.9],
            [-96.806594, 32.781421, 130.9],
            [-96.806596, 32.781417, 130.9],
            [-96.8066, 32.781413, 130.9],
            [-96.8066, 32.781412, 130.9],
            [-96.806599, 32.781412, 130.9],
            [-96.806597, 32.781411, 130.9],
            [-96.806598, 32.781411, 130.9],
            [-96.806598, 32.78141, 130.9],
            [-96.806599, 32.781411, 130.9],
            [-96.8066, 32.781409, 130.9],
            [-96.806601, 32.781409, 130.9],
            [-96.806601, 32.781409, 130.9],
            [-96.806601, 32.781409, 130.9],
            [-96.806602, 32.781409, 130.9],
            [-96.806603, 32.78141, 130.9],
            [-96.806603, 32.78141, 130.9],
            [-96.806604, 32.78141, 130.9],
            [-96.806592, 32.781394, 130.9],
            [-96.806588, 32.781388, 130.9],
            [-96.806585, 32.781385, 130.9],
            [-96.806582, 32.781382, 130.9],
            [-96.80658, 32.781381, 130.9],
            [-96.806579, 32.781382, 130.9],
            [-96.806579, 32.781384, 130.9],
            [-96.806577, 32.781386, 130.9],
            [-96.806576, 32.781388, 130.9],
            [-96.806575, 32.781392, 130.9],
            [-96.806573, 32.781396, 130.9],
            [-96.806574, 32.7814, 130.9],
            [-96.806578, 32.781411, 130.9],
            [-96.806558, 32.781401, 130.8],
            [-96.80657, 32.781404, 130.8],
            [-96.806577, 32.781412, 130.8],
            [-96.806583, 32.78142, 130.8],
            [-96.80659, 32.781428, 130.8],
            [-96.806597, 32.781436, 130.8],
            [-96.806604, 32.781444, 130.8],
            [-96.806604, 32.781444, 130.8],
            [-96.806607, 32.781449, 130.8],
            [-96.806588, 32.781456, 130.8],
            [-96.806616, 32.781454, 130.8],
            [-96.80663, 32.781457, 130.8],
            [-96.806638, 32.781477, 130.8],
            [-96.806639, 32.781512, 130.8],
            [-96.806637, 32.781524, 130.8],
            [-96.80666, 32.781522, 130.8],
            [-96.806673, 32.781531, 130.8],
            [-96.806679, 32.781565, 130.7],
            [-96.806679, 32.781565, 130.7],
            [-96.806692, 32.781568, 130.7],
            [-96.806705, 32.781568, 130.7],
            [-96.806717, 32.781573, 130.7],
            [-96.806731, 32.781582, 130.7],
            [-96.806742, 32.781588, 130.7],
            [-96.806743, 32.78159, 130.7],
            [-96.806745, 32.781593, 130.7],
            [-96.806751, 32.781594, 130.7],
            [-96.806758, 32.781596, 130.7],
            [-96.806765, 32.781598, 130.7],
            [-96.806772, 32.7816, 130.7],
            [-96.806778, 32.781601, 130.7],
            [-96.806785, 32.781603, 130.7],
            [-96.806802, 32.781622, 130.7],
            [-96.806812, 32.78163, 130.7],
            [-96.806832, 32.781641, 130.7],
            [-96.806842, 32.781646, 130.7],
            [-96.806851, 32.78165, 130.7],
            [-96.806863, 32.781655, 130.7],
            [-96.806871, 32.781665, 130.7],
            [-96.806878, 32.781678, 130.6],
            [-96.806886, 32.781699, 130.6],
            [-96.806889, 32.781707, 130.6],
            [-96.806891, 32.781714, 130.6],
            [-96.806897, 32.781729, 130.6],
            [-96.806903, 32.78174, 130.6],
            [-96.806908, 32.781752, 130.6],
            [-96.806916, 32.781775, 130.6],
            [-96.806919, 32.781784, 130.6],
            [-96.806923, 32.781793, 130.6],
            [-96.806926, 32.781802, 130.6],
            [-96.80693, 32.781811, 130.6],
            [-96.806936, 32.781829, 130.5],
            [-96.806941, 32.78184, 130.5],
            [-96.806945, 32.781852, 130.5],
            [-96.80695, 32.781871, 130.5],
            [-96.806954, 32.781887, 130.5],
            [-96.806963, 32.781916, 130.5],
            [-96.806966, 32.781924, 130.5],
            [-96.80697, 32.78194, 130.5],
            [-96.806969, 32.781955, 130.5],
            [-96.806959, 32.781976, 130.5],
            [-96.806955, 32.781983, 130.5],
            [-96.80695, 32.781991, 130.5],
            [-96.806952, 32.782008, 130.5],
            [-96.80696, 32.782026, 130.5],
            [-96.806969, 32.782041, 130.5],
            [-96.806974, 32.782058, 130.5],
            [-96.806976, 32.782074, 130.5],
            [-96.80698, 32.78209, 130.4],
            [-96.806983, 32.782106, 130.4],
            [-96.806984, 32.782122, 130.4],
            [-96.806986, 32.782136, 130.4],
            [-96.806993, 32.782149, 130.4],
            [-96.807002, 32.782161, 130.4],
            [-96.80701, 32.782173, 130.4],
            [-96.807015, 32.782187, 130.4],
            [-96.807024, 32.782215, 130.4],
            [-96.807031, 32.78223, 130.4],
            [-96.807037, 32.782244, 130.4],
            [-96.807043, 32.782259, 130.4],
            [-96.807048, 32.782274, 130.4],
            [-96.807054, 32.782289, 130.4],
            [-96.807061, 32.782304, 130.4],
            [-96.80707, 32.78232, 130.5],
            [-96.80709, 32.782345, 130.5],
            [-96.80709, 32.782345, 130.5],
            [-96.807098, 32.782356, 130.5],
            [-96.807108, 32.782369, 130.5],
            [-96.807116, 32.782382, 130.5],
            [-96.807131, 32.782406, 130.5],
            [-96.807143, 32.782446, 130.5],
            [-96.807148, 32.782459, 130.5],
            [-96.807152, 32.782471, 130.5],
            [-96.807157, 32.782484, 130.5],
            [-96.807168, 32.78252, 130.5],
            [-96.807171, 32.782529, 130.5],
            [-96.807175, 32.782539, 130.5],
            [-96.807178, 32.782548, 130.5],
            [-96.807185, 32.782571, 130.5],
            [-96.807185, 32.782571, 130.5],
            [-96.807192, 32.782596, 130.5],
            [-96.807192, 32.782596, 130.5],
            [-96.807197, 32.782609, 130.5],
            [-96.807204, 32.782635, 130.5],
            [-96.807208, 32.782647, 130.5],
            [-96.807216, 32.782675, 130.5],
            [-96.807218, 32.782686, 130.5],
            [-96.807219, 32.782697, 130.5],
            [-96.807221, 32.782708, 130.5],
            [-96.807223, 32.782719, 130.5],
            [-96.807226, 32.782732, 130.4],
            [-96.80723, 32.782753, 130.4],
            [-96.807232, 32.782764, 130.4],
            [-96.807234, 32.782774, 130.4],
            [-96.80724, 32.782787, 130.4],
            [-96.807242, 32.782798, 130.4],
            [-96.807242, 32.782804, 130.4],
            [-96.807245, 32.782814, 130.4],
            [-96.807246, 32.78282, 130.4],
            [-96.807244, 32.782829, 130.4],
            [-96.807239, 32.782835, 130.4],
            [-96.807236, 32.782833, 130.4],
            [-96.807236, 32.782833, 130.4],
            [-96.807239, 32.782831, 130.4],
            [-96.807239, 32.782833, 130.4],
            [-96.807238, 32.782835, 130.4],
            [-96.807238, 32.782836, 130.4],
            [-96.807238, 32.782838, 130.4],
            [-96.807238, 32.782839, 130.4],
            [-96.807239, 32.78284, 130.4],
            [-96.80724, 32.782841, 130.4],
            [-96.807242, 32.782842, 130.4],
            [-96.807244, 32.782842, 130.4],
            [-96.807243, 32.782842, 130.4],
            [-96.807235, 32.782846, 130.4],
            [-96.80723, 32.782848, 130.4],
            [-96.807227, 32.782848, 130.4],
            [-96.807226, 32.782848, 130.4],
            [-96.807224, 32.782849, 130.4],
            [-96.807218, 32.782852, 130.4],
            [-96.807223, 32.78285, 130.4],
            [-96.807231, 32.782845, 130.4],
            [-96.807243, 32.78284, 130.4],
            [-96.807257, 32.782849, 130.4],
            [-96.807274, 32.782858, 130.4],
            [-96.807291, 32.782866, 130.4],
            [-96.807307, 32.782869, 130.4],
            [-96.807338, 32.782883, 130.4],
            [-96.807341, 32.782887, 130.4],
            [-96.807343, 32.782891, 130.4],
            [-96.807334, 32.782928, 130.4],
            [-96.807329, 32.782941, 130.4],
            [-96.807323, 32.782961, 130.4],
            [-96.80732, 32.782975, 130.4],
            [-96.807323, 32.783, 130.5],
            [-96.807327, 32.783013, 130.5],
            [-96.807322, 32.783021, 130.5],
            [-96.807313, 32.783026, 130.5],
            [-96.807306, 32.783028, 130.5],
            [-96.807298, 32.783031, 130.5],
            [-96.807291, 32.783036, 130.5],
            [-96.807281, 32.783037, 130.5],
            [-96.807274, 32.783032, 130.5],
            [-96.807273, 32.783028, 130.5],
            [-96.807273, 32.783026, 130.5],
            [-96.807282, 32.783022, 130.5],
            [-96.807287, 32.783023, 130.5],
            [-96.807289, 32.783026, 130.5],
            [-96.807289, 32.783028, 130.5],
            [-96.807289, 32.78303, 130.5],
            [-96.807289, 32.783031, 130.5],
            [-96.80729, 32.783032, 130.5],
            [-96.807289, 32.783035, 130.5],
            [-96.807289, 32.783036, 130.5],
            [-96.80729, 32.783036, 130.5],
            [-96.80729, 32.783038, 130.5],
            [-96.80729, 32.783039, 130.5],
            [-96.80729, 32.783041, 130.5],
            [-96.807289, 32.783041, 130.5],
            [-96.807287, 32.783039, 130.5],
            [-96.807287, 32.783039, 130.5],
            [-96.807287, 32.783038, 130.5],
            [-96.807287, 32.783038, 130.5],
            [-96.807287, 32.783037, 130.5],
            [-96.807287, 32.783037, 130.5],
            [-96.807287, 32.783036, 130.5],
            [-96.807292, 32.783039, 130.5],
            [-96.807299, 32.783039, 130.5],
            [-96.8073, 32.783033, 130.5],
            [-96.807303, 32.783031, 130.5],
            [-96.807305, 32.783028, 130.5],
            [-96.807304, 32.78303, 130.5],
            [-96.807304, 32.78303, 130.5],
            [-96.807304, 32.78303, 130.5],
            [-96.807305, 32.78303, 130.5],
            [-96.807306, 32.78303, 130.5],
            [-96.807308, 32.78303, 130.5],
            [-96.807309, 32.78303, 130.5],
            [-96.807317, 32.783038, 130.5],
            [-96.807319, 32.783038, 130.5],
            [-96.807326, 32.783028, 130.5],
            [-96.807326, 32.783028, 130.5],
            [-96.807336, 32.783023, 130.5],
            [-96.80735, 32.783014, 130.5],
            [-96.807363, 32.783005, 130.4],
            [-96.807373, 32.782995, 130.4],
            [-96.807386, 32.782983, 130.4],
            [-96.807399, 32.782972, 130.4],
            [-96.807411, 32.782962, 130.4],
            [-96.807436, 32.782945, 130.4],
            [-96.807449, 32.782941, 130.4],
            [-96.807461, 32.782937, 130.4],
            [-96.807474, 32.782933, 130.4],
            [-96.807487, 32.782929, 130.4],
            [-96.807505, 32.782922, 130.4],
            [-96.807545, 32.782908, 130.4],
            [-96.807545, 32.782908, 130.4],
            [-96.807561, 32.782901, 130.4],
            [-96.807594, 32.782885, 130.4],
            [-96.807612, 32.782878, 130.4],
            [-96.807629, 32.782872, 130.4],
            [-96.807662, 32.78286, 130.4],
            [-96.807674, 32.782857, 130.4],
            [-96.807713, 32.782847, 130.4],
            [-96.807732, 32.782841, 130.4],
            [-96.80775, 32.78284, 130.4],
            [-96.807768, 32.782838, 130.4],
            [-96.807785, 32.782835, 130.4],
            [-96.807803, 32.782832, 130.4],
            [-96.807821, 32.782827, 130.5],
            [-96.807839, 32.782823, 130.5],
            [-96.807856, 32.782821, 130.5],
            [-96.807883, 32.782816, 130.5],
            [-96.807893, 32.782814, 130.5],
            [-96.807903, 32.782813, 130.5],
            [-96.807918, 32.782811, 130.5],
            [-96.807934, 32.782804, 130.6],
            [-96.807955, 32.782792, 130.6],
            [-96.807964, 32.782788, 130.6],
            [-96.807973, 32.782785, 130.6],
            [-96.807978, 32.782776, 130.6],
            [-96.807985, 32.782767, 130.6],
            [-96.807989, 32.782757, 130.6],
            [-96.807989, 32.782747, 130.7],
            [-96.807998, 32.782736, 130.7],
            [-96.808005, 32.782726, 130.7],
            [-96.808003, 32.782705, 130.7],
            [-96.808007, 32.782693, 130.7],
            [-96.808027, 32.782694, 130.7],
            [-96.808027, 32.782694, 130.7],
            [-96.808036, 32.782693, 130.7],
            [-96.808039, 32.782693, 130.7],
            [-96.808037, 32.782693, 130.7],
            [-96.80804, 32.782694, 130.7],
            [-96.80805, 32.782692, 130.8],
            [-96.808064, 32.78269, 130.8],
            [-96.808092, 32.782685, 130.8],
            [-96.808092, 32.782685, 130.8],
            [-96.808104, 32.782689, 130.8],
            [-96.808107, 32.7827, 130.8],
            [-96.808104, 32.78271, 130.8],
            [-96.808106, 32.782717, 130.8],
            [-96.808111, 32.782723, 130.8],
            [-96.80811, 32.782727, 130.8],
            [-96.808105, 32.782726, 130.8],
            [-96.808103, 32.782723, 130.8],
            [-96.808104, 32.78272, 130.8],
            [-96.808106, 32.782719, 130.8],
            [-96.808106, 32.782719, 130.8],
            [-96.808106, 32.782719, 130.8],
            [-96.808104, 32.782719, 130.8],
            [-96.808103, 32.782719, 130.8],
            [-96.808103, 32.78272, 130.8],
            [-96.808103, 32.78272, 130.8],
            [-96.808105, 32.782721, 130.8],
            [-96.808105, 32.782722, 130.8],
            [-96.808106, 32.782722, 130.8],
            [-96.808107, 32.782723, 130.8],
            [-96.808107, 32.782722, 130.8],
            [-96.808107, 32.782722, 130.8],
            [-96.808108, 32.782717, 130.8],
            [-96.808107, 32.782716, 130.8],
            [-96.808108, 32.782713, 130.8],
            [-96.808106, 32.782713, 130.8],
            [-96.808107, 32.782714, 130.8],
            [-96.808109, 32.782713, 130.8],
            [-96.808109, 32.782713, 130.8],
            [-96.808111, 32.782712, 130.8],
            [-96.808111, 32.782711, 130.8],
            [-96.808111, 32.78271, 130.8],
            [-96.80811, 32.78271, 130.8],
            [-96.80811, 32.78271, 130.8],
            [-96.808109, 32.78271, 130.8],
            [-96.808109, 32.782709, 130.8],
            [-96.808109, 32.782708, 130.8],
            [-96.808105, 32.782709, 130.8],
            [-96.808105, 32.782709, 130.8],
            [-96.808104, 32.782709, 130.8],
            [-96.808105, 32.782708, 130.8],
            [-96.808105, 32.782707, 130.8],
            [-96.808104, 32.782707, 130.8],
            [-96.808104, 32.782707, 130.8],
            [-96.808109, 32.7827, 130.8],
            [-96.80811, 32.7827, 130.8],
            [-96.80811, 32.7827, 130.8],
            [-96.80811, 32.7827, 130.8],
            [-96.80811, 32.7827, 130.8],
            [-96.80811, 32.7827, 130.8],
            [-96.80811, 32.7827, 130.8],
            [-96.80811, 32.7827, 130.8],
            [-96.80811, 32.7827, 130.8],
            [-96.808109, 32.7827, 130.8],
            [-96.808109, 32.7827, 130.8],
            [-96.808109, 32.782701, 130.8],
            [-96.808109, 32.782701, 130.8],
            [-96.808109, 32.782701, 130.8],
            [-96.808109, 32.782701, 130.8],
            [-96.808109, 32.782701, 130.8],
            [-96.808109, 32.782701, 130.8],
            [-96.808109, 32.782701, 130.8],
            [-96.808113, 32.782706, 130.8],
            [-96.808119, 32.782717, 130.8],
            [-96.808124, 32.782696, 130.8],
            [-96.808162, 32.782706, 130.8],
            [-96.80819, 32.782723, 130.8],
            [-96.808198, 32.78273, 130.8],
            [-96.808221, 32.782755, 130.8],
            [-96.808229, 32.782764, 130.8],
            [-96.808243, 32.78278, 130.8],
            [-96.808255, 32.782786, 130.8],
            [-96.808271, 32.782781, 130.7],
            [-96.808282, 32.782799, 130.7],
            [-96.80829, 32.782799, 130.7],
            [-96.808298, 32.782799, 130.6],
            [-96.808305, 32.782798, 130.6],
            [-96.808309, 32.782798, 130.6],
            [-96.808309, 32.782805, 130.6],
            [-96.808308, 32.782811, 130.6],
            [-96.808302, 32.782812, 130.6],
            [-96.808298, 32.782811, 130.6],
            [-96.808294, 32.78281, 130.6],
            [-96.808292, 32.782811, 130.6],
            [-96.808289, 32.782812, 130.6],
            [-96.808284, 32.782815, 130.6],
            [-96.808279, 32.782819, 130.6],
            [-96.808275, 32.782824, 130.7],
            [-96.808267, 32.782838, 130.7],
            [-96.808259, 32.782849, 130.7],
            [-96.808274, 32.782876, 130.7],
            [-96.808288, 32.782891, 130.7],
            [-96.808305, 32.782909, 130.7],
            [-96.808299, 32.78294, 130.7],
            [-96.808299, 32.78294, 130.7],
            [-96.808304, 32.782954, 130.7],
            [-96.808303, 32.782975, 130.7],
            [-96.808296, 32.782985, 130.7],
            [-96.80829, 32.782995, 130.7],
            [-96.808284, 32.783027, 130.7],
            [-96.808284, 32.783027, 130.7],
            [-96.808283, 32.783045, 130.7],
            [-96.808284, 32.783074, 130.8],
            [-96.808287, 32.783088, 130.8],
            [-96.808291, 32.783102, 130.8],
            [-96.808294, 32.783115, 130.8],
            [-96.8083, 32.783142, 130.8],
            [-96.808305, 32.783154, 130.8],
            [-96.808309, 32.783165, 130.8],
            [-96.808314, 32.783177, 130.8],
            [-96.808326, 32.783207, 130.8],
            [-96.80833, 32.783217, 130.8],
            [-96.808338, 32.783254, 130.8],
            [-96.808342, 32.783271, 130.8],
            [-96.808342, 32.783271, 130.8],
            [-96.808349, 32.783303, 130.8],
            [-96.808352, 32.78332, 130.8],
            [-96.80836, 32.783341, 130.8],
            [-96.808365, 32.783349, 130.8],
            [-96.80837, 32.783357, 130.8],
            [-96.808375, 32.783368, 130.8],
            [-96.808368, 32.783385, 130.8],
            [-96.808365, 32.783396, 130.8],
            [-96.808372, 32.783397, 130.8],
            [-96.808372, 32.783386, 130.8],
            [-96.808371, 32.783377, 130.8],
            [-96.808372, 32.783372, 130.8],
            [-96.808372, 32.78337, 130.8],
            [-96.808372, 32.783371, 130.8],
            [-96.808372, 32.783371, 130.8],
            [-96.808372, 32.783371, 130.8],
            [-96.808371, 32.78337, 130.8],
            [-96.808372, 32.78337, 130.8],
            [-96.808368, 32.783369, 130.8],
            [-96.808364, 32.783369, 130.8],
            [-96.808362, 32.783368, 130.8],
            [-96.808362, 32.783367, 130.8],
            [-96.808362, 32.783366, 130.8],
            [-96.808362, 32.783366, 130.8],
            [-96.808366, 32.783363, 130.8],
            [-96.808367, 32.783362, 130.8],
            [-96.808368, 32.783361, 130.8],
            [-96.808368, 32.783361, 130.8],
            [-96.808369, 32.783361, 130.8],
            [-96.808372, 32.783366, 130.8],
            [-96.808374, 32.783367, 130.9],
            [-96.808377, 32.783367, 130.9],
            [-96.808379, 32.783366, 130.9],
            [-96.80838, 32.783366, 130.9],
            [-96.808381, 32.783364, 130.9],
            [-96.808378, 32.783361, 130.9],
            [-96.808376, 32.783359, 130.9],
            [-96.808375, 32.783358, 130.9],
            [-96.808375, 32.783358, 130.9],
            [-96.808375, 32.783357, 130.9],
            [-96.808374, 32.783357, 130.9],
            [-96.808374, 32.783357, 130.9],
            [-96.808374, 32.783357, 130.9],
            [-96.808374, 32.783356, 130.9],
            [-96.808374, 32.783356, 130.9],
            [-96.808373, 32.783356, 130.9],
            [-96.808373, 32.783357, 130.9],
            [-96.808373, 32.783358, 130.9],
            [-96.808373, 32.783358, 130.9],
            [-96.808373, 32.783358, 130.9],
            [-96.808373, 32.783358, 130.9],
            [-96.808372, 32.783358, 130.9],
            [-96.808372, 32.783357, 130.9],
            [-96.808372, 32.783357, 130.9],
            [-96.808372, 32.783357, 130.9],
            [-96.808372, 32.783356, 130.9],
            [-96.808372, 32.783356, 130.9],
            [-96.808372, 32.783356, 130.9],
            [-96.808372, 32.783356, 130.9],
            [-96.808372, 32.783356, 130.9],
            [-96.808372, 32.783356, 130.9],
            [-96.808372, 32.783355, 130.9],
            [-96.808372, 32.783355, 130.9],
            [-96.808371, 32.783355, 130.9],
            [-96.808371, 32.783355, 130.9],
            [-96.808367, 32.783355, 130.9],
            [-96.808366, 32.783357, 130.9],
            [-96.808366, 32.783357, 130.9],
            [-96.808367, 32.783357, 130.9],
            [-96.808367, 32.783357, 130.9],
            [-96.808366, 32.783356, 130.9],
            [-96.808367, 32.783356, 130.9],
            [-96.808367, 32.783356, 130.9],
            [-96.808367, 32.783355, 130.9],
            [-96.808366, 32.783356, 130.9],
            [-96.808366, 32.783356, 130.9],
            [-96.808366, 32.783356, 130.9],
            [-96.808367, 32.783355, 130.9],
            [-96.808367, 32.783355, 130.9],
            [-96.808368, 32.783355, 130.9],
            [-96.808369, 32.78336, 130.9],
            [-96.808369, 32.78336, 130.9],
            [-96.808369, 32.78336, 130.9],
            [-96.808369, 32.783359, 130.9],
            [-96.808369, 32.783359, 130.9],
            [-96.80837, 32.783358, 130.9],
            [-96.808373, 32.783357, 130.9],
            [-96.808377, 32.783352, 130.9],
            [-96.808383, 32.78335, 130.9],
            [-96.80839, 32.783346, 130.9],
            [-96.808398, 32.783341, 130.9],
            [-96.808403, 32.783346, 130.9],
            [-96.808407, 32.783347, 130.9],
            [-96.808406, 32.783348, 130.9],
            [-96.808404, 32.783349, 130.9],
            [-96.808399, 32.783351, 130.9],
            [-96.808395, 32.783354, 130.9],
            [-96.808393, 32.783356, 130.9],
            [-96.808386, 32.78336, 130.9],
            [-96.808384, 32.783361, 130.9],
            [-96.808384, 32.783362, 130.9],
            [-96.808385, 32.783362, 130.9],
            [-96.808385, 32.783362, 130.9],
            [-96.808385, 32.783362, 130.9],
            [-96.808385, 32.783362, 130.9],
            [-96.808385, 32.783361, 130.9],
            [-96.808385, 32.783362, 130.9],
            [-96.808385, 32.783361, 130.9],
            [-96.808385, 32.783361, 130.9],
            [-96.808385, 32.783361, 130.9],
            [-96.808385, 32.783361, 130.9],
            [-96.808385, 32.783361, 130.9],
            [-96.808385, 32.783361, 130.9],
            [-96.808385, 32.783361, 130.9],
            [-96.808385, 32.783361, 130.9],
            [-96.808385, 32.783361, 130.9],
            [-96.808385, 32.783361, 130.9],
            [-96.808385, 32.783361, 130.9],
            [-96.808384, 32.783361, 130.9],
            [-96.808384, 32.783361, 130.9],
            [-96.808384, 32.783361, 130.9],
            [-96.808384, 32.783361, 130.9],
            [-96.808384, 32.783362, 130.9],
            [-96.808384, 32.783361, 130.9],
            [-96.808384, 32.783361, 130.9],
            [-96.808384, 32.783361, 130.9],
            [-96.808384, 32.783361, 130.9],
            [-96.808384, 32.783361, 130.9],
            [-96.808384, 32.783361, 130.9],
            [-96.808384, 32.783361, 130.9],
            [-96.808384, 32.783361, 130.9],
            [-96.808383, 32.783361, 130.9],
            [-96.808383, 32.783361, 130.9],
            [-96.808383, 32.783361, 130.9],
            [-96.808383, 32.783361, 130.9],
            [-96.808384, 32.783361, 130.9],
            [-96.808384, 32.783361, 130.9],
            [-96.808383, 32.783361, 130.9],
            [-96.808383, 32.783361, 130.9],
            [-96.808383, 32.783361, 130.9],
            [-96.808383, 32.783361, 130.9],
            [-96.808383, 32.783361, 130.9],
            [-96.808383, 32.783361, 130.9],
            [-96.808383, 32.783361, 130.9],
            [-96.808383, 32.783361, 130.9],
            [-96.808383, 32.783361, 130.9],
            [-96.808383, 32.783361, 130.9],
            [-96.808383, 32.783361, 130.9],
            [-96.808383, 32.783361, 130.9],
            [-96.808383, 32.78336, 130.9],
            [-96.808382, 32.78336, 130.9],
            [-96.808382, 32.78336, 130.9],
            [-96.808382, 32.78336, 130.9],
            [-96.808382, 32.78336, 130.9],
            [-96.808383, 32.783359, 130.9],
            [-96.808383, 32.783359, 130.9],
            [-96.808383, 32.783359, 130.9],
            [-96.808383, 32.783359, 130.9],
            [-96.808383, 32.783358, 130.9],
            [-96.808383, 32.783358, 130.9],
            [-96.808383, 32.783358, 130.9],
            [-96.808383, 32.783358, 130.9],
            [-96.808384, 32.783359, 130.9],
            [-96.808384, 32.783359, 130.9],
            [-96.808384, 32.783359, 130.9],
            [-96.808384, 32.783359, 130.9],
            [-96.808384, 32.783359, 130.9],
            [-96.808383, 32.783359, 130.9],
            [-96.808383, 32.783359, 130.9],
            [-96.808383, 32.783359, 130.9],
            [-96.808383, 32.783359, 130.9],
            [-96.808383, 32.783359, 130.9],
            [-96.808383, 32.783359, 130.9],
            [-96.808383, 32.783359, 130.9],
            [-96.808383, 32.783359, 130.9],
            [-96.808383, 32.783359, 130.9],
            [-96.808383, 32.783359, 130.9],
            [-96.808383, 32.783359, 130.9],
            [-96.808383, 32.783359, 130.9],
            [-96.808383, 32.783359, 130.9],
            [-96.808383, 32.783359, 130.9],
            [-96.808383, 32.783359, 130.9],
            [-96.808383, 32.783359, 130.9],
            [-96.808383, 32.783359, 130.9],
            [-96.808383, 32.783359, 130.9],
            [-96.808383, 32.783359, 130.9],
            [-96.808383, 32.783359, 130.9],
            [-96.808383, 32.783359, 130.9],
            [-96.808383, 32.783359, 130.9],
            [-96.808383, 32.783359, 130.9],
            [-96.808383, 32.783359, 130.9],
            [-96.808382, 32.783358, 130.9],
            [-96.808382, 32.783358, 130.9],
            [-96.808382, 32.783358, 130.9],
            [-96.808382, 32.783359, 130.9],
            [-96.808382, 32.783359, 130.9],
            [-96.808382, 32.783359, 130.9],
            [-96.808382, 32.783359, 130.9],
            [-96.808382, 32.783359, 130.9],
            [-96.808382, 32.783359, 130.9],
            [-96.808382, 32.783359, 130.9],
            [-96.808382, 32.783359, 130.9],
            [-96.808382, 32.783359, 130.9],
            [-96.808383, 32.783359, 130.9],
            [-96.808383, 32.78336, 130.9],
            [-96.808383, 32.78336, 130.9],
            [-96.808383, 32.783359, 130.9],
            [-96.808383, 32.783359, 130.9],
            [-96.808383, 32.783359, 130.9],
            [-96.808383, 32.783359, 130.9],
            [-96.808383, 32.783359, 130.9],
            [-96.808383, 32.783359, 130.9],
            [-96.808383, 32.783361, 130.9],
            [-96.808384, 32.783361, 130.9],
            [-96.808384, 32.783361, 130.9],
            [-96.808384, 32.783361, 130.9],
            [-96.808383, 32.783362, 130.9],
            [-96.808383, 32.783364, 130.9],
            [-96.808383, 32.783365, 130.9],
            [-96.808383, 32.783365, 130.9],
            [-96.808383, 32.783365, 130.9],
            [-96.808383, 32.783365, 130.9],
            [-96.808383, 32.783366, 130.9],
            [-96.808383, 32.783366, 130.9],
            [-96.808383, 32.783366, 130.9],
            [-96.808383, 32.783366, 130.9],
            [-96.808383, 32.783366, 130.9],
            [-96.808383, 32.783366, 130.9],
            [-96.808383, 32.783366, 130.9],
            [-96.808383, 32.783366, 130.9],
            [-96.808383, 32.783366, 130.9],
            [-96.808384, 32.783366, 130.9],
            [-96.808384, 32.783366, 130.9],
            [-96.808384, 32.783365, 130.9],
            [-96.808384, 32.783365, 130.9],
            [-96.808384, 32.783364, 130.9],
            [-96.808384, 32.783365, 130.9],
            [-96.808384, 32.783364, 130.9],
            [-96.808385, 32.783364, 130.9],
            [-96.808385, 32.783364, 130.9],
            [-96.808385, 32.783364, 130.9],
            [-96.808385, 32.783364, 130.9],
            [-96.808385, 32.783364, 130.9],
            [-96.808385, 32.783364, 130.9],
            [-96.808385, 32.783364, 130.9],
            [-96.808385, 32.783365, 130.9],
            [-96.808385, 32.783365, 130.9],
            [-96.808385, 32.783365, 130.9],
            [-96.808385, 32.783365, 130.9],
            [-96.808385, 32.783365, 130.9],
            [-96.808385, 32.783364, 130.9],
            [-96.808385, 32.783364, 130.9],
            [-96.808386, 32.783364, 130.9],
            [-96.808386, 32.783364, 130.9],
            [-96.808387, 32.783363, 130.9],
            [-96.808387, 32.783363, 130.9],
            [-96.808387, 32.783363, 130.9],
            [-96.808387, 32.783363, 130.9],
            [-96.808387, 32.783363, 130.9],
            [-96.808387, 32.783363, 130.9],
            [-96.808387, 32.783363, 130.9],
            [-96.808388, 32.783363, 130.9],
            [-96.808388, 32.783363, 130.9],
            [-96.808388, 32.783363, 130.9],
            [-96.808387, 32.783363, 130.9],
            [-96.808387, 32.783363, 130.9],
            [-96.808387, 32.783363, 130.9],
            [-96.808387, 32.783363, 130.9],
            [-96.808388, 32.783362, 130.9],
            [-96.808388, 32.783362, 130.9],
            [-96.808388, 32.783362, 130.9],
            [-96.808387, 32.783362, 130.9],
            [-96.808387, 32.783362, 130.9],
            [-96.808387, 32.783362, 130.9],
            [-96.808387, 32.783362, 130.9],
            [-96.808387, 32.783362, 130.9],
            [-96.808387, 32.783362, 130.9],
            [-96.808387, 32.783362, 130.9],
            [-96.808388, 32.783362, 130.9],
            [-96.808388, 32.783362, 130.9],
            [-96.808388, 32.783362, 130.9],
            [-96.808388, 32.783362, 130.9],
            [-96.808388, 32.783362, 130.9],
            [-96.808388, 32.783362, 130.9],
            [-96.808388, 32.783362, 130.9],
            [-96.808388, 32.783362, 130.9],
            [-96.808388, 32.783362, 130.9],
            [-96.808388, 32.783362, 130.9],
            [-96.808387, 32.783362, 130.9],
            [-96.808387, 32.783363, 130.9],
            [-96.808386, 32.783363, 130.9],
            [-96.808386, 32.783363, 130.9],
            [-96.808386, 32.783363, 130.9],
            [-96.808386, 32.783363, 130.9],
            [-96.808385, 32.783364, 130.9],
            [-96.808384, 32.783363, 130.9],
            [-96.808383, 32.783361, 130.9],
            [-96.808383, 32.78336, 130.9],
            [-96.808384, 32.783359, 130.9],
            [-96.808384, 32.783359, 130.9],
            [-96.808384, 32.783359, 130.9],
            [-96.808383, 32.783359, 130.9],
            [-96.808383, 32.783359, 130.9],
            [-96.808383, 32.783359, 130.9],
            [-96.808382, 32.78336, 130.9],
            [-96.808382, 32.78336, 130.9],
            [-96.808381, 32.78336, 130.9],
            [-96.808381, 32.78336, 130.9],
            [-96.808381, 32.78336, 130.9],
            [-96.808381, 32.78336, 130.9],
            [-96.808381, 32.783361, 130.9],
            [-96.80838, 32.783361, 130.9],
            [-96.80838, 32.78336, 130.9],
            [-96.80838, 32.783361, 130.9],
            [-96.80838, 32.783361, 130.9],
            [-96.808379, 32.78336, 130.9],
            [-96.80838, 32.783362, 130.9],
            [-96.80838, 32.783363, 130.9],
            [-96.808379, 32.783363, 130.9],
            [-96.808378, 32.783363, 130.9],
            [-96.808378, 32.783363, 130.9],
            [-96.808377, 32.783364, 130.9],
            [-96.808376, 32.783364, 130.9],
            [-96.808376, 32.783364, 130.9],
            [-96.808375, 32.783365, 130.9],
            [-96.808374, 32.783365, 130.9],
            [-96.808373, 32.783367, 130.9],
            [-96.808373, 32.783368, 130.9],
            [-96.808373, 32.783368, 130.9],
            [-96.808373, 32.783368, 130.9],
            [-96.808373, 32.783368, 130.9],
            [-96.808372, 32.783368, 130.9],
            [-96.808371, 32.783369, 130.9],
            [-96.808371, 32.783368, 130.9],
            [-96.808371, 32.783369, 130.9],
            [-96.80837, 32.783369, 130.9],
            [-96.808369, 32.783369, 130.9],
            [-96.808369, 32.783369, 130.9],
            [-96.808369, 32.783369, 130.9],
            [-96.808369, 32.78337, 130.9],
            [-96.808369, 32.78337, 130.9],
            [-96.808369, 32.783371, 130.9],
            [-96.808369, 32.783371, 130.9],
            [-96.808369, 32.783371, 130.9],
            [-96.808368, 32.78337, 130.9],
            [-96.808368, 32.78337, 130.9],
            [-96.808369, 32.78337, 130.9],
            [-96.808369, 32.78337, 130.9],
            [-96.808369, 32.78337, 130.9],
            [-96.808369, 32.78337, 130.9],
            [-96.808369, 32.78337, 130.9],
            [-96.808368, 32.78337, 130.9],
            [-96.808368, 32.78337, 130.9],
            [-96.808368, 32.783369, 130.9],
            [-96.808368, 32.783369, 130.9],
            [-96.808369, 32.783369, 130.9],
            [-96.808369, 32.783368, 130.9],
            [-96.808369, 32.783368, 130.9],
            [-96.808369, 32.783369, 130.9],
            [-96.808369, 32.783369, 130.9],
            [-96.808369, 32.783368, 130.9],
            [-96.808369, 32.783368, 130.9],
            [-96.808369, 32.783368, 130.9],
            [-96.808369, 32.783368, 130.9],
            [-96.808369, 32.783368, 130.9],
            [-96.808368, 32.783368, 130.9],
            [-96.808368, 32.783368, 130.9],
            [-96.808367, 32.783368, 130.9],
            [-96.808367, 32.783368, 130.9],
            [-96.808366, 32.783368, 130.9],
            [-96.808366, 32.783368, 130.9],
            [-96.808366, 32.783369, 130.9],
            [-96.808366, 32.783369, 130.9],
            [-96.808366, 32.783369, 130.9],
            [-96.808365, 32.783368, 130.9],
            [-96.808364, 32.783368, 130.9],
            [-96.808364, 32.783368, 130.9],
            [-96.808364, 32.783368, 130.9],
            [-96.808364, 32.783368, 130.9],
            [-96.808364, 32.783368, 130.9],
            [-96.808364, 32.783368, 130.9],
            [-96.808364, 32.783368, 130.9],
            [-96.808364, 32.783368, 130.9],
            [-96.808364, 32.783368, 130.9],
            [-96.808363, 32.783368, 130.9],
            [-96.808363, 32.783368, 130.9],
            [-96.808363, 32.783368, 130.9],
            [-96.808363, 32.783368, 130.9],
            [-96.808363, 32.783368, 130.9],
            [-96.808363, 32.783368, 130.9],
            [-96.808363, 32.783368, 130.9],
            [-96.808363, 32.783368, 130.9],
            [-96.808363, 32.783368, 130.9],
            [-96.808363, 32.783368, 130.9],
            [-96.808363, 32.783368, 130.9],
            [-96.808363, 32.783368, 130.9],
            [-96.808363, 32.783368, 130.9],
            [-96.808363, 32.783368, 130.9],
            [-96.808363, 32.783368, 130.9],
            [-96.808363, 32.783368, 130.9],
            [-96.808364, 32.783368, 130.9],
            [-96.808364, 32.783368, 130.9],
            [-96.808364, 32.783368, 130.9],
            [-96.808364, 32.783368, 130.9],
            [-96.808364, 32.783368, 130.9],
            [-96.808364, 32.783368, 130.9],
            [-96.808363, 32.783368, 130.9],
            [-96.808363, 32.783368, 130.9],
            [-96.808364, 32.783368, 130.9],
            [-96.808364, 32.783368, 130.9],
            [-96.808364, 32.783368, 130.9],
            [-96.808364, 32.783367, 130.9],
            [-96.808364, 32.783367, 130.9],
            [-96.808363, 32.783366, 130.9],
            [-96.808362, 32.783367, 130.9],
            [-96.808362, 32.783368, 130.9],
            [-96.808362, 32.783368, 130.9],
            [-96.808362, 32.783368, 130.9],
            [-96.808362, 32.783368, 130.9],
            [-96.808362, 32.783368, 130.9],
            [-96.808362, 32.783368, 130.9],
            [-96.808361, 32.783368, 130.9],
            [-96.80836, 32.783368, 130.9],
            [-96.80836, 32.783367, 130.9],
            [-96.80836, 32.783367, 130.9],
            [-96.80836, 32.783367, 130.9],
            [-96.80836, 32.783367, 130.9],
            [-96.80836, 32.783367, 130.9],
            [-96.80836, 32.783367, 130.9],
            [-96.80836, 32.783367, 130.9],
            [-96.80836, 32.783367, 130.9],
            [-96.80836, 32.783367, 130.9],
            [-96.80836, 32.783367, 130.9],
            [-96.80836, 32.783367, 130.9],
            [-96.80836, 32.783367, 130.9],
            [-96.80836, 32.783367, 130.9],
            [-96.80836, 32.783367, 130.9],
            [-96.80836, 32.783367, 130.9],
            [-96.80836, 32.783368, 130.9],
            [-96.80836, 32.783368, 130.9],
            [-96.808359, 32.783367, 130.9],
            [-96.808359, 32.783367, 130.9],
            [-96.808359, 32.783367, 130.9],
            [-96.80836, 32.783368, 130.9],
            [-96.80836, 32.783368, 130.9],
            [-96.80836, 32.783368, 130.9],
            [-96.80836, 32.783369, 130.9],
            [-96.80836, 32.783369, 130.9],
            [-96.80836, 32.783369, 130.9],
            [-96.80836, 32.783369, 130.9],
            [-96.80836, 32.783369, 130.9],
            [-96.80836, 32.783369, 130.9],
            [-96.80836, 32.783369, 130.9],
            [-96.80836, 32.783369, 130.9],
            [-96.80836, 32.783369, 130.9],
            [-96.80836, 32.783369, 130.9],
            [-96.80836, 32.783369, 130.9],
            [-96.80836, 32.783368, 130.9],
            [-96.80836, 32.783368, 130.9],
            [-96.80836, 32.783368, 130.9],
            [-96.80836, 32.783368, 130.9],
            [-96.80836, 32.783368, 130.9],
            [-96.80836, 32.783368, 130.9],
            [-96.80836, 32.783368, 130.9],
            [-96.80836, 32.783369, 130.9],
            [-96.80836, 32.783369, 130.9],
            [-96.80836, 32.783369, 130.9],
            [-96.80836, 32.783369, 130.9],
            [-96.80836, 32.783369, 130.9],
            [-96.80836, 32.783369, 130.9],
            [-96.80836, 32.783369, 130.9],
            [-96.808359, 32.783369, 130.9],
            [-96.808359, 32.783369, 130.9],
            [-96.808359, 32.78337, 130.9],
            [-96.808358, 32.78337, 130.9],
            [-96.808358, 32.783369, 130.9],
            [-96.808358, 32.783369, 130.9],
            [-96.808358, 32.783369, 130.9],
            [-96.808358, 32.783369, 130.9],
            [-96.808357, 32.783369, 130.9],
            [-96.808357, 32.783369, 130.9],
            [-96.808357, 32.783369, 130.9],
            [-96.808357, 32.783369, 130.9],
            [-96.808356, 32.783368, 130.9],
            [-96.808356, 32.783368, 130.9],
            [-96.808356, 32.783368, 130.9],
            [-96.808356, 32.783368, 130.9],
            [-96.808356, 32.783368, 130.9],
            [-96.808356, 32.783369, 130.9],
            [-96.808356, 32.783369, 130.9],
            [-96.808356, 32.783369, 130.9],
            [-96.808356, 32.783369, 130.9],
            [-96.808357, 32.783369, 130.9],
            [-96.808357, 32.783368, 130.9],
            [-96.808357, 32.783368, 130.9],
            [-96.808357, 32.783368, 130.9],
            [-96.808357, 32.783368, 130.9],
            [-96.808357, 32.783368, 130.9],
            [-96.808358, 32.783368, 130.9],
            [-96.808358, 32.783368, 130.9],
            [-96.808358, 32.783368, 130.9],
            [-96.808358, 32.783368, 130.9],
            [-96.808358, 32.783368, 130.9],
            [-96.808358, 32.783368, 130.9],
            [-96.808358, 32.783368, 130.9],
            [-96.808359, 32.783368, 130.9],
            [-96.808359, 32.783368, 130.9],
            [-96.808359, 32.783367, 130.9],
            [-96.808359, 32.783367, 130.9],
            [-96.808359, 32.783367, 130.9],
            [-96.808359, 32.783367, 130.9],
            [-96.808359, 32.783367, 130.9],
            [-96.808359, 32.783368, 130.9],
            [-96.808359, 32.783368, 130.9],
            [-96.808359, 32.783369, 130.9],
            [-96.808359, 32.783369, 130.9],
            [-96.808358, 32.783368, 130.9],
            [-96.808358, 32.783368, 130.9],
            [-96.808358, 32.783368, 130.9],
            [-96.808358, 32.783368, 130.9],
            [-96.808358, 32.783368, 130.9],
            [-96.808357, 32.783368, 130.9],
            [-96.808357, 32.783368, 130.9],
            [-96.808357, 32.783367, 130.9],
            [-96.808357, 32.783368, 130.9],
            [-96.808357, 32.783368, 130.9],
            [-96.808357, 32.783368, 130.9],
            [-96.808357, 32.783368, 130.9],
            [-96.808357, 32.783368, 130.9],
            [-96.808357, 32.783368, 130.9],
            [-96.808355, 32.78337, 130.9],
            [-96.808355, 32.78337, 130.9],
            [-96.808355, 32.78337, 130.9],
            [-96.808355, 32.78337, 130.9],
            [-96.808354, 32.78337, 130.9],
            [-96.808354, 32.78337, 130.9],
            [-96.808354, 32.783369, 130.9],
            [-96.808354, 32.783369, 130.9],
            [-96.808355, 32.783369, 130.9],
            [-96.808355, 32.783369, 130.9],
            [-96.808355, 32.783368, 130.9],
            [-96.808355, 32.783368, 130.9],
            [-96.808355, 32.783368, 130.9],
            [-96.808355, 32.783368, 130.9],
            [-96.808355, 32.783368, 130.9],
            [-96.808355, 32.783368, 130.9],
            [-96.808355, 32.783368, 130.9],
            [-96.808355, 32.783368, 130.9],
            [-96.808355, 32.783368, 130.9],
            [-96.808354, 32.783369, 130.9],
            [-96.808355, 32.783368, 130.9],
            [-96.808355, 32.783368, 130.9],
            [-96.808354, 32.783369, 130.9],
            [-96.808353, 32.783369, 130.9],
            [-96.808353, 32.78337, 130.9],
            [-96.808353, 32.783369, 130.9],
            [-96.808354, 32.783369, 130.9],
            [-96.808354, 32.783369, 130.9],
            [-96.808354, 32.783369, 130.9],
            [-96.808354, 32.783369, 130.9],
            [-96.808354, 32.783368, 130.9],
            [-96.808354, 32.783368, 130.9],
            [-96.808354, 32.783368, 130.9],
            [-96.808354, 32.783368, 130.9],
            [-96.808354, 32.783368, 130.9],
            [-96.808354, 32.783368, 130.9],
            [-96.808354, 32.783368, 130.9],
            [-96.808354, 32.783368, 130.9],
            [-96.808354, 32.783368, 130.9],
            [-96.808354, 32.783368, 130.9],
            [-96.808354, 32.783367, 130.9],
            [-96.808354, 32.783367, 130.9],
            [-96.808354, 32.783367, 130.9],
            [-96.808354, 32.783367, 130.9],
            [-96.808355, 32.783367, 130.9],
            [-96.808355, 32.783368, 130.9],
            [-96.808355, 32.783368, 130.9],
            [-96.808355, 32.783368, 130.9],
            [-96.808354, 32.783368, 130.9],
            [-96.808354, 32.783369, 130.9],
            [-96.808354, 32.783369, 130.9],
            [-96.808354, 32.78337, 130.9],
            [-96.808357, 32.78337, 130.9],
            [-96.808357, 32.78337, 130.9],
            [-96.808357, 32.783369, 130.9],
            [-96.808357, 32.783369, 130.9],
            [-96.808357, 32.783369, 130.9],
            [-96.808357, 32.783369, 130.9],
            [-96.808358, 32.783369, 130.9],
            [-96.808358, 32.783369, 130.9],
            [-96.808358, 32.783369, 130.9],
            [-96.808358, 32.783369, 130.9],
            [-96.808357, 32.783369, 130.9],
            [-96.808358, 32.783369, 130.9],
            [-96.808358, 32.78337, 130.9],
            [-96.808357, 32.783371, 130.9],
            [-96.808357, 32.783371, 130.9],
            [-96.808357, 32.783371, 130.9],
            [-96.808357, 32.783372, 130.9],
            [-96.808357, 32.783372, 130.9],
            [-96.808357, 32.783372, 130.9],
            [-96.808357, 32.783372, 130.9],
            [-96.808357, 32.783372, 130.9],
            [-96.808356, 32.783371, 130.9],
            [-96.808356, 32.783371, 130.9],
            [-96.808356, 32.783371, 130.9],
            [-96.808356, 32.783371, 130.9],
            [-96.808355, 32.783371, 130.9],
            [-96.808355, 32.783371, 130.9],
            [-96.808354, 32.783372, 130.9],
            [-96.808354, 32.783372, 130.9],
            [-96.808354, 32.783372, 130.9],
            [-96.808354, 32.783373, 130.9],
            [-96.808354, 32.783373, 130.9],
            [-96.808354, 32.783373, 130.9],
            [-96.808354, 32.783373, 130.9],
            [-96.808354, 32.783373, 130.9],
            [-96.808354, 32.783373, 130.9],
            [-96.808353, 32.783373, 130.9],
            [-96.808353, 32.783373, 130.9],
            [-96.808353, 32.783373, 130.9],
            [-96.808353, 32.783373, 130.9],
            [-96.808353, 32.783373, 130.9],
            [-96.808353, 32.783373, 130.9],
            [-96.808353, 32.783373, 130.9],
            [-96.808353, 32.783373, 130.9],
            [-96.808353, 32.783373, 130.9],
            [-96.808354, 32.783373, 130.9],
            [-96.808354, 32.783373, 130.9],
            [-96.808354, 32.783373, 130.9],
            [-96.808354, 32.783373, 130.9],
            [-96.808354, 32.783373, 130.9],
            [-96.808354, 32.783373, 130.9],
            [-96.808354, 32.783373, 130.9],
            [-96.808354, 32.783373, 130.9],
            [-96.808354, 32.783373, 130.9],
            [-96.808354, 32.783373, 130.9],
            [-96.808354, 32.783373, 130.9],
            [-96.808354, 32.783373, 130.9],
            [-96.808354, 32.783373, 130.9],
            [-96.808354, 32.783372, 130.9],
            [-96.808354, 32.783372, 130.9],
            [-96.808354, 32.783372, 130.9],
            [-96.808354, 32.783372, 130.9],
            [-96.808354, 32.783372, 130.9],
            [-96.808354, 32.783372, 130.9],
            [-96.808354, 32.783372, 130.9],
            [-96.808354, 32.783372, 130.9],
            [-96.808354, 32.783372, 130.9],
            [-96.808354, 32.783372, 130.9],
            [-96.808354, 32.783372, 130.9],
            [-96.808353, 32.783371, 130.9],
            [-96.808353, 32.783371, 130.9],
            [-96.808353, 32.783371, 130.9],
            [-96.808353, 32.783371, 130.9],
            [-96.808353, 32.783371, 130.9],
            [-96.808353, 32.783371, 130.9],
            [-96.808353, 32.783371, 130.9],
            [-96.808353, 32.783371, 130.9],
            [-96.808353, 32.783371, 130.9],
            [-96.808353, 32.783371, 130.9],
            [-96.808353, 32.783371, 130.9],
            [-96.808353, 32.783371, 130.9],
            [-96.808353, 32.783371, 130.9],
            [-96.808352, 32.783371, 130.9],
            [-96.808352, 32.783371, 130.9],
            [-96.808352, 32.783371, 130.9],
            [-96.808352, 32.783371, 130.9],
            [-96.808352, 32.783371, 130.9],
            [-96.808351, 32.78337, 130.9],
            [-96.808351, 32.78337, 130.9],
            [-96.808351, 32.78337, 130.9],
            [-96.808351, 32.78337, 130.9],
            [-96.808351, 32.78337, 130.9],
            [-96.80835, 32.78337, 130.9],
            [-96.80835, 32.78337, 130.9],
            [-96.808351, 32.783369, 130.9],
            [-96.80835, 32.78337, 130.9],
            [-96.808348, 32.78337, 130.9],
            [-96.808347, 32.78337, 130.9],
            [-96.808347, 32.783369, 130.9],
            [-96.808347, 32.783369, 130.9],
            [-96.808346, 32.783369, 130.9],
            [-96.808346, 32.783369, 130.9],
            [-96.808346, 32.783369, 130.9],
            [-96.808345, 32.783369, 130.9],
            [-96.808345, 32.783369, 130.9],
            [-96.808345, 32.783369, 130.9],
            [-96.808345, 32.783369, 130.9],
            [-96.808344, 32.783369, 130.9],
            [-96.808343, 32.78337, 130.9],
            [-96.808342, 32.783371, 130.9],
            [-96.808342, 32.783371, 130.9],
            [-96.808342, 32.783371, 130.9],
            [-96.808342, 32.783371, 130.9],
            [-96.808342, 32.783372, 130.9],
            [-96.808336, 32.783369, 130.9],
            [-96.808332, 32.78337, 130.9],
            [-96.808331, 32.783371, 130.9],
            [-96.808331, 32.783371, 130.9],
            [-96.808331, 32.783371, 130.9],
            [-96.808332, 32.783372, 130.9],
            [-96.808327, 32.783371, 130.9],
            [-96.80832, 32.783367, 130.9],
            [-96.808319, 32.783361, 130.9],
            [-96.80832, 32.783352, 130.9],
            [-96.808323, 32.783346, 130.9],
            [-96.808323, 32.783346, 130.9],
            [-96.808323, 32.783329, 130.9],
            [-96.808294, 32.783303, 130.9],
            [-96.808284, 32.783295, 130.9],
            [-96.808291, 32.783263, 130.9],
            [-96.808294, 32.783248, 130.9],
            [-96.808294, 32.783235, 130.9],
            [-96.808299, 32.783222, 130.9],
            [-96.808311, 32.78321, 130.8],
            [-96.808318, 32.783197, 130.8],
            [-96.808325, 32.783183, 130.8],
            [-96.808326, 32.783167, 130.8],
            [-96.808323, 32.78315, 130.8],
            [-96.808285, 32.783114, 130.8],
            [-96.808276, 32.783096, 130.8],
            [-96.808272, 32.783079, 130.8],
            [-96.808269, 32.783065, 130.8],
            [-96.808267, 32.78305, 130.8],
            [-96.808264, 32.783033, 130.8],
            [-96.80826, 32.783019, 130.8],
            [-96.808257, 32.783002, 130.8],
            [-96.808255, 32.782987, 130.8],
            [-96.808254, 32.782971, 130.8],
            [-96.808251, 32.782955, 130.8],
            [-96.808227, 32.782925, 130.8],
            [-96.808218, 32.782907, 130.8],
            [-96.808206, 32.782875, 130.8],
            [-96.808206, 32.782875, 130.8],
            [-96.808199, 32.782858, 130.8],
            [-96.808193, 32.782842, 130.8],
            [-96.808188, 32.782828, 130.8],
            [-96.808184, 32.782815, 130.8],
            [-96.80818, 32.7828, 130.8],
            [-96.808174, 32.782769, 130.8],
            [-96.808171, 32.782753, 130.8],
            [-96.808171, 32.782753, 130.8],
            [-96.80817, 32.78274, 130.8],
            [-96.808167, 32.782725, 130.8],
            [-96.808161, 32.782711, 130.8],
            [-96.808154, 32.782698, 130.8],
            [-96.808141, 32.782687, 130.8],
            [-96.808126, 32.782681, 130.8],
            [-96.808112, 32.782673, 130.8],
            [-96.808081, 32.782664, 130.7],
            [-96.808063, 32.78266, 130.7],
            [-96.808031, 32.782651, 130.7],
            [-96.808031, 32.782651, 130.7],
            [-96.808014, 32.782647, 130.6],
            [-96.808, 32.782644, 130.6],
            [-96.807986, 32.782639, 130.6],
            [-96.807978, 32.782629, 130.6],
            [-96.807976, 32.782618, 130.6],
            [-96.807974, 32.782606, 130.6],
            [-96.807972, 32.782593, 130.6],
            [-96.807969, 32.782576, 130.6],
            [-96.807965, 32.782562, 130.6],
            [-96.807956, 32.782534, 130.6],
            [-96.807953, 32.782525, 130.6],
            [-96.807942, 32.782499, 130.5],
            [-96.807939, 32.782491, 130.5],
            [-96.807931, 32.782475, 130.5],
            [-96.807924, 32.78246, 130.5],
            [-96.807917, 32.782446, 130.6],
            [-96.807906, 32.782419, 130.6],
            [-96.807906, 32.782419, 130.6],
            [-96.8079, 32.782403, 130.6],
            [-96.807894, 32.78239, 130.6],
            [-96.807884, 32.78236, 130.6],
            [-96.807884, 32.78236, 130.6],
            [-96.807881, 32.782344, 130.7],
            [-96.807876, 32.782329, 130.7],
            [-96.807873, 32.782312, 130.7],
            [-96.80787, 32.782297, 130.7],
            [-96.807865, 32.782281, 130.7],
            [-96.807861, 32.782265, 130.7],
            [-96.807858, 32.782249, 130.7],
            [-96.807855, 32.782236, 130.7],
            [-96.807852, 32.782221, 130.7],
            [-96.807848, 32.782204, 130.8],
            [-96.807844, 32.782192, 130.8],
            [-96.807838, 32.782176, 130.8],
            [-96.807834, 32.78216, 130.8],
            [-96.807825, 32.782131, 130.8],
            [-96.807813, 32.782116, 130.8],
            [-96.807799, 32.782089, 130.8],
            [-96.807799, 32.782089, 130.8],
            [-96.807795, 32.782073, 130.8],
            [-96.807791, 32.782058, 130.8],
            [-96.807787, 32.782041, 130.8],
            [-96.807783, 32.782024, 130.7],
            [-96.807777, 32.782007, 130.7],
            [-96.807771, 32.781991, 130.7],
            [-96.807769, 32.781975, 130.7],
            [-96.807761, 32.781947, 130.7],
            [-96.807757, 32.781933, 130.7],
            [-96.807752, 32.781921, 130.7],
            [-96.807748, 32.781907, 130.7],
            [-96.807744, 32.781892, 130.7],
            [-96.807742, 32.781877, 130.7],
            [-96.807739, 32.78186, 130.7],
            [-96.807737, 32.781847, 130.7],
            [-96.807733, 32.781829, 130.7],
            [-96.80773, 32.781812, 130.7],
            [-96.807726, 32.781791, 130.7],
            [-96.807718, 32.781764, 130.8],
            [-96.807715, 32.781755, 130.8],
            [-96.807712, 32.781739, 130.8],
            [-96.807704, 32.781707, 130.8],
            [-96.807698, 32.78169, 130.8],
            [-96.807698, 32.78169, 130.8],
            [-96.807693, 32.781672, 130.8],
            [-96.807692, 32.78166, 130.8],
            [-96.807686, 32.781645, 130.8],
            [-96.807679, 32.781629, 130.8],
            [-96.807673, 32.781614, 130.8],
            [-96.807669, 32.781601, 130.8],
            [-96.807664, 32.781585, 130.8],
            [-96.80766, 32.78157, 130.8],
            [-96.807655, 32.781555, 130.8],
            [-96.807651, 32.78154, 130.8],
            [-96.807646, 32.781524, 130.8],
            [-96.807642, 32.78151, 130.8],
            [-96.807638, 32.781495, 130.8],
            [-96.807633, 32.781481, 130.9],
            [-96.807629, 32.781468, 130.9],
            [-96.807624, 32.781452, 130.9],
            [-96.807617, 32.781425, 130.9],
            [-96.807617, 32.781425, 130.9],
            [-96.807612, 32.78141, 130.9],
            [-96.807603, 32.781383, 130.9],
            [-96.807597, 32.781368, 130.9],
            [-96.807597, 32.781368, 130.9],
            [-96.807585, 32.781355, 130.9],
            [-96.807568, 32.781352, 130.9],
            [-96.807532, 32.781357, 130.8],
            [-96.807532, 32.781357, 130.8],
            [-96.807514, 32.781362, 130.8],
            [-96.807476, 32.781373, 130.8],
            [-96.807454, 32.78138, 130.7],
            [-96.807437, 32.781383, 130.7],
            [-96.807417, 32.781387, 130.7],
            [-96.807398, 32.78139, 130.7],
            [-96.80736, 32.781399, 130.6],
            [-96.807338, 32.781402, 130.6],
            [-96.807321, 32.781406, 130.6],
            [-96.807301, 32.781411, 130.5],
            [-96.807283, 32.781415, 130.5],
            [-96.807266, 32.78142, 130.5],
            [-96.807247, 32.781423, 130.5],
            [-96.807229, 32.781425, 130.5],
            [-96.807212, 32.781427, 130.4],
            [-96.807194, 32.78143, 130.4],
            [-96.807174, 32.781436, 130.4],
            [-96.807138, 32.781442, 130.3],
            [-96.807108, 32.781448, 130.3],
            [-96.807097, 32.781451, 130.3],
            [-96.807085, 32.781453, 130.3],
            [-96.807073, 32.781456, 130.3],
            [-96.807036, 32.781463, 130.2],
            [-96.807019, 32.781468, 130.2],
            [-96.807004, 32.781476, 130.2],
            [-96.806989, 32.78148, 130.2],
            [-96.806972, 32.781478, 130.2],
            [-96.806956, 32.781481, 130.2],
            [-96.806939, 32.781485, 130.1],
            [-96.806924, 32.781492, 130.1],
            [-96.806909, 32.781496, 130.1],
            [-96.806893, 32.7815, 130.1],
            [-96.806875, 32.781502, 130.2],
            [-96.806855, 32.781502, 130.2],
            [-96.806842, 32.781499, 130.3],
            [-96.80683, 32.781497, 130.3],
            [-96.806816, 32.781497, 130.4],
            [-96.8068, 32.781504, 130.4],
            [-96.806771, 32.781507, 130.5],
            [-96.806771, 32.781507, 130.5],
            [-96.806759, 32.78151, 130.6],
            [-96.806732, 32.781514, 130.7],
            [-96.806719, 32.781514, 130.7],
            [-96.806707, 32.781496, 130.7],
            [-96.806694, 32.781488, 130.8],
            [-96.806678, 32.781488, 130.8],
            [-96.806663, 32.781486, 130.8],
            [-96.806653, 32.781466, 130.8],
            [-96.806653, 32.781466, 130.8],
            [-96.80665, 32.781449, 130.8],
            [-96.806638, 32.781444, 130.8],
            [-96.806625, 32.78144, 130.8],
            [-96.806613, 32.781433, 130.9],
            [-96.806593, 32.781421, 130.9],
            [-96.806593, 32.781421, 130.9],
            [-96.806583, 32.781414, 130.9],
            [-96.806583, 32.781398, 130.9],
            [-96.806594, 32.781389, 130.9],
            [-96.806605, 32.781379, 130.9],
            [-96.806622, 32.781368, 130.9],
            [-96.806635, 32.781359, 130.9],
            [-96.806643, 32.781352, 131],
            [-96.806646, 32.781328, 131],
            [-96.806635, 32.781315, 131],
            [-96.806626, 32.781304, 131],
            [-96.806614, 32.781285, 131],
            [-96.806609, 32.781276, 131],
            [-96.806605, 32.781268, 131.1],
            [-96.806596, 32.781239, 131.1],
            [-96.806593, 32.781236, 131.1],
            [-96.806591, 32.781232, 131.1],
            [-96.806583, 32.781214, 131.1],
            [-96.806581, 32.781206, 131.1],
            [-96.806578, 32.781197, 131.1],
            [-96.806575, 32.781181, 131.1],
            [-96.806571, 32.781164, 131.1],
            [-96.806568, 32.781149, 131.1],
            [-96.806565, 32.781134, 131.1],
            [-96.806561, 32.781112, 131.2],
            [-96.806559, 32.781104, 131.2],
            [-96.806558, 32.781096, 131.2],
            [-96.80655, 32.781073, 131.2],
            [-96.806546, 32.781061, 131.2],
            [-96.806546, 32.781061, 131.2],
            [-96.806542, 32.781046, 131.2],
            [-96.806529, 32.781011, 131.2],
            [-96.80652, 32.780984, 131.2],
            [-96.806511, 32.780957, 131.2],
            [-96.806509, 32.780948, 131.2],
            [-96.806501, 32.780914, 131.2],
            [-96.806501, 32.780914, 131.2],
            [-96.806494, 32.780884, 131.2],
            [-96.806494, 32.780884, 131.2],
            [-96.806492, 32.780867, 131.2],
            [-96.806489, 32.780853, 131.2],
            [-96.806482, 32.780831, 131.3],
            [-96.806477, 32.780823, 131.3],
            [-96.806473, 32.780815, 131.3],
            [-96.806466, 32.780807, 131.3],
            [-96.806457, 32.780801, 131.3],
            [-96.80645, 32.780805, 131.3],
            [-96.806441, 32.780809, 131.3],
            [-96.806425, 32.78081, 131.3],
            [-96.806414, 32.780811, 131.3],
            [-96.806403, 32.780813, 131.3],
            [-96.80639, 32.780816, 131.3],
            [-96.806377, 32.78082, 131.3],
            [-96.806366, 32.780827, 131.4],
            [-96.806367, 32.780847, 131.4],
            [-96.806377, 32.780851, 131.4],
            [-96.806379, 32.780846, 131.4],
            [-96.806379, 32.780846, 131.4],
            [-96.806379, 32.780846, 131.4],
            [-96.806376, 32.780846, 131.4],
            [-96.806372, 32.780847, 131.4],
            [-96.806369, 32.780849, 131.4],
            [-96.806368, 32.780849, 131.4],
            [-96.806366, 32.780853, 131.4],
            [-96.806365, 32.780854, 131.4],
            [-96.806365, 32.780853, 131.4],
            [-96.806365, 32.780852, 131.4],
            [-96.806366, 32.780853, 131.4],
            [-96.806366, 32.780855, 131.4],
            [-96.806366, 32.780856, 131.4],
            [-96.806368, 32.780856, 131.4],
            [-96.806367, 32.780857, 131.4],
            [-96.806367, 32.780857, 131.4],
            [-96.806367, 32.780857, 131.4],
            [-96.806359, 32.780859, 131.4],
            [-96.80636, 32.780865, 131.4],
            [-96.806361, 32.780867, 131.4],
            [-96.806363, 32.780868, 131.4],
            [-96.806363, 32.780868, 131.4],
            [-96.806367, 32.780868, 131.4],
            [-96.80637, 32.780873, 131.4],
            [-96.806373, 32.780877, 131.4],
            [-96.806373, 32.780877, 131.4],
            [-96.806374, 32.780878, 131.4],
            [-96.806376, 32.780877, 131.4],
            [-96.806381, 32.780875, 131.4],
            [-96.806389, 32.780873, 131.4],
            [-96.806398, 32.780871, 131.4],
            [-96.806414, 32.780874, 131.4],
            [-96.806419, 32.780873, 131.4],
            [-96.806427, 32.78087, 131.4],
            [-96.806435, 32.780866, 131.4],
            [-96.80644, 32.780863, 131.4],
            [-96.806442, 32.780863, 131.4],
            [-96.806443, 32.780862, 131.4],
            [-96.806445, 32.780861, 131.4],
            [-96.806448, 32.780859, 131.4],
            [-96.806451, 32.780856, 131.4],
            [-96.806452, 32.780856, 131.4],
            [-96.806453, 32.780856, 131.4],
            [-96.806454, 32.780855, 131.4],
            [-96.806456, 32.780853, 131.4],
            [-96.806446, 32.780859, 131.4],
            [-96.806451, 32.780868, 131.4],
            [-96.80645, 32.780874, 131.4],
            [-96.806449, 32.780878, 131.4],
            [-96.806447, 32.78088, 131.4],
            [-96.806446, 32.780882, 131.4],
            [-96.806432, 32.780887, 131.4],
            [-96.806428, 32.780889, 131.4],
            [-96.806452, 32.780882, 131.4],
            [-96.806466, 32.780878, 131.4],
            [-96.806475, 32.780876, 131.4],
            [-96.806468, 32.780867, 131.4],
            [-96.806461, 32.780865, 131.4],
            [-96.806452, 32.780865, 131.4],
            [-96.806443, 32.780865, 131.4],
            [-96.806436, 32.780866, 131.4],
            [-96.806429, 32.780868, 131.4],
            [-96.806422, 32.78087, 131.4],
            [-96.806437, 32.780883, 131.4],
            [-96.806439, 32.780888, 131.4],
            [-96.806439, 32.780891, 131.4],
            [-96.806438, 32.780893, 131.4],
            [-96.806436, 32.780895, 131.4],
            [-96.806427, 32.780887, 131.4],
            [-96.806455, 32.780878, 131.4],
            [-96.806469, 32.780874, 131.4],
            [-96.806475, 32.780872, 131.4],
            [-96.806477, 32.780872, 131.4],
            [-96.806465, 32.780869, 131.4],
            [-96.806458, 32.780869, 131.4],
            [-96.80645, 32.78087, 131.4],
            [-96.806441, 32.780871, 131.4],
            [-96.806442, 32.780878, 131.4],
            [-96.806436, 32.780883, 131.4],
            [-96.806429, 32.780885, 131.4],
            [-96.806424, 32.780887, 131.4],
            [-96.80642, 32.780888, 131.4],
            [-96.806416, 32.780889, 131.4],
            [-96.806418, 32.780888, 131.4],
            [-96.806417, 32.780888, 131.4],
            [-96.806415, 32.780888, 131.4],
            [-96.806413, 32.780888, 131.4],
            [-96.806412, 32.780889, 131.4],
            [-96.80641, 32.780889, 131.4],
            [-96.806409, 32.78089, 131.4],
            [-96.806413, 32.780887, 131.4],
            [-96.806415, 32.780886, 131.4],
            [-96.806415, 32.780886, 131.4],
            [-96.806415, 32.780886, 131.4],
            [-96.80641, 32.780894, 131.4],
            [-96.806407, 32.780897, 131.4],
            [-96.806406, 32.780898, 131.4],
            [-96.806405, 32.780899, 131.4],
            [-96.806404, 32.780899, 131.4],
            [-96.806402, 32.780899, 131.4],
            [-96.806395, 32.780907, 131.4],
            [-96.806393, 32.780908, 131.4],
            [-96.806391, 32.780909, 131.4],
            [-96.806389, 32.78091, 131.4],
            [-96.806388, 32.78091, 131.4],
            [-96.806394, 32.7809, 131.4],
            [-96.806395, 32.780898, 131.4],
            [-96.806396, 32.780897, 131.4],
            [-96.806396, 32.780896, 131.4],
            [-96.806387, 32.780891, 131.4],
            [-96.806383, 32.780889, 131.4],
            [-96.806382, 32.780889, 131.4],
            [-96.806382, 32.780889, 131.4],
            [-96.806382, 32.780889, 131.4],
            [-96.806381, 32.780888, 131.4],
            [-96.806392, 32.780893, 131.4],
            [-96.806395, 32.780895, 131.4],
            [-96.806396, 32.780895, 131.4],
            [-96.806396, 32.780896, 131.4],
            [-96.806396, 32.780897, 131.4],
            [-96.806394, 32.780892, 131.4],
            [-96.806394, 32.780891, 131.4],
            [-96.806395, 32.78089, 131.4],
            [-96.806396, 32.780888, 131.4],
            [-96.806397, 32.780887, 131.4],
            [-96.8064, 32.780902, 131.4],
            [-96.806402, 32.780907, 131.4],
            [-96.806403, 32.780908, 131.4],
            [-96.806404, 32.780909, 131.4],
            [-96.806404, 32.780909, 131.4],
            [-96.806391, 32.780896, 131.4],
            [-96.806388, 32.780894, 131.4],
            [-96.806387, 32.780893, 131.4],
            [-96.806385, 32.780893, 131.4],
            [-96.806384, 32.780893, 131.4],
            [-96.806379, 32.780889, 131.4],
            [-96.806378, 32.780888, 131.4],
            [-96.806377, 32.780887, 131.4],
            [-96.806376, 32.780887, 131.4],
            [-96.806375, 32.780887, 131.4],
            [-96.806403, 32.780905, 131.4],
            [-96.806409, 32.780909, 131.4],
            [-96.806412, 32.780911, 131.4],
            [-96.806413, 32.780912, 131.4],
            [-96.806414, 32.780912, 131.4],
            [-96.806395, 32.78089, 131.4],
            [-96.806392, 32.780884, 131.4],
            [-96.80639, 32.780882, 131.4],
            [-96.80639, 32.780881, 131.4],
            [-96.806389, 32.780881, 131.4],
            [-96.80639, 32.780884, 131.4],
            [-96.80639, 32.780885, 131.4],
            [-96.80639, 32.780886, 131.4],
            [-96.80639, 32.780885, 131.4],
            [-96.80639, 32.780885, 131.4],
            [-96.806382, 32.780882, 131.4],
            [-96.806382, 32.780881, 131.4],
            [-96.806382, 32.780881, 131.4],
            [-96.806383, 32.780881, 131.4],
            [-96.806383, 32.780882, 131.4],
            [-96.806384, 32.780882, 131.4],
            [-96.806385, 32.780882, 131.4],
            [-96.806385, 32.780882, 131.4],
            [-96.806386, 32.780882, 131.4],
            [-96.806387, 32.780882, 131.4],
            [-96.806387, 32.780882, 131.4],
            [-96.806388, 32.780883, 131.4],
            [-96.806388, 32.780883, 131.4],
            [-96.806389, 32.780883, 131.4],
            [-96.80639, 32.780883, 131.4],
            [-96.80639, 32.780883, 131.4],
            [-96.806391, 32.780883, 131.4],
            [-96.806392, 32.780883, 131.4],
            [-96.806392, 32.780884, 131.4],
            [-96.806393, 32.780884, 131.4],
            [-96.806393, 32.780884, 131.4],
            [-96.806394, 32.780884, 131.4],
            [-96.806395, 32.780884, 131.4],
            [-96.806395, 32.780884, 131.4],
            [-96.806396, 32.780884, 131.4],
            [-96.806396, 32.780885, 131.4],
            [-96.806397, 32.780885, 131.4],
            [-96.806398, 32.780885, 131.4],
            [-96.806398, 32.780885, 131.4],
            [-96.806399, 32.780885, 131.4],
            [-96.8064, 32.780885, 131.4],
            [-96.8064, 32.780885, 131.4],
            [-96.806401, 32.780886, 131.4],
            [-96.806401, 32.780886, 131.4],
            [-96.806402, 32.780886, 131.4],
            [-96.806403, 32.780886, 131.4],
            [-96.806403, 32.780886, 131.4],
            [-96.806404, 32.780886, 131.4],
            [-96.806404, 32.780887, 131.4],
            [-96.806405, 32.780887, 131.4],
            [-96.806406, 32.780887, 131.4],
            [-96.806406, 32.780887, 131.4],
            [-96.806407, 32.780887, 131.4],
            [-96.806408, 32.780887, 131.4],
            [-96.806408, 32.780887, 131.4],
            [-96.806409, 32.780888, 131.4],
            [-96.806409, 32.780888, 131.4],
            [-96.80641, 32.780888, 131.4],
            [-96.806411, 32.780888, 131.4],
            [-96.806411, 32.780888, 131.4],
            [-96.806412, 32.780888, 131.4],
            [-96.806413, 32.780888, 131.4],
            [-96.806413, 32.780889, 131.4],
            [-96.806414, 32.780889, 131.4],
            [-96.806414, 32.780889, 131.4],
            [-96.806415, 32.780889, 131.4],
            [-96.806416, 32.780889, 131.4],
            [-96.806416, 32.780889, 131.4],
            [-96.806417, 32.780889, 131.4],
            [-96.806417, 32.78089, 131.4],
            [-96.806418, 32.78089, 131.4],
            [-96.806419, 32.78089, 131.4],
            [-96.806419, 32.78089, 131.4],
            [-96.80642, 32.78089, 131.4],
            [-96.806421, 32.78089, 131.4],
            [-96.806421, 32.78089, 131.4],
            [-96.806422, 32.780891, 131.4],
            [-96.806422, 32.780891, 131.4],
            [-96.806423, 32.780891, 131.4],
            [-96.806424, 32.780891, 131.4],
            [-96.806424, 32.780891, 131.4],
            [-96.806425, 32.780891, 131.4],
            [-96.806426, 32.780891, 131.4],
            [-96.806426, 32.780892, 131.4],
            [-96.806427, 32.780892, 131.4],
            [-96.806427, 32.780892, 131.4],
            [-96.806428, 32.780892, 131.4],
            [-96.806392, 32.780886, 131.4],
            [-96.806389, 32.780886, 131.4],
            [-96.806389, 32.780887, 131.4],
            [-96.80639, 32.780887, 131.4],
            [-96.806431, 32.780896, 131.4],
            [-96.806439, 32.7809, 131.4],
            [-96.806442, 32.780904, 131.4],
            [-96.806414, 32.780901, 131.4],
            [-96.806398, 32.780898, 131.4],
            [-96.806388, 32.780897, 131.4],
            [-96.806382, 32.780897, 131.4],
            [-96.806375, 32.780899, 131.4],
            [-96.806373, 32.780901, 131.4],
            [-96.806371, 32.780901, 131.4],
            [-96.806384, 32.78089, 131.4],
            [-96.806384, 32.780891, 131.4],
            [-96.806383, 32.780891, 131.4],
            [-96.806381, 32.780891, 131.4],
            [-96.806379, 32.780891, 131.4],
            [-96.806376, 32.780891, 131.4],
            [-96.806369, 32.780894, 131.4],
            [-96.806369, 32.780894, 131.4],
            [-96.806369, 32.780894, 131.4],
            [-96.806359, 32.780896, 131.4],
            [-96.806359, 32.780896, 131.4],
            [-96.806359, 32.780896, 131.4],
            [-96.80636, 32.780895, 131.4],
            [-96.80636, 32.780895, 131.4],
            [-96.80636, 32.780895, 131.4],
            [-96.806357, 32.780891, 131.4],
            [-96.806357, 32.780891, 131.4],
            [-96.806357, 32.780891, 131.4],
            [-96.806361, 32.78089, 131.4],
            [-96.806361, 32.78089, 131.4],
            [-96.806361, 32.78089, 131.4],
            [-96.806361, 32.780888, 131.4],
            [-96.806361, 32.780888, 131.4],
            [-96.806361, 32.780888, 131.4],
            [-96.806361, 32.780879, 131.4],
            [-96.806361, 32.780879, 131.4],
            [-96.806361, 32.780879, 131.4],
            [-96.806355, 32.780876, 131.4],
            [-96.806355, 32.780876, 131.4],
            [-96.806355, 32.780876, 131.4],
            [-96.806358, 32.780873, 131.4],
            [-96.806358, 32.780873, 131.4],
            [-96.806358, 32.780873, 131.4],
            [-96.806356, 32.780877, 131.4],
            [-96.806356, 32.780877, 131.4],
            [-96.806356, 32.780877, 131.4],
            [-96.806358, 32.780882, 131.4],
            [-96.806358, 32.780882, 131.4],
            [-96.806358, 32.780882, 131.4],
            [-96.806357, 32.78089, 131.4],
            [-96.806357, 32.78089, 131.4],
            [-96.806357, 32.78089, 131.4],
            [-96.806353, 32.780888, 131.4],
            [-96.806353, 32.780888, 131.4],
            [-96.806353, 32.780888, 131.4],
            [-96.806348, 32.780894, 131.4],
            [-96.806348, 32.780894, 131.4],
            [-96.806344, 32.780889, 131.4],
            [-96.806335, 32.78089, 131.4],
            [-96.806332, 32.780889, 131.4],
            [-96.806324, 32.780888, 131.4],
            [-96.806324, 32.780888, 131.4],
            [-96.806324, 32.780888, 131.4],
            [-96.806285, 32.780888, 131.4],
            [-96.806288, 32.780889, 131.4],
            [-96.806291, 32.78089, 131.4],
            [-96.806294, 32.780891, 131.4],
            [-96.806296, 32.780892, 131.4],
            [-96.806299, 32.780893, 131.4],
            [-96.806302, 32.780894, 131.4],
            [-96.806305, 32.780895, 131.4],
            [-96.806308, 32.780897, 131.4],
            [-96.806311, 32.780898, 131.4],
            [-96.806314, 32.780899, 131.4],
            [-96.806317, 32.7809, 131.4],
            [-96.806319, 32.780901, 131.4],
            [-96.806322, 32.780902, 131.4],
            [-96.806325, 32.780903, 131.4],
            [-96.806328, 32.780904, 131.4],
            [-96.806368, 32.780909, 131.4],
            [-96.806379, 32.780909, 131.4],
            [-96.806398, 32.78091, 131.4],
            [-96.806418, 32.780912, 131.5],
            [-96.806418, 32.780912, 131.5],
            [-96.806439, 32.780915, 131.5],
            [-96.806459, 32.780918, 131.5],
            [-96.80646, 32.780915, 131.5],
            [-96.806455, 32.780913, 131.5],
            [-96.806451, 32.780912, 131.5],
            [-96.806446, 32.78091, 131.5],
            [-96.806441, 32.780909, 131.5],
            [-96.806436, 32.780908, 131.5],
            [-96.806431, 32.780906, 131.5],
            [-96.806426, 32.780905, 131.5],
            [-96.806422, 32.780903, 131.5],
            [-96.806417, 32.780902, 131.5],
            [-96.806412, 32.7809, 131.5],
            [-96.806407, 32.780899, 131.5],
            [-96.806402, 32.780898, 131.5],
            [-96.806397, 32.780896, 131.5],
            [-96.806393, 32.780895, 131.5],
            [-96.806388, 32.780893, 131.5],
            [-96.806383, 32.780892, 131.5],
            [-96.806388, 32.78089, 131.5],
            [-96.806392, 32.780889, 131.5],
            [-96.806397, 32.780887, 131.5],
            [-96.806401, 32.780885, 131.5],
            [-96.806406, 32.780884, 131.5],
            [-96.80641, 32.780882, 131.4],
            [-96.806415, 32.78088, 131.4],
            [-96.806419, 32.780878, 131.4],
            [-96.806424, 32.780877, 131.4],
            [-96.806428, 32.780875, 131.4],
            [-96.806461, 32.780869, 131.4],
            [-96.80656, 32.780849, 131.3],
            [-96.80663, 32.780837, 131],
            [-96.8067, 32.780825, 131],
            [-96.806713, 32.780822, 131],
            [-96.806716, 32.780822, 131],
            [-96.806716, 32.780822, 131],
            [-96.806716, 32.780821, 131],
            [-96.806716, 32.780821, 131],
            [-96.806716, 32.780821, 131],
            [-96.806716, 32.780821, 131],
            [-96.806716, 32.780821, 131],
            [-96.806716, 32.780821, 131],
            [-96.806716, 32.780821, 131],
            [-96.806716, 32.780821, 131],
            [-96.806718, 32.780819, 131],
            [-96.806718, 32.780819, 131],
            [-96.806718, 32.780818, 131],
            [-96.806717, 32.780817, 131],
            [-96.806717, 32.780817, 131],
            [-96.806716, 32.780816, 131],
            [-96.806716, 32.780816, 131],
            [-96.806717, 32.780816, 131],
            [-96.806717, 32.780817, 131],
            [-96.806718, 32.780818, 131],
            [-96.806719, 32.780818, 131],
            [-96.806719, 32.780818, 131],
            [-96.806719, 32.780819, 131],
            [-96.80672, 32.780819, 131],
            [-96.80672, 32.780819, 131],
            [-96.806721, 32.780819, 131],
            [-96.80672, 32.780819, 131],
            [-96.806721, 32.780819, 131],
            [-96.806721, 32.780819, 131],
            [-96.806722, 32.780819, 131],
            [-96.806722, 32.780819, 131],
            [-96.806722, 32.780819, 131],
            [-96.806722, 32.780819, 131],
            [-96.806723, 32.780819, 131],
            [-96.806723, 32.78082, 131],
            [-96.806723, 32.78082, 131],
            [-96.806723, 32.78082, 131],
            [-96.806723, 32.78082, 131],
            [-96.806724, 32.78082, 131],
            [-96.806724, 32.78082, 131],
            [-96.806725, 32.78082, 131],
            [-96.806725, 32.78082, 131],
            [-96.806725, 32.78082, 131],
            [-96.806725, 32.78082, 131],
            [-96.806726, 32.78082, 131],
            [-96.806726, 32.78082, 131],
            [-96.806726, 32.78082, 131],
            [-96.806726, 32.78082, 131],
            [-96.806726, 32.78082, 131],
            [-96.806727, 32.78082, 131],
            [-96.806728, 32.78082, 131],
            [-96.806728, 32.78082, 131],
            [-96.806729, 32.78082, 131],
            [-96.806729, 32.78082, 131],
            [-96.80673, 32.78082, 131],
            [-96.806731, 32.78082, 131],
            [-96.806731, 32.78082, 131],
            [-96.806731, 32.78082, 131],
            [-96.806732, 32.78082, 131],
            [-96.806732, 32.780821, 131],
            [-96.806732, 32.780821, 131],
            [-96.80673, 32.780821, 131],
            [-96.806727, 32.780821, 131],
            [-96.806725, 32.780822, 131],
            [-96.806723, 32.780822, 131],
            [-96.806721, 32.780822, 131],
            [-96.806718, 32.780822, 131],
            [-96.806716, 32.780822, 131],
            [-96.806714, 32.780822, 131],
            [-96.806711, 32.780823, 131],
            [-96.806709, 32.780823, 131],
            [-96.806707, 32.780823, 131],
            [-96.806705, 32.780823, 131],
            [-96.806702, 32.780823, 131],
            [-96.8067, 32.780824, 131],
            [-96.806698, 32.780824, 131],
            [-96.806695, 32.780824, 131],
            [-96.806693, 32.780824, 131],
            [-96.806691, 32.780824, 131],
            [-96.806689, 32.780824, 131],
            [-96.806686, 32.780825, 131],
            [-96.806684, 32.780825, 131],
            [-96.806682, 32.780825, 131],
            [-96.806679, 32.780825, 131],
            [-96.806677, 32.780825, 131],
            [-96.806675, 32.780825, 131],
            [-96.806673, 32.780826, 131],
            [-96.80667, 32.780826, 131],
            [-96.806668, 32.780826, 131],
            [-96.806704, 32.780816, 131],
            [-96.806711, 32.780813, 131],
            [-96.806708, 32.780811, 131],
            [-96.806702, 32.78081, 131],
            [-96.806689, 32.78081, 131],
            [-96.806659, 32.780809, 131],
            [-96.806659, 32.780809, 131],
            [-96.806647, 32.780808, 131],
            [-96.806632, 32.780807, 131],
            [-96.80658, 32.780833, 131],
            [-96.806546, 32.780848, 131.2],
            [-96.806546, 32.780848, 131.2],
            [-96.806519, 32.780858, 131.4],
            [-96.806519, 32.780858, 131.4],
            [-96.806519, 32.780858, 131.4],
            [-96.806431, 32.780911, 131.4],
            [-96.806431, 32.780911, 131.4],
            [-96.806431, 32.780911, 131.4],
            [-96.8064, 32.780927, 131.4],
            [-96.8064, 32.780927, 131.4],
            [-96.8064, 32.780927, 131.4],
            [-96.806381, 32.780931, 131.5],
            [-96.806381, 32.780931, 131.5],
            [-96.806381, 32.780931, 131.5],
            [-96.80637, 32.780926, 131.5],
            [-96.80637, 32.780926, 131.5],
            [-96.80637, 32.780926, 131.5],
            [-96.806336, 32.780907, 131.5],
            [-96.806336, 32.780907, 131.5],
            [-96.806336, 32.780907, 131.5],
            [-96.806315, 32.78093, 131.5],
            [-96.806315, 32.78093, 131.5],
            [-96.80634, 32.78093, 131.5],
            [-96.80634, 32.78093, 131.5],
            [-96.806342, 32.780928, 131.5],
            [-96.806335, 32.780915, 131.4],
            [-96.806335, 32.780915, 131.4],
            [-96.806335, 32.780915, 131.4],
            [-96.806329, 32.780909, 131.4],
            [-96.806329, 32.780909, 131.4],
            [-96.806329, 32.780909, 131.4],
            [-96.806331, 32.780904, 131.4],
            [-96.806331, 32.780904, 131.4],
            [-96.806333, 32.780901, 131.4],
            [-96.806335, 32.780901, 131.4],
            [-96.806335, 32.780901, 131.4],
            [-96.806346, 32.780898, 131.4],
            [-96.806374, 32.780897, 131.4],
            [-96.806396, 32.780897, 131.4],
            [-96.806396, 32.780897, 131.4],
            [-96.806412, 32.780898, 131.4],
            [-96.806421, 32.780893, 131.4],
            [-96.806434, 32.780896, 131.4],
            [-96.806449, 32.780898, 131.4],
            [-96.806464, 32.7809, 131.4],
            [-96.806464, 32.7809, 131.4],
            [-96.806474, 32.780903, 131.4],
            [-96.806474, 32.780903, 131.4],
            [-96.806474, 32.780903, 131.4],
            [-96.806483, 32.780906, 131.4],
            [-96.806464, 32.780891, 131.4],
            [-96.806455, 32.780887, 131.4],
            [-96.806448, 32.780886, 131.4],
            [-96.806442, 32.780885, 131.4],
            [-96.806435, 32.780884, 131.4],
            [-96.806429, 32.780884, 131.4],
            [-96.806422, 32.780883, 131.4],
            [-96.806416, 32.780882, 131.4],
            [-96.806409, 32.780881, 131.4],
            [-96.806403, 32.78088, 131.4],
            [-96.806403, 32.78088, 131.4],
            [-96.806403, 32.78088, 131.4],
            [-96.806384, 32.780894, 131.4],
            [-96.806384, 32.780894, 131.4],
            [-96.806384, 32.780894, 131.4],
            [-96.806397, 32.780884, 131.4],
            [-96.806397, 32.780884, 131.4],
            [-96.806397, 32.780884, 131.4],
            [-96.806425, 32.78089, 131.4],
            [-96.806425, 32.78089, 131.4],
            [-96.806425, 32.78089, 131.4],
            [-96.806374, 32.780894, 131.4],
            [-96.806372, 32.780894, 131.4],
            [-96.80637, 32.780894, 131.4],
            [-96.806368, 32.780893, 131.4],
            [-96.806366, 32.780893, 131.4],
            [-96.806364, 32.780893, 131.4],
            [-96.806362, 32.780893, 131.4],
            [-96.80636, 32.780892, 131.4],
            [-96.806358, 32.780892, 131.4],
            [-96.806356, 32.780892, 131.4],
            [-96.806354, 32.780892, 131.4],
            [-96.806352, 32.780892, 131.4],
            [-96.806351, 32.780891, 131.4],
            [-96.806349, 32.780891, 131.4],
            [-96.806347, 32.780891, 131.4],
            [-96.806345, 32.780891, 131.4],
            [-96.806343, 32.780891, 131.4],
            [-96.806341, 32.78089, 131.4],
            [-96.806339, 32.78089, 131.4],
            [-96.806337, 32.78089, 131.4],
            [-96.806335, 32.78089, 131.4],
            [-96.806333, 32.780889, 131.4],
            [-96.806331, 32.780889, 131.4],
            [-96.806329, 32.780889, 131.4],
            [-96.806329, 32.780889, 131.4],
            [-96.806338, 32.780882, 131.4],
            [-96.806341, 32.780881, 131.4],
            [-96.806341, 32.780882, 131.4],
            [-96.806341, 32.780881, 131.4],
            [-96.806345, 32.780879, 131.4],
            [-96.806345, 32.780879, 131.4],
            [-96.806365, 32.780876, 131.4],
            [-96.806402, 32.780867, 131.4],
            [-96.806413, 32.780865, 131.4],
            [-96.806413, 32.780865, 131.4],
            [-96.806426, 32.780867, 131.4],
            [-96.80644, 32.780873, 131.4],
            [-96.80644, 32.780873, 131.4],
            [-96.806436, 32.78087, 131.4],
            [-96.80642, 32.780876, 131.4],
            [-96.806418, 32.780877, 131.4],
            [-96.806421, 32.780876, 131.4],
            [-96.806429, 32.780878, 131.4],
            [-96.806438, 32.78088, 131.4],
            [-96.80644, 32.780882, 131.4],
            [-96.806449, 32.780886, 131.4],
            [-96.806458, 32.78089, 131.4],
            [-96.806464, 32.780893, 131.4],
            [-96.806467, 32.780894, 131.4],
            [-96.806464, 32.780891, 131.4],
            [-96.806465, 32.780891, 131.4],
            [-96.806466, 32.780889, 131.4],
            [-96.806468, 32.780888, 131.4],
            [-96.806494, 32.780876, 131.4],
            [-96.806502, 32.780871, 131.4],
            [-96.806526, 32.780867, 131.4],
            [-96.806529, 32.780868, 131.4],
            [-96.806527, 32.780868, 131.4],
            [-96.806524, 32.780869, 131.4],
            [-96.806521, 32.78087, 131.3],
            [-96.806518, 32.78087, 131.3],
            [-96.806516, 32.780871, 131.3],
            [-96.806513, 32.780871, 131.3],
            [-96.80651, 32.780872, 131.3],
            [-96.806507, 32.780873, 131.3],
            [-96.806505, 32.780873, 131.3],
            [-96.806502, 32.780874, 131.3],
            [-96.806499, 32.780875, 131.3],
            [-96.806496, 32.780875, 131.3],
            [-96.806494, 32.780876, 131.3],
            [-96.806491, 32.780876, 131.3],
            [-96.806488, 32.780877, 131.3],
            [-96.806485, 32.780878, 131.3],
            [-96.806483, 32.780878, 131.3],
            [-96.80648, 32.780879, 131.3],
            [-96.806491, 32.780879, 131.3],
            [-96.806502, 32.780878, 131.3],
            [-96.806514, 32.780878, 131.3],
            [-96.806525, 32.780878, 131.3],
            [-96.806536, 32.780878, 131.2],
            [-96.806547, 32.780877, 131.2],
            [-96.806559, 32.780877, 131.1],
            [-96.80657, 32.780877, 131.1],
            [-96.806581, 32.780877, 131],
            [-96.806592, 32.780876, 131],
            [-96.806603, 32.780876, 131],
            [-96.806615, 32.780876, 131],
            [-96.806626, 32.780876, 131],
            [-96.806637, 32.780875, 131],
            [-96.806648, 32.780875, 131],
            [-96.80666, 32.780875, 131],
            [-96.806671, 32.780875, 131],
            [-96.806682, 32.780874, 131],
            [-96.806693, 32.780874, 131],
            [-96.806704, 32.780874, 131],
            [-96.806716, 32.780874, 131],
            [-96.806727, 32.780873, 131],
            [-96.806738, 32.780873, 131],
            [-96.806749, 32.780873, 131],
            [-96.806761, 32.780873, 131],
            [-96.806772, 32.780872, 131],
            [-96.806783, 32.780872, 131],
            [-96.806737, 32.780877, 131],
            [-96.806686, 32.780881, 131],
            [-96.806623, 32.780886, 131],
            [-96.806534, 32.78089, 131],
            [-96.806518, 32.780891, 131],
            [-96.806511, 32.780892, 131],
            [-96.806508, 32.780892, 131],
            [-96.806507, 32.780892, 131],
            [-96.806503, 32.780897, 131],
            [-96.806502, 32.780898, 131],
            [-96.806502, 32.780899, 131],
            [-96.806502, 32.780899, 131],
            [-96.806499, 32.780899, 131],
            [-96.806476, 32.780883, 131],
            [-96.80647, 32.78088, 131],
            [-96.806487, 32.780879, 131],
            [-96.806497, 32.780877, 131],
            [-96.806498, 32.780876, 131],
            [-96.806509, 32.780888, 131],
            [-96.806508, 32.78089, 131],
            [-96.806506, 32.780892, 131],
            [-96.806504, 32.780893, 131],
            [-96.8065, 32.780894, 131],
            [-96.806517, 32.780892, 131],
            [-96.806519, 32.780892, 131],
            [-96.806519, 32.780892, 131],
            [-96.806518, 32.780892, 131],
            [-96.806517, 32.780892, 131],
            [-96.806505, 32.780895, 131],
            [-96.806501, 32.780896, 131],
            [-96.806498, 32.780897, 131],
            [-96.806496, 32.780898, 131],
            [-96.806495, 32.780898, 131],
            [-96.806477, 32.780898, 131],
            [-96.806473, 32.780897, 131],
            [-96.806474, 32.780896, 131],
            [-96.806476, 32.780895, 131],
            [-96.806478, 32.780894, 131],
            [-96.806479, 32.780894, 131],
            [-96.806481, 32.780893, 131],
            [-96.806483, 32.780892, 131],
            [-96.806484, 32.780891, 131],
            [-96.806486, 32.78089, 131],
            [-96.806488, 32.780889, 131],
            [-96.806489, 32.780888, 131],
            [-96.806491, 32.780887, 131],
            [-96.806493, 32.780887, 131],
            [-96.806495, 32.780886, 131],
            [-96.806496, 32.780885, 131],
            [-96.806498, 32.780884, 131],
            [-96.8065, 32.780883, 131],
            [-96.806501, 32.780882, 131],
            [-96.806503, 32.780881, 131],
            [-96.806505, 32.78088, 131],
            [-96.806506, 32.78088, 131],
            [-96.806508, 32.780879, 131],
            [-96.80651, 32.780878, 131],
            [-96.806511, 32.780877, 131],
            [-96.806513, 32.780876, 131],
            [-96.806533, 32.780878, 131],
            [-96.806547, 32.780882, 131],
            [-96.80656, 32.780885, 131],
            [-96.806574, 32.780889, 131],
            [-96.806588, 32.780893, 131],
            [-96.80655, 32.7809, 131],
            [-96.806542, 32.780901, 131],
            [-96.806531, 32.780903, 131],
            [-96.806524, 32.780904, 131],
            [-96.806512, 32.780897, 131],
            [-96.806507, 32.780896, 131],
            [-96.806515, 32.780895, 131],
            [-96.806527, 32.780895, 131],
            [-96.806539, 32.780894, 131],
            [-96.806551, 32.780893, 131],
            [-96.806563, 32.780893, 131],
            [-96.806575, 32.780892, 131],
            [-96.806587, 32.780891, 131],
            [-96.806599, 32.780891, 131],
            [-96.806611, 32.78089, 131],
            [-96.806623, 32.780889, 131],
            [-96.806635, 32.780889, 131],
            [-96.806647, 32.780888, 131],
            [-96.806659, 32.780888, 131],
            [-96.806671, 32.780887, 131],
            [-96.806683, 32.780886, 131],
            [-96.806695, 32.780886, 131],
            [-96.806707, 32.780885, 131],
            [-96.806719, 32.780884, 131],
            [-96.806731, 32.780884, 131],
            [-96.806743, 32.780883, 131],
            [-96.806755, 32.780882, 131],
            [-96.806767, 32.780882, 131],
            [-96.806779, 32.780881, 131],
            [-96.806763, 32.780881, 131],
            [-96.806739, 32.78088, 131],
            [-96.806715, 32.78088, 131],
            [-96.80669, 32.78088, 131],
            [-96.806666, 32.780879, 131],
            [-96.806642, 32.780879, 131],
            [-96.806618, 32.780878, 131],
            [-96.806594, 32.780878, 131],
            [-96.806555, 32.780878, 131.2],
            [-96.806546, 32.780878, 131.2],
            [-96.806531, 32.780879, 131.3],
            [-96.806525, 32.780879, 131.3],
            [-96.806519, 32.780879, 131.3],
            [-96.806514, 32.780878, 131.3],
            [-96.806508, 32.780878, 131.3],
            [-96.806502, 32.780878, 131.4],
            [-96.806499, 32.780878, 131.4],
            [-96.806497, 32.780878, 131.4],
            [-96.806496, 32.780878, 131.4],
            [-96.806495, 32.780878, 131.4],
            [-96.806504, 32.78088, 131.4],
            [-96.806505, 32.780881, 131.4],
            [-96.806505, 32.780881, 131.4],
            [-96.806511, 32.780881, 131.4],
            [-96.806526, 32.780886, 131.4],
            [-96.80653, 32.780889, 131.4],
            [-96.806531, 32.780889, 131.4],
            [-96.806534, 32.780889, 131.4],
            [-96.806537, 32.780889, 131.4],
            [-96.806505, 32.780882, 131.4],
            [-96.806492, 32.780882, 131.4],
            [-96.80648, 32.780882, 131.3],
            [-96.806477, 32.780882, 131.3],
            [-96.806471, 32.780873, 131.3],
            [-96.806471, 32.780869, 131.3],
            [-96.806472, 32.780868, 131.3],
            [-96.806472, 32.780868, 131.3],
            [-96.806473, 32.780868, 131.3],
            [-96.806473, 32.780868, 131.3],
            [-96.806502, 32.780882, 131.3],
            [-96.806509, 32.780885, 131.3],
            [-96.806513, 32.780886, 131.3],
            [-96.806514, 32.780887, 131.3],
            [-96.806512, 32.780887, 131.3],
            [-96.806495, 32.78089, 131.3],
            [-96.806488, 32.780891, 131.3],
            [-96.806486, 32.780891, 131.3],
            [-96.806487, 32.780892, 131.3],
            [-96.80651, 32.780884, 131.3],
            [-96.806522, 32.780879, 131.3],
            [-96.806523, 32.780877, 131.3],
            [-96.806523, 32.780877, 131.3],
            [-96.80652, 32.780877, 131.3],
            [-96.806516, 32.780877, 131.3],
            [-96.806482, 32.780882, 131.3],
            [-96.806472, 32.780884, 131.3],
            [-96.806464, 32.780885, 131.3],
            [-96.806459, 32.780885, 131.3],
            [-96.806458, 32.780885, 131.3],
            [-96.806461, 32.780885, 131.3],
            [-96.806465, 32.780884, 131.3],
            [-96.806469, 32.780884, 131.3],
            [-96.806472, 32.780883, 131.3],
            [-96.806476, 32.780882, 131.3],
            [-96.806479, 32.780882, 131.3],
            [-96.806483, 32.780881, 131.3],
            [-96.806487, 32.78088, 131.3],
            [-96.80649, 32.78088, 131.3],
            [-96.806494, 32.780879, 131.3],
            [-96.806498, 32.780879, 131.3],
            [-96.806501, 32.780878, 131.3],
            [-96.806505, 32.780877, 131.3],
            [-96.806508, 32.780877, 131.3],
            [-96.806512, 32.780876, 131.2],
            [-96.806763, 32.78085, 131],
            [-96.80678, 32.780844, 131],
            [-96.806778, 32.780839, 131],
            [-96.80677, 32.780835, 131],
            [-96.806763, 32.780832, 131],
            [-96.806757, 32.78083, 131],
            [-96.806756, 32.78083, 131],
            [-96.806756, 32.78083, 131],
            [-96.806755, 32.78083, 131],
            [-96.806755, 32.780829, 131],
            [-96.806751, 32.780829, 131],
            [-96.806715, 32.780833, 131],
            [-96.806683, 32.780838, 131],
            [-96.806652, 32.780843, 131],
            [-96.80662, 32.780848, 131],
            [-96.806589, 32.780853, 131],
            [-96.806557, 32.780858, 131],
            [-96.806582, 32.780853, 131],
            [-96.806621, 32.780847, 131],
            [-96.80666, 32.78084, 131],
            [-96.806699, 32.780834, 131],
            [-96.806738, 32.780827, 131],
            [-96.8067, 32.780833, 131],
            [-96.806661, 32.780839, 131],
            [-96.806621, 32.780846, 131],
            [-96.806582, 32.780852, 131],
            [-96.806542, 32.780858, 131],
            [-96.806543, 32.780858, 131],
            [-96.806556, 32.780856, 131],
            [-96.80657, 32.780853, 131],
            [-96.806584, 32.780851, 131],
            [-96.806597, 32.780849, 131],
            [-96.806611, 32.780847, 131],
            [-96.806625, 32.780845, 131],
            [-96.806638, 32.780842, 131],
            [-96.806652, 32.78084, 131],
            [-96.806666, 32.780838, 131],
            [-96.806679, 32.780836, 131],
            [-96.806693, 32.780834, 131],
            [-96.806707, 32.780831, 131],
            [-96.80672, 32.780829, 131],
            [-96.806734, 32.780827, 131],
            [-96.806691, 32.780834, 131],
            [-96.806649, 32.780843, 131],
            [-96.806607, 32.780851, 131],
            [-96.806565, 32.78086, 131],
            [-96.806523, 32.780869, 131.2],
            [-96.806501, 32.780873, 131.3],
            [-96.806504, 32.780871, 131.3],
            [-96.806509, 32.780869, 131.3],
            [-96.806496, 32.780872, 131.4],
            [-96.806487, 32.780874, 131.4],
            [-96.806487, 32.780874, 131.4],
            [-96.8065, 32.780883, 131.4],
            [-96.8065, 32.780883, 131.4],
            [-96.8065, 32.780883, 131.4],
            [-96.806505, 32.780873, 131.3],
            [-96.806505, 32.780873, 131.3],
            [-96.806505, 32.780873, 131.3],
            [-96.806625, 32.78085, 131.2],
            [-96.806659, 32.78084, 131.1],
            [-96.806692, 32.780831, 131],
            [-96.806726, 32.780821, 131],
            [-96.806616, 32.780841, 131.3],
            [-96.806505, 32.780862, 131.4],
            [-96.806395, 32.780882, 131.4],
            [-96.806395, 32.780882, 131.4],
            [-96.806395, 32.780882, 131.4],
            [-96.806359, 32.7809, 131.5],
            [-96.806359, 32.7809, 131.5],
            [-96.806376, 32.780898, 131.5],
            [-96.806379, 32.780897, 131.4],
            [-96.80638, 32.780897, 131.4],
            [-96.806392, 32.780897, 131.4],
            [-96.806407, 32.780894, 131.4],
            [-96.80642, 32.780892, 131.4],
            [-96.80643, 32.78089, 131.4],
            [-96.806437, 32.780889, 131.4],
            [-96.806442, 32.780882, 131.4],
            [-96.806444, 32.78088, 131.4],
            [-96.806451, 32.780879, 131.4],
            [-96.806454, 32.780878, 131.4],
            [-96.806456, 32.780878, 131.4],
            [-96.806461, 32.78089, 131.4],
            [-96.806464, 32.780892, 131.4],
            [-96.806467, 32.780893, 131.4],
            [-96.806469, 32.780893, 131.4],
            [-96.806469, 32.780893, 131.4],
            [-96.806473, 32.780881, 131.4],
            [-96.806475, 32.780879, 131.4],
            [-96.806477, 32.780877, 131.4],
            [-96.806479, 32.780876, 131.4],
            [-96.806482, 32.780876, 131.4],
            [-96.80649, 32.780878, 131.4],
            [-96.806492, 32.780879, 131.4],
            [-96.806494, 32.780879, 131.4],
            [-96.806494, 32.780879, 131.4],
            [-96.806494, 32.780878, 131.4],
            [-96.806473, 32.780867, 131.4],
            [-96.806468, 32.780865, 131.4],
            [-96.80649, 32.78086, 131.4],
            [-96.806497, 32.780859, 131.4],
            [-96.806497, 32.780858, 131.4],
            [-96.806516, 32.780871, 131.3],
            [-96.806518, 32.780874, 131.3],
            [-96.806517, 32.780875, 131.3],
            [-96.806516, 32.780876, 131.3],
            [-96.806522, 32.780875, 131.3],
            [-96.806504, 32.780868, 131.3],
            [-96.8065, 32.780867, 131.3],
            [-96.806497, 32.780867, 131.3],
            [-96.806494, 32.780867, 131.3],
            [-96.806509, 32.780864, 131.3],
            [-96.806522, 32.780865, 131.3],
            [-96.806535, 32.780862, 131.3],
            [-96.80655, 32.780859, 131.2],
            [-96.806565, 32.780855, 131.1],
            [-96.80658, 32.780851, 131.1],
            [-96.806595, 32.780847, 131],
            [-96.80661, 32.780844, 131],
            [-96.806625, 32.78084, 131],
            [-96.806639, 32.780836, 131],
            [-96.806654, 32.780833, 131],
            [-96.806669, 32.780829, 131],
            [-96.806684, 32.780825, 131],
            [-96.806699, 32.780821, 131],
            [-96.806714, 32.780818, 131],
            [-96.806729, 32.780814, 131],
            [-96.806731, 32.780814, 131],
            [-96.806729, 32.780814, 131],
            [-96.806726, 32.780815, 131],
            [-96.806723, 32.780815, 131],
            [-96.806721, 32.780816, 131],
            [-96.806718, 32.780817, 131],
            [-96.806715, 32.780817, 131],
            [-96.806713, 32.780818, 131],
            [-96.80671, 32.780818, 131],
            [-96.806707, 32.780819, 131],
            [-96.806705, 32.78082, 131],
            [-96.806702, 32.78082, 131],
            [-96.806699, 32.780821, 131],
            [-96.806696, 32.780821, 131],
            [-96.806694, 32.780822, 131],
            [-96.806691, 32.780823, 131],
            [-96.806688, 32.780823, 131],
            [-96.806686, 32.780824, 131],
            [-96.806683, 32.780825, 131],
            [-96.80668, 32.780825, 131],
            [-96.806678, 32.780826, 131],
            [-96.806675, 32.780826, 131],
            [-96.806672, 32.780827, 131],
            [-96.80667, 32.780828, 131],
            [-96.806667, 32.780828, 131],
            [-96.806664, 32.780829, 131],
            [-96.806662, 32.780829, 131],
            [-96.806659, 32.78083, 131],
            [-96.806656, 32.780831, 131],
            [-96.806654, 32.780831, 131],
            [-96.806651, 32.780832, 131],
            [-96.806648, 32.780832, 131],
            [-96.806646, 32.780833, 131],
            [-96.806643, 32.780834, 131],
            [-96.80664, 32.780834, 131],
            [-96.806637, 32.780835, 131],
            [-96.806635, 32.780835, 131],
            [-96.806632, 32.780836, 131],
            [-96.806629, 32.780837, 131],
            [-96.806627, 32.780837, 131],
            [-96.806624, 32.780838, 131],
            [-96.806621, 32.780838, 131],
            [-96.806619, 32.780839, 131],
            [-96.806616, 32.78084, 131],
            [-96.806613, 32.78084, 131],
            [-96.806611, 32.780841, 131],
            [-96.806608, 32.780841, 131],
            [-96.806605, 32.780842, 131],
            [-96.806603, 32.780843, 131],
            [-96.8066, 32.780843, 131],
            [-96.806597, 32.780844, 131],
            [-96.806595, 32.780845, 131],
            [-96.806592, 32.780845, 131],
            [-96.806589, 32.780846, 131],
            [-96.806587, 32.780846, 131],
            [-96.806584, 32.780847, 131],
            [-96.806581, 32.780848, 131],
            [-96.806578, 32.780848, 131],
            [-96.806576, 32.780849, 131],
            [-96.806573, 32.780849, 131],
            [-96.80657, 32.78085, 131],
            [-96.806568, 32.780851, 131],
            [-96.806565, 32.780851, 131],
            [-96.806562, 32.780852, 131],
            [-96.80656, 32.780852, 131],
            [-96.806557, 32.780853, 131],
            [-96.806533, 32.780861, 131],
            [-96.806525, 32.780863, 131],
            [-96.80656, 32.780854, 131],
            [-96.806602, 32.780844, 131],
            [-96.806643, 32.780833, 131],
            [-96.806685, 32.780823, 131],
            [-96.806726, 32.780812, 131],
            [-96.806725, 32.780812, 131],
            [-96.806716, 32.780813, 131],
            [-96.806708, 32.780815, 131],
            [-96.8067, 32.780817, 131],
            [-96.806692, 32.780818, 131],
            [-96.806683, 32.78082, 131],
            [-96.806675, 32.780822, 131],
            [-96.806667, 32.780823, 131],
            [-96.806659, 32.780825, 131],
            [-96.80665, 32.780827, 131],
            [-96.806642, 32.780829, 131],
            [-96.806634, 32.78083, 131],
            [-96.806625, 32.780832, 131],
            [-96.806617, 32.780834, 131],
            [-96.806609, 32.780835, 131],
            [-96.806601, 32.780837, 131],
            [-96.806592, 32.780839, 131],
            [-96.806584, 32.78084, 131],
            [-96.806576, 32.780842, 131],
            [-96.806568, 32.780844, 131],
            [-96.806559, 32.780845, 131],
            [-96.806551, 32.780847, 131],
            [-96.80653, 32.780851, 131],
            [-96.806537, 32.780861, 131],
            [-96.806535, 32.780864, 131],
            [-96.806532, 32.780865, 131],
            [-96.806529, 32.780867, 131],
            [-96.80656, 32.780858, 131],
            [-96.806594, 32.780848, 131],
            [-96.806628, 32.780839, 131],
            [-96.806661, 32.780829, 131],
            [-96.806695, 32.780819, 131],
            [-96.806729, 32.780809, 131],
            [-96.806731, 32.780809, 131],
            [-96.806729, 32.780809, 131],
            [-96.806727, 32.78081, 131],
            [-96.806725, 32.78081, 131],
            [-96.806723, 32.780811, 131],
            [-96.806721, 32.780811, 131],
            [-96.806719, 32.780812, 131],
            [-96.806717, 32.780813, 131],
            [-96.806714, 32.780813, 131],
            [-96.806712, 32.780814, 131],
            [-96.80671, 32.780814, 131],
            [-96.806708, 32.780815, 131],
            [-96.806706, 32.780815, 131],
            [-96.806704, 32.780816, 131],
            [-96.806702, 32.780817, 131],
            [-96.8067, 32.780817, 131],
            [-96.806698, 32.780818, 131],
            [-96.806696, 32.780818, 131],
            [-96.806694, 32.780819, 131],
            [-96.806692, 32.780819, 131],
            [-96.80669, 32.78082, 131],
            [-96.806688, 32.78082, 131],
            [-96.806686, 32.780821, 131],
            [-96.806684, 32.780822, 131],
            [-96.806681, 32.780822, 131],
            [-96.806679, 32.780823, 131],
            [-96.806677, 32.780823, 131],
            [-96.806675, 32.780824, 131],
            [-96.806673, 32.780824, 131],
            [-96.806671, 32.780825, 131],
            [-96.806669, 32.780826, 131],
            [-96.806667, 32.780826, 131],
            [-96.806665, 32.780827, 131],
            [-96.806663, 32.780827, 131],
            [-96.806661, 32.780828, 131],
            [-96.806659, 32.780828, 131],
            [-96.806657, 32.780829, 131],
            [-96.806655, 32.78083, 131],
            [-96.806653, 32.78083, 131],
            [-96.806651, 32.780831, 131],
            [-96.806648, 32.780831, 131],
            [-96.806646, 32.780832, 131],
            [-96.806644, 32.780832, 131],
            [-96.806642, 32.780833, 131],
            [-96.80664, 32.780834, 131],
            [-96.806638, 32.780834, 131],
            [-96.806636, 32.780835, 131],
            [-96.806634, 32.780835, 131],
            [-96.806632, 32.780836, 131],
            [-96.80663, 32.780836, 131],
            [-96.806628, 32.780837, 131],
            [-96.806626, 32.780838, 131],
            [-96.806624, 32.780838, 131],
            [-96.806622, 32.780839, 131],
            [-96.80662, 32.780839, 131],
            [-96.806618, 32.78084, 131],
            [-96.806615, 32.78084, 131],
            [-96.806613, 32.780841, 131],
            [-96.806611, 32.780842, 131],
            [-96.806609, 32.780842, 131],
            [-96.806607, 32.780843, 131],
            [-96.806605, 32.780843, 131],
            [-96.806603, 32.780844, 131],
            [-96.806601, 32.780844, 131],
            [-96.806599, 32.780845, 131],
            [-96.806597, 32.780845, 131],
            [-96.806595, 32.780846, 131],
            [-96.806593, 32.780847, 131],
            [-96.806591, 32.780847, 131],
            [-96.806589, 32.780848, 131],
            [-96.806587, 32.780848, 131],
            [-96.806585, 32.780849, 131],
            [-96.806582, 32.780849, 131],
            [-96.80658, 32.78085, 131],
            [-96.806578, 32.780851, 131],
            [-96.806576, 32.780851, 131],
            [-96.806574, 32.780852, 131],
            [-96.806572, 32.780852, 131],
            [-96.80657, 32.780853, 131],
            [-96.806568, 32.780853, 131],
            [-96.806566, 32.780854, 131],
            [-96.80654, 32.780866, 131],
            [-96.806532, 32.780869, 131],
            [-96.806555, 32.780862, 131],
            [-96.806583, 32.780854, 131],
            [-96.806611, 32.780845, 131],
            [-96.806639, 32.780837, 131],
            [-96.806667, 32.780828, 131],
            [-96.806695, 32.78082, 131],
            [-96.806723, 32.780811, 131],
            [-96.806577, 32.780844, 131.1],
            [-96.806542, 32.780851, 131.2],
            [-96.806527, 32.780855, 131.3],
            [-96.80652, 32.780857, 131.3],
            [-96.806516, 32.780857, 131.3],
            [-96.806504, 32.780856, 131.3],
            [-96.806501, 32.780856, 131.4],
            [-96.806499, 32.780856, 131.4],
            [-96.806498, 32.780856, 131.4],
            [-96.806497, 32.780856, 131.4],
            [-96.806494, 32.780854, 131.4],
            [-96.806494, 32.780854, 131.4],
            [-96.806493, 32.780854, 131.4],
            [-96.806492, 32.780854, 131.4],
            [-96.806492, 32.780854, 131.4],
            [-96.806509, 32.780861, 131.4],
            [-96.806516, 32.780865, 131.4],
            [-96.806517, 32.780866, 131.4],
            [-96.806516, 32.780867, 131.4],
            [-96.806515, 32.780867, 131.4],
            [-96.806501, 32.780863, 131.4],
            [-96.806492, 32.780862, 131.4],
            [-96.80649, 32.780862, 131.4],
            [-96.806489, 32.780862, 131.4],
            [-96.806487, 32.780863, 131.4],
            [-96.806484, 32.780864, 131.4],
            [-96.806479, 32.78087, 131.4],
            [-96.806475, 32.780873, 131.3],
            [-96.806469, 32.780874, 131.3],
            [-96.806468, 32.780875, 131.3],
            [-96.806468, 32.780874, 131.3],
            [-96.806467, 32.780874, 131.3],
            [-96.806467, 32.780874, 131.3],
            [-96.806466, 32.780875, 131.3],
            [-96.806483, 32.780882, 131.3],
            [-96.806483, 32.780882, 131.3],
            [-96.806491, 32.780886, 131.3],
            [-96.806492, 32.780888, 131.3],
            [-96.806491, 32.780889, 131.3],
            [-96.80649, 32.780889, 131.3],
            [-96.806485, 32.780888, 131.3],
            [-96.806483, 32.780888, 131.3],
            [-96.806481, 32.780888, 131.3],
            [-96.80648, 32.780889, 131.3],
            [-96.80648, 32.780889, 131.3],
            [-96.806477, 32.780876, 131.3],
            [-96.806478, 32.78087, 131.3],
            [-96.806481, 32.780868, 131.3],
            [-96.806493, 32.780865, 131.3],
            [-96.806504, 32.780863, 131.3],
            [-96.806512, 32.780862, 131.3],
            [-96.806697, 32.780829, 131],
            [-96.806714, 32.780825, 131],
            [-96.806685, 32.780829, 131],
            [-96.806649, 32.780836, 131],
            [-96.806613, 32.780842, 131],
            [-96.806577, 32.780849, 131],
            [-96.806541, 32.780855, 131],
            [-96.806525, 32.780858, 131],
            [-96.806518, 32.780859, 131],
            [-96.806513, 32.78086, 131],
            [-96.806514, 32.780871, 131],
            [-96.806548, 32.780865, 131],
            [-96.806582, 32.780856, 131],
            [-96.806616, 32.780848, 131],
            [-96.80665, 32.78084, 131],
            [-96.806684, 32.780831, 131],
            [-96.806718, 32.780823, 131],
            [-96.806716, 32.780823, 131],
            [-96.806712, 32.780824, 131],
            [-96.806708, 32.780825, 131],
            [-96.806704, 32.780827, 131],
            [-96.8067, 32.780828, 131],
            [-96.806696, 32.780829, 131],
            [-96.806691, 32.78083, 131],
            [-96.806687, 32.780831, 131],
            [-96.806683, 32.780832, 131],
            [-96.806679, 32.780833, 131],
            [-96.806675, 32.780834, 131],
            [-96.806671, 32.780836, 131],
            [-96.806667, 32.780837, 131],
            [-96.806663, 32.780838, 131],
            [-96.806659, 32.780839, 131],
            [-96.806655, 32.78084, 131],
            [-96.806651, 32.780841, 131],
            [-96.806647, 32.780842, 131],
            [-96.806642, 32.780843, 131],
            [-96.806638, 32.780845, 131],
            [-96.806634, 32.780846, 131],
            [-96.80663, 32.780847, 131],
            [-96.806626, 32.780848, 131],
            [-96.806622, 32.780849, 131],
            [-96.806569, 32.780864, 131],
            [-96.806694, 32.780827, 131],
            [-96.806694, 32.780824, 131],
            [-96.806675, 32.780827, 131],
            [-96.806657, 32.780831, 131],
            [-96.806638, 32.780834, 131],
            [-96.806619, 32.780837, 131],
            [-96.8066, 32.78084, 131],
            [-96.806582, 32.780844, 131],
            [-96.806563, 32.780847, 131],
            [-96.806544, 32.78085, 131],
            [-96.806568, 32.780845, 131],
            [-96.806605, 32.780838, 131],
            [-96.806641, 32.780832, 131],
            [-96.806678, 32.780825, 131],
            [-96.806715, 32.780818, 131],
            [-96.80671, 32.780819, 131],
            [-96.806703, 32.78082, 131],
            [-96.806696, 32.780822, 131],
            [-96.806689, 32.780823, 131],
            [-96.806682, 32.780824, 131],
            [-96.806675, 32.780825, 131],
            [-96.806668, 32.780827, 131],
            [-96.806661, 32.780828, 131],
            [-96.806654, 32.780829, 131],
            [-96.806647, 32.78083, 131],
            [-96.80664, 32.780832, 131],
            [-96.806633, 32.780833, 131],
            [-96.806625, 32.780834, 131],
            [-96.806618, 32.780835, 131],
            [-96.806611, 32.780837, 131],
            [-96.806604, 32.780838, 131],
            [-96.806597, 32.780839, 131],
            [-96.80659, 32.78084, 131.1],
            [-96.806583, 32.780842, 131.1],
            [-96.806576, 32.780843, 131.1],
            [-96.806569, 32.780844, 131.2],
            [-96.806562, 32.780845, 131.2],
            [-96.806555, 32.780847, 131.2],
            [-96.806548, 32.780848, 131.3],
            [-96.806541, 32.780849, 131.3],
            [-96.806527, 32.780852, 131.3],
            [-96.806521, 32.780853, 131.3],
            [-96.806517, 32.780854, 131.3],
            [-96.806516, 32.780868, 131.4],
            [-96.80652, 32.780869, 131.4],
            [-96.806525, 32.780867, 131.4],
            [-96.806531, 32.780866, 131.3],
            [-96.806537, 32.780864, 131.3],
            [-96.806542, 32.780862, 131.3],
            [-96.806548, 32.78086, 131.3],
            [-96.806554, 32.780859, 131.3],
            [-96.806559, 32.780857, 131.2],
            [-96.806565, 32.780855, 131.2],
            [-96.80657, 32.780853, 131.2],
            [-96.806576, 32.780852, 131.1],
            [-96.806582, 32.78085, 131.1],
            [-96.806587, 32.780848, 131.1],
            [-96.806593, 32.780846, 131],
            [-96.806599, 32.780845, 131],
            [-96.806604, 32.780843, 131],
            [-96.80661, 32.780841, 131],
            [-96.806616, 32.780839, 131],
            [-96.806621, 32.780837, 131],
            [-96.806627, 32.780836, 131],
            [-96.806633, 32.780834, 131],
            [-96.806638, 32.780832, 131],
            [-96.806644, 32.78083, 131],
            [-96.80665, 32.780829, 131],
            [-96.806655, 32.780827, 131],
            [-96.806661, 32.780825, 131],
            [-96.806666, 32.780823, 131],
            [-96.806672, 32.780822, 131],
            [-96.806678, 32.78082, 131],
            [-96.806683, 32.780818, 131],
            [-96.806689, 32.780816, 131],
            [-96.806695, 32.780815, 131],
            [-96.8067, 32.780813, 131],
            [-96.806706, 32.780811, 131],
            [-96.806609, 32.780836, 131],
            [-96.80656, 32.780849, 131],
            [-96.806516, 32.78086, 131],
            [-96.806517, 32.780859, 131],
            [-96.806524, 32.780857, 131],
            [-96.806531, 32.780855, 131],
            [-96.806538, 32.780854, 131],
            [-96.806544, 32.780852, 131],
            [-96.806551, 32.78085, 131],
            [-96.806558, 32.780848, 131],
            [-96.806565, 32.780846, 131],
            [-96.806572, 32.780844, 131],
            [-96.806579, 32.780842, 131],
            [-96.806586, 32.780841, 131],
            [-96.806593, 32.780839, 131],
            [-96.8066, 32.780837, 131],
            [-96.806607, 32.780835, 131],
            [-96.806613, 32.780833, 131],
            [-96.80662, 32.780831, 131],
            [-96.806627, 32.780829, 131],
            [-96.806634, 32.780828, 131],
            [-96.806641, 32.780826, 131],
            [-96.806648, 32.780824, 131],
            [-96.806655, 32.780822, 131],
            [-96.806662, 32.78082, 131],
            [-96.806669, 32.780818, 131],
            [-96.806675, 32.780816, 131],
            [-96.806682, 32.780815, 131],
            [-96.806689, 32.780813, 131],
            [-96.806696, 32.780811, 131],
            [-96.806703, 32.780809, 131],
            [-96.806597, 32.780843, 131],
            [-96.8067, 32.78081, 131],
            [-96.806598, 32.780837, 131],
            [-96.806551, 32.780849, 131],
            [-96.806533, 32.780854, 131],
            [-96.806526, 32.780856, 131],
            [-96.806519, 32.780855, 131],
            [-96.806583, 32.780839, 131],
            [-96.806643, 32.780824, 131],
            [-96.806703, 32.780809, 131],
            [-96.806701, 32.780809, 131],
            [-96.806696, 32.780811, 131],
            [-96.80669, 32.780812, 131],
            [-96.806684, 32.780814, 131],
            [-96.806678, 32.780815, 131],
            [-96.806673, 32.780817, 131],
            [-96.806667, 32.780818, 131],
            [-96.806661, 32.78082, 131],
            [-96.806656, 32.780821, 131],
            [-96.80665, 32.780823, 131],
            [-96.806644, 32.780824, 131],
            [-96.806638, 32.780826, 131],
            [-96.806633, 32.780827, 131],
            [-96.806627, 32.780829, 131],
            [-96.806621, 32.78083, 131],
            [-96.806616, 32.780832, 131],
            [-96.80661, 32.780833, 131],
            [-96.806604, 32.780835, 131],
            [-96.806598, 32.780836, 131],
            [-96.806593, 32.780838, 131],
            [-96.806587, 32.780839, 131],
            [-96.806529, 32.780843, 131],
            [-96.806538, 32.78084, 131],
            [-96.806559, 32.780836, 131],
            [-96.806579, 32.780833, 131],
            [-96.8066, 32.780829, 131],
            [-96.80662, 32.780825, 131],
            [-96.806641, 32.780821, 131],
            [-96.806661, 32.780818, 131],
            [-96.806682, 32.780814, 131],
            [-96.806702, 32.78081, 131],
            [-96.806706, 32.780809, 131],
            [-96.806707, 32.780809, 131],
            [-96.806707, 32.780809, 131],
            [-96.806708, 32.780809, 131],
            [-96.806708, 32.780809, 131],
            [-96.806708, 32.780809, 131],
            [-96.806708, 32.780809, 131],
            [-96.806709, 32.780809, 131],
            [-96.806709, 32.78081, 131],
            [-96.806709, 32.78081, 131],
            [-96.806709, 32.78081, 131],
            [-96.80671, 32.78081, 131],
            [-96.80671, 32.78081, 131],
            [-96.80671, 32.78081, 131],
            [-96.806711, 32.78081, 131],
            [-96.806711, 32.78081, 131],
            [-96.806711, 32.780811, 131],
            [-96.806712, 32.780811, 131],
            [-96.806712, 32.780811, 131],
            [-96.806713, 32.780811, 131],
            [-96.806712, 32.780811, 131],
            [-96.806713, 32.780811, 131],
            [-96.806713, 32.780811, 131],
            [-96.806714, 32.780812, 131],
            [-96.806714, 32.780812, 131],
            [-96.806714, 32.780812, 131],
            [-96.806714, 32.780812, 131],
            [-96.806715, 32.780812, 131],
            [-96.806715, 32.780812, 131],
            [-96.806715, 32.780812, 131],
            [-96.806715, 32.780812, 131],
            [-96.806715, 32.780812, 131],
            [-96.806716, 32.780812, 131],
            [-96.806716, 32.780812, 131],
            [-96.806717, 32.780813, 131],
            [-96.806717, 32.780813, 131],
            [-96.806717, 32.780813, 131],
            [-96.806717, 32.780813, 131],
            [-96.806717, 32.780813, 131],
            [-96.806718, 32.780813, 131],
            [-96.806718, 32.780813, 131],
            [-96.806718, 32.780813, 131],
            [-96.806719, 32.780814, 131],
            [-96.806719, 32.780814, 131],
            [-96.806719, 32.780814, 131],
            [-96.806719, 32.780814, 131],
            [-96.80672, 32.780814, 131],
            [-96.80672, 32.780814, 131],
            [-96.806721, 32.780815, 131],
            [-96.806721, 32.780815, 131],
            [-96.806721, 32.780815, 131],
            [-96.806722, 32.780815, 131],
            [-96.806723, 32.780816, 131],
            [-96.806723, 32.780816, 131],
            [-96.806723, 32.780816, 131],
            [-96.806723, 32.780816, 131],
            [-96.806724, 32.780816, 131],
            [-96.806724, 32.780817, 131],
            [-96.806725, 32.780817, 131],
            [-96.806725, 32.780817, 131],
            [-96.806725, 32.780817, 131],
            [-96.806725, 32.780817, 131],
            [-96.806726, 32.780817, 131],
            [-96.806726, 32.780817, 131],
            [-96.806727, 32.780818, 131],
            [-96.806727, 32.780818, 131],
            [-96.806726, 32.780817, 131],
            [-96.806726, 32.780817, 131],
            [-96.806726, 32.780818, 131],
            [-96.806727, 32.780818, 131],
            [-96.806727, 32.780818, 131],
            [-96.806727, 32.780818, 131],
            [-96.806728, 32.780818, 131],
            [-96.806728, 32.780819, 131],
            [-96.806729, 32.780819, 131],
            [-96.80673, 32.78082, 131],
            [-96.80673, 32.78082, 131],
            [-96.80673, 32.78082, 131],
            [-96.806731, 32.780821, 131],
            [-96.806732, 32.780821, 131],
            [-96.806732, 32.780821, 131],
            [-96.806724, 32.780824, 131],
            [-96.806715, 32.780825, 131],
            [-96.806707, 32.780827, 131],
            [-96.806698, 32.780828, 131],
            [-96.80669, 32.78083, 131],
            [-96.806681, 32.780832, 131],
            [-96.806673, 32.780833, 131],
            [-96.806664, 32.780835, 131],
            [-96.806656, 32.780836, 131],
            [-96.806647, 32.780838, 131],
            [-96.806639, 32.78084, 131],
            [-96.80663, 32.780841, 131],
            [-96.806622, 32.780843, 131],
            [-96.806613, 32.780844, 131],
            [-96.806605, 32.780846, 131],
            [-96.806596, 32.780848, 131],
            [-96.806588, 32.780849, 131],
            [-96.806579, 32.780851, 131],
            [-96.806571, 32.780852, 131],
            [-96.806562, 32.780854, 131],
            [-96.806603, 32.780851, 131],
            [-96.806551, 32.780859, 131],
            [-96.806548, 32.78086, 131],
            [-96.806574, 32.780857, 131],
            [-96.806599, 32.780853, 131],
            [-96.806624, 32.78085, 131],
            [-96.80665, 32.780847, 131],
            [-96.806675, 32.780844, 131],
            [-96.8067, 32.78084, 131],
            [-96.806726, 32.780837, 131],
            [-96.806751, 32.780834, 131],
            [-96.80675, 32.780835, 131],
            [-96.806747, 32.780835, 131],
            [-96.806743, 32.780836, 131],
            [-96.806739, 32.780836, 131],
            [-96.806736, 32.780837, 131],
            [-96.806732, 32.780837, 131],
            [-96.806728, 32.780838, 131],
            [-96.806725, 32.780838, 131],
            [-96.806721, 32.780839, 131],
            [-96.806718, 32.780839, 131],
            [-96.806714, 32.78084, 131],
            [-96.80671, 32.78084, 131],
            [-96.806707, 32.780841, 131],
            [-96.806703, 32.780841, 131],
            [-96.806699, 32.780842, 131],
            [-96.806696, 32.780842, 131],
            [-96.806692, 32.780843, 131],
            [-96.806688, 32.780843, 131],
            [-96.806685, 32.780844, 131],
            [-96.806681, 32.780844, 131],
            [-96.806677, 32.780845, 131],
            [-96.806674, 32.780845, 131],
            [-96.80667, 32.780846, 131],
            [-96.806666, 32.780846, 131],
            [-96.806663, 32.780847, 131],
            [-96.806659, 32.780847, 131],
            [-96.806656, 32.780848, 131],
            [-96.806652, 32.780848, 131],
            [-96.806648, 32.780849, 131],
            [-96.806645, 32.780849, 131],
            [-96.806641, 32.78085, 131],
            [-96.806637, 32.78085, 131],
            [-96.806634, 32.780851, 131],
            [-96.80663, 32.780851, 131],
            [-96.806626, 32.780852, 131],
            [-96.806623, 32.780852, 131],
            [-96.806619, 32.780853, 131],
            [-96.806615, 32.780853, 131],
            [-96.806612, 32.780854, 131],
            [-96.806608, 32.780854, 131],
            [-96.806604, 32.780855, 131],
            [-96.806601, 32.780855, 131],
            [-96.806597, 32.780856, 131],
            [-96.806594, 32.780856, 131],
            [-96.80659, 32.780857, 131],
            [-96.806586, 32.780857, 131.1],
            [-96.806583, 32.780858, 131.1],
            [-96.806579, 32.780858, 131.1],
            [-96.806575, 32.780859, 131.1],
            [-96.806572, 32.780859, 131.1],
            [-96.806568, 32.78086, 131.2],
            [-96.806564, 32.78086, 131.2],
            [-96.806561, 32.780861, 131.2],
            [-96.806557, 32.780861, 131.2],
            [-96.806553, 32.780862, 131.2],
            [-96.80655, 32.780862, 131.3],
            [-96.806546, 32.780863, 131.3],
            [-96.806542, 32.780863, 131.3],
            [-96.806539, 32.780864, 131.3],
            [-96.806535, 32.780864, 131.3],
            [-96.806532, 32.780865, 131.3],
            [-96.806528, 32.780865, 131.3],
            [-96.806524, 32.780866, 131.3],
            [-96.806521, 32.780866, 131.3],
            [-96.806517, 32.780867, 131.3],
            [-96.806513, 32.780867, 131.4],
            [-96.80651, 32.780868, 131.4],
            [-96.806506, 32.780868, 131.4],
            [-96.806527, 32.780862, 131.3],
            [-96.806561, 32.780856, 131.2],
            [-96.806595, 32.78085, 131],
            [-96.80663, 32.780845, 131],
            [-96.806664, 32.780839, 131],
            [-96.806698, 32.780833, 131],
            [-96.806732, 32.780827, 131],
            [-96.806735, 32.780826, 131],
            [-96.806735, 32.780826, 131],
            [-96.806735, 32.780826, 131],
            [-96.806735, 32.780826, 131],
            [-96.806735, 32.780826, 131],
            [-96.806735, 32.780826, 131],
            [-96.806735, 32.780826, 131],
            [-96.806735, 32.780826, 131],
            [-96.806735, 32.780826, 131],
            [-96.806735, 32.780826, 131],
            [-96.806735, 32.780825, 131],
            [-96.806735, 32.780825, 131],
            [-96.806735, 32.780825, 131],
            [-96.806735, 32.780825, 131],
            [-96.806735, 32.780825, 131],
            [-96.806735, 32.780825, 131],
            [-96.806735, 32.780825, 131],
            [-96.806734, 32.780825, 131],
            [-96.806734, 32.780825, 131],
            [-96.806734, 32.780825, 131],
            [-96.806734, 32.780825, 131],
            [-96.806734, 32.780825, 131],
            [-96.806734, 32.780825, 131],
            [-96.806734, 32.780825, 131],
            [-96.806734, 32.780825, 131],
            [-96.806734, 32.780825, 131],
            [-96.806733, 32.780825, 131],
            [-96.806734, 32.780825, 131],
            [-96.806734, 32.780825, 131],
            [-96.806733, 32.780825, 131],
            [-96.806733, 32.780825, 131],
            [-96.806733, 32.780825, 131],
            [-96.806732, 32.780824, 131],
            [-96.806732, 32.780825, 131],
            [-96.806732, 32.780825, 131],
            [-96.806732, 32.780825, 131],
            [-96.806732, 32.780825, 131],
            [-96.806732, 32.780825, 131],
            [-96.806731, 32.780825, 131],
            [-96.806731, 32.780825, 131],
            [-96.80673, 32.780825, 131],
            [-96.80673, 32.780825, 131],
            [-96.80673, 32.780825, 131],
            [-96.80673, 32.780825, 131],
            [-96.80673, 32.780824, 131],
            [-96.806729, 32.780824, 131],
            [-96.806729, 32.780824, 131],
            [-96.806729, 32.780824, 131],
            [-96.806728, 32.780823, 131],
            [-96.806728, 32.780823, 131],
            [-96.806727, 32.780823, 131],
            [-96.806727, 32.780823, 131],
            [-96.806727, 32.780823, 131],
            [-96.806726, 32.780822, 131],
            [-96.806726, 32.780822, 131],
            [-96.806726, 32.780822, 131],
            [-96.806726, 32.780823, 131],
            [-96.806726, 32.780823, 131],
            [-96.806726, 32.780823, 131],
            [-96.806726, 32.780823, 131],
            [-96.806726, 32.780822, 131],
            [-96.806726, 32.780822, 131],
            [-96.806726, 32.780822, 131],
            [-96.806726, 32.780822, 131],
            [-96.806725, 32.780822, 131],
            [-96.806725, 32.780822, 131],
            [-96.806726, 32.780822, 131],
            [-96.806726, 32.780822, 131],
            [-96.806727, 32.780822, 131],
            [-96.806727, 32.780822, 131],
            [-96.806727, 32.780822, 131],
            [-96.806726, 32.780822, 131],
            [-96.806726, 32.780821, 131],
            [-96.806726, 32.780821, 131],
            [-96.806726, 32.780821, 131],
            [-96.806725, 32.780821, 131],
            [-96.806725, 32.780821, 131],
            [-96.806725, 32.780821, 131],
            [-96.806725, 32.780821, 131],
            [-96.806725, 32.780821, 131],
            [-96.806725, 32.78082, 131],
            [-96.806725, 32.78082, 131],
            [-96.806725, 32.78082, 131],
            [-96.806725, 32.780821, 131],
            [-96.806723, 32.780819, 131],
            [-96.806723, 32.780819, 131],
            [-96.806723, 32.780819, 131],
            [-96.806723, 32.780819, 131],
            [-96.806723, 32.780819, 131],
            [-96.806723, 32.780819, 131],
            [-96.806722, 32.780819, 131],
            [-96.806723, 32.780818, 131],
            [-96.806722, 32.780818, 131],
            [-96.806722, 32.780818, 131],
            [-96.806722, 32.780818, 131],
            [-96.806722, 32.780818, 131],
            [-96.806722, 32.780818, 131],
            [-96.806722, 32.780818, 131],
            [-96.806722, 32.780818, 131],
            [-96.806721, 32.780818, 131],
            [-96.806721, 32.780817, 131],
            [-96.806721, 32.780817, 131],
            [-96.80672, 32.780817, 131],
            [-96.80672, 32.780817, 131],
            [-96.80672, 32.780817, 131],
            [-96.806719, 32.780817, 131],
            [-96.80672, 32.780817, 131],
            [-96.80672, 32.780817, 131],
            [-96.806719, 32.780817, 131],
            [-96.806719, 32.780817, 131],
            [-96.806719, 32.780816, 131],
            [-96.806719, 32.780816, 131],
            [-96.806719, 32.780816, 131],
            [-96.806718, 32.780816, 131],
            [-96.806718, 32.780816, 131],
            [-96.806718, 32.780815, 131],
            [-96.806718, 32.780816, 131],
            [-96.806718, 32.780816, 131],
            [-96.806718, 32.780816, 131],
            [-96.806718, 32.780816, 131],
            [-96.806718, 32.780815, 131],
            [-96.806718, 32.780815, 131],
            [-96.806718, 32.780816, 131],
            [-96.806719, 32.780816, 131],
            [-96.806719, 32.780816, 131],
            [-96.806719, 32.780816, 131],
            [-96.806719, 32.780816, 131],
            [-96.806719, 32.780816, 131],
            [-96.806719, 32.780816, 131],
            [-96.806718, 32.780815, 131],
            [-96.806718, 32.780815, 131],
            [-96.806718, 32.780815, 131],
            [-96.806718, 32.780815, 131],
            [-96.806718, 32.780815, 131],
            [-96.806718, 32.780815, 131],
            [-96.806718, 32.780815, 131],
            [-96.806717, 32.780815, 131],
            [-96.806716, 32.780814, 131],
            [-96.806591, 32.78084, 131],
            [-96.806702, 32.780813, 131],
            [-96.806678, 32.780817, 131],
            [-96.806647, 32.780823, 131],
            [-96.806617, 32.78083, 131],
            [-96.806586, 32.780836, 131],
            [-96.806555, 32.780842, 131],
            [-96.806524, 32.780848, 131],
            [-96.806562, 32.78084, 131],
            [-96.80661, 32.780831, 131],
            [-96.806657, 32.780821, 131],
            [-96.806705, 32.780811, 131],
            [-96.806699, 32.780812, 131],
            [-96.806689, 32.780814, 131],
            [-96.806678, 32.780817, 131],
            [-96.806668, 32.780819, 131],
            [-96.806657, 32.780821, 131],
            [-96.806647, 32.780823, 131],
            [-96.806636, 32.780825, 131],
            [-96.806626, 32.780828, 131],
            [-96.806615, 32.78083, 131],
            [-96.806604, 32.780832, 131],
            [-96.806594, 32.780834, 131],
            [-96.806583, 32.780836, 131.1],
            [-96.806573, 32.780838, 131.1],
            [-96.806562, 32.780841, 131.2],
            [-96.806552, 32.780843, 131.2],
            [-96.806541, 32.780845, 131.3],
            [-96.806515, 32.780852, 131.4],
            [-96.806508, 32.780853, 131.4],
            [-96.806512, 32.780851, 131.4],
            [-96.806519, 32.780849, 131.4],
            [-96.806527, 32.780846, 131.4],
            [-96.806535, 32.780843, 131.3],
            [-96.806543, 32.780841, 131.3],
            [-96.80655, 32.780838, 131.3],
            [-96.806558, 32.780835, 131.3],
            [-96.806566, 32.780833, 131.3],
            [-96.806573, 32.78083, 131.3],
            [-96.806581, 32.780827, 131.3],
            [-96.806589, 32.780825, 131.2],
            [-96.806597, 32.780822, 131.2],
            [-96.806604, 32.780819, 131.2],
            [-96.806612, 32.780817, 131.2],
            [-96.80662, 32.780814, 131.2],
            [-96.806627, 32.780811, 131.1],
            [-96.806635, 32.780809, 131.1],
            [-96.806643, 32.780806, 131.1],
            [-96.80665, 32.780803, 131.1],
            [-96.806658, 32.780801, 131.1],
            [-96.806666, 32.780798, 131],
            [-96.806674, 32.780795, 131],
            [-96.806681, 32.780793, 131],
            [-96.806689, 32.78079, 131],
            [-96.806675, 32.780795, 131],
            [-96.80666, 32.780801, 131.1],
            [-96.806644, 32.780806, 131.2],
            [-96.806629, 32.780811, 131.2],
            [-96.806613, 32.780816, 131.3],
            [-96.806598, 32.780822, 131.3],
            [-96.806582, 32.780827, 131.4],
            [-96.806534, 32.780843, 131.4],
            [-96.806668, 32.780798, 131.3],
            [-96.806594, 32.780826, 131.2],
            [-96.806678, 32.780796, 131],
            [-96.806683, 32.780794, 131],
            [-96.806674, 32.780798, 131],
            [-96.806665, 32.780801, 131],
            [-96.806656, 32.780804, 131],
            [-96.806647, 32.780808, 131],
            [-96.806637, 32.780811, 131.1],
            [-96.806628, 32.780815, 131.1],
            [-96.806619, 32.780818, 131.1],
            [-96.80661, 32.780821, 131.1],
            [-96.806601, 32.780825, 131.1],
            [-96.806592, 32.780828, 131.1],
            [-96.806681, 32.780797, 131.3],
            [-96.806682, 32.780798, 131.3],
            [-96.806669, 32.780803, 131.3],
            [-96.806656, 32.780808, 131.3],
            [-96.806643, 32.780813, 131.3],
            [-96.80663, 32.780817, 131.3],
            [-96.806617, 32.780822, 131.4],
            [-96.806604, 32.780827, 131.4],
            [-96.806591, 32.780832, 131.4],
            [-96.806543, 32.78085, 131.4],
            [-96.806523, 32.780858, 131.4],
            [-96.806514, 32.780861, 131.4],
            [-96.806506, 32.780855, 131.4],
            [-96.806503, 32.780854, 131.4],
            [-96.806501, 32.780854, 131.4],
            [-96.806499, 32.780855, 131.4],
            [-96.806498, 32.780855, 131.4],
            [-96.806507, 32.780852, 131.4],
            [-96.806508, 32.780851, 131.4],
            [-96.806508, 32.780851, 131.4],
            [-96.806507, 32.780851, 131.4],
            [-96.806507, 32.780851, 131.4],
            [-96.806491, 32.780859, 131.4],
            [-96.806488, 32.78086, 131.4],
            [-96.806487, 32.780861, 131.4],
            [-96.806486, 32.780861, 131.4],
            [-96.80649, 32.780859, 131.4],
            [-96.806491, 32.780855, 131.4],
            [-96.806494, 32.780853, 131.4],
            [-96.806491, 32.780854, 131.4],
            [-96.806486, 32.780856, 131.4],
            [-96.806482, 32.780857, 131.4],
            [-96.806488, 32.780862, 131.4],
            [-96.806489, 32.780863, 131.4],
            [-96.806486, 32.780864, 131.4],
            [-96.806483, 32.780865, 131.4],
            [-96.806478, 32.780867, 131.4],
            [-96.806476, 32.780863, 131.4],
            [-96.806475, 32.780862, 131.4],
            [-96.806479, 32.780861, 131.4],
            [-96.806483, 32.78086, 131.4],
            [-96.806487, 32.780858, 131.4],
            [-96.806489, 32.780856, 131.4],
            [-96.806491, 32.780855, 131.4],
            [-96.806496, 32.780854, 131.4],
            [-96.806499, 32.780853, 131.4],
            [-96.806502, 32.780852, 131.4],
            [-96.806492, 32.780854, 131.4],
            [-96.806492, 32.780853, 131.4],
            [-96.806494, 32.780853, 131.4],
            [-96.806495, 32.780852, 131.4],
            [-96.806494, 32.780853, 131.4],
            [-96.806498, 32.780857, 131.4],
            [-96.806495, 32.780859, 131.4],
            [-96.806492, 32.78086, 131.4],
            [-96.80649, 32.78086, 131.4],
            [-96.806489, 32.78086, 131.4],
            [-96.806487, 32.780861, 131.4],
            [-96.806485, 32.780862, 131.4],
            [-96.806484, 32.780862, 131.4],
            [-96.806484, 32.780862, 131.4],
            [-96.806484, 32.780862, 131.4],
            [-96.806481, 32.780859, 131.4],
            [-96.80648, 32.780859, 131.4],
            [-96.80648, 32.780859, 131.4],
            [-96.80648, 32.780859, 131.4],
            [-96.80648, 32.780858, 131.4],
            [-96.806488, 32.780863, 131.4],
            [-96.806489, 32.780863, 131.4],
            [-96.80649, 32.780863, 131.4],
            [-96.80649, 32.780863, 131.4],
            [-96.80649, 32.780863, 131.4],
            [-96.806483, 32.780851, 131.4],
            [-96.80648, 32.78085, 131.4],
            [-96.806476, 32.78085, 131.4],
            [-96.806475, 32.780851, 131.4],
            [-96.806472, 32.780852, 131.4],
            [-96.806465, 32.780854, 131.4],
            [-96.806459, 32.780856, 131.4],
            [-96.806452, 32.780859, 131.4],
            [-96.806447, 32.780861, 131.4],
            [-96.806441, 32.780863, 131.4],
            [-96.806427, 32.780869, 131.4],
            [-96.806419, 32.780872, 131.4],
            [-96.806412, 32.780874, 131.4],
            [-96.806406, 32.780877, 131.4],
            [-96.806415, 32.780873, 131.4],
            [-96.806426, 32.780868, 131.4],
            [-96.806434, 32.780865, 131.4],
            [-96.806441, 32.780863, 131.4],
            [-96.806446, 32.780861, 131.4],
            [-96.806451, 32.78086, 131.4],
            [-96.806459, 32.780856, 131.4],
            [-96.806463, 32.780854, 131.4],
            [-96.806467, 32.780853, 131.4],
            [-96.806469, 32.780853, 131.4],
            [-96.806471, 32.780852, 131.4],
            [-96.806464, 32.780855, 131.4],
            [-96.806465, 32.780855, 131.4],
            [-96.806466, 32.780855, 131.4],
            [-96.806467, 32.780855, 131.4],
            [-96.806468, 32.780855, 131.4],
            [-96.806467, 32.780852, 131.4],
            [-96.806467, 32.780851, 131.4],
            [-96.806468, 32.780851, 131.4],
            [-96.806468, 32.78085, 131.4],
            [-96.806469, 32.78085, 131.4],
            [-96.806476, 32.780849, 131.4],
            [-96.806478, 32.780849, 131.4],
            [-96.806479, 32.780849, 131.4],
            [-96.806479, 32.780849, 131.4],
            [-96.806479, 32.780849, 131.4],
            [-96.806474, 32.780853, 131.4],
            [-96.806473, 32.780854, 131.4],
            [-96.806473, 32.780854, 131.4],
            [-96.806473, 32.780855, 131.4],
            [-96.806473, 32.780855, 131.4],
            [-96.806478, 32.780848, 131.4],
            [-96.806478, 32.780847, 131.4],
            [-96.806476, 32.780848, 131.4],
            [-96.806472, 32.780849, 131.4],
            [-96.806473, 32.780848, 131.4],
            [-96.806473, 32.780852, 131.4],
            [-96.80647, 32.780854, 131.4],
            [-96.806471, 32.780852, 131.4],
            [-96.80647, 32.780852, 131.4],
            [-96.806471, 32.780851, 131.4],
            [-96.806465, 32.780846, 131.4],
            [-96.806465, 32.780845, 131.4],
            [-96.806465, 32.780844, 131.4],
            [-96.806465, 32.780844, 131.4],
            [-96.806466, 32.780843, 131.4],
            [-96.806475, 32.78085, 131.4],
            [-96.806475, 32.780852, 131.4],
            [-96.806472, 32.780854, 131.4],
            [-96.806469, 32.780856, 131.4],
            [-96.806466, 32.780859, 131.4],
            [-96.806466, 32.780863, 131.4],
            [-96.806463, 32.780866, 131.4],
            [-96.80646, 32.780869, 131.4],
            [-96.806459, 32.780869, 131.4],
            [-96.806461, 32.780868, 131.4],
            [-96.806464, 32.780859, 131.4],
            [-96.806469, 32.780857, 131.4],
            [-96.806473, 32.780856, 131.4],
            [-96.806475, 32.780855, 131.4],
            [-96.806475, 32.780855, 131.4],
            [-96.806464, 32.780858, 131.4],
            [-96.806458, 32.78086, 131.4],
            [-96.806452, 32.780862, 131.4],
            [-96.806445, 32.780864, 131.4],
            [-96.806439, 32.780865, 131.4],
            [-96.806434, 32.78086, 131.4],
            [-96.806447, 32.780854, 131.4],
            [-96.806457, 32.78085, 131.4],
            [-96.806462, 32.780848, 131.4],
            [-96.806464, 32.780848, 131.4],
            [-96.806471, 32.780856, 131.4],
            [-96.80647, 32.780858, 131.4],
            [-96.806467, 32.78086, 131.4],
            [-96.806463, 32.780861, 131.4],
            [-96.806445, 32.780863, 131.4],
            [-96.806445, 32.780863, 131.4],
            [-96.806433, 32.780865, 131.4],
            [-96.806431, 32.780866, 131.4],
            [-96.806435, 32.780866, 131.4],
            [-96.806438, 32.780866, 131.4],
            [-96.806441, 32.780866, 131.4],
            [-96.806444, 32.780866, 131.4],
            [-96.806448, 32.780866, 131.4],
            [-96.806451, 32.780866, 131.4],
            [-96.806454, 32.780865, 131.4],
            [-96.806457, 32.780865, 131.4],
            [-96.806461, 32.780865, 131.4],
            [-96.806464, 32.780865, 131.4],
            [-96.806467, 32.780865, 131.4],
            [-96.80647, 32.780865, 131.4],
            [-96.806474, 32.780865, 131.4],
            [-96.806477, 32.780865, 131.4],
            [-96.806469, 32.780868, 131.4],
            [-96.806456, 32.780869, 131.4],
            [-96.806444, 32.780869, 131.4],
            [-96.806431, 32.78087, 131.4],
            [-96.806419, 32.780871, 131.4],
            [-96.806417, 32.78087, 131.4],
            [-96.806424, 32.780868, 131.4],
            [-96.80643, 32.780867, 131.4],
            [-96.806436, 32.780866, 131.4],
            [-96.806442, 32.780864, 131.4],
            [-96.806449, 32.780863, 131.4],
            [-96.806455, 32.780861, 131.4],
            [-96.806461, 32.78086, 131.4],
            [-96.806518, 32.780842, 131.4],
            [-96.806564, 32.780828, 131.4],
            [-96.806609, 32.780814, 131.4],
            [-96.806655, 32.7808, 131.4],
            [-96.806656, 32.7808, 131.4],
            [-96.806646, 32.780803, 131.3],
            [-96.806636, 32.780806, 131.3],
            [-96.806626, 32.780809, 131.3],
            [-96.806616, 32.780813, 131.3],
            [-96.806605, 32.780816, 131.3],
            [-96.806595, 32.780819, 131.3],
            [-96.806585, 32.780822, 131.2],
            [-96.806575, 32.780825, 131.2],
            [-96.806565, 32.780828, 131.2],
            [-96.806665, 32.780801, 131],
            [-96.806634, 32.780812, 131.1],
            [-96.806594, 32.780824, 131.2],
            [-96.806545, 32.780838, 131.3],
            [-96.80651, 32.780849, 131.3],
            [-96.806501, 32.780852, 131.3],
            [-96.806472, 32.780863, 131.4],
            [-96.806454, 32.78087, 131.4],
            [-96.806441, 32.780874, 131.4],
            [-96.806432, 32.780878, 131.4],
            [-96.806427, 32.780879, 131.4],
            [-96.806424, 32.78088, 131.4],
            [-96.806423, 32.780876, 131.4],
            [-96.806424, 32.780874, 131.4],
            [-96.806425, 32.780873, 131.4],
            [-96.806426, 32.780872, 131.4],
            [-96.806427, 32.780871, 131.4],
            [-96.806431, 32.780866, 131.4],
            [-96.806433, 32.780865, 131.4],
            [-96.806436, 32.780863, 131.4],
            [-96.806438, 32.780862, 131.4],
            [-96.80644, 32.780862, 131.4],
            [-96.806428, 32.780862, 131.4],
            [-96.806426, 32.780862, 131.4],
            [-96.806425, 32.780861, 131.4],
            [-96.806426, 32.780861, 131.4],
            [-96.806426, 32.780861, 131.4],
            [-96.806432, 32.780863, 131.4],
            [-96.806434, 32.780863, 131.4],
            [-96.806436, 32.780863, 131.4],
            [-96.806437, 32.780863, 131.4],
            [-96.806438, 32.780863, 131.4],
            [-96.806447, 32.780862, 131.4],
            [-96.80645, 32.780862, 131.4],
            [-96.806452, 32.780861, 131.4],
            [-96.806453, 32.780861, 131.4],
            [-96.806453, 32.780861, 131.4],
            [-96.806445, 32.780865, 131.4],
            [-96.806446, 32.780865, 131.4],
            [-96.806451, 32.780863, 131.4],
            [-96.806452, 32.780862, 131.4],
            [-96.806452, 32.780862, 131.4],
            [-96.806455, 32.78086, 131.4],
            [-96.806454, 32.780861, 131.3],
            [-96.806452, 32.780862, 131.3],
            [-96.80645, 32.780863, 131.3],
            [-96.806447, 32.780865, 131.3],
            [-96.806444, 32.780864, 131.3],
            [-96.806444, 32.780865, 131.3],
            [-96.806442, 32.780866, 131.3],
            [-96.806455, 32.780862, 131.3],
            [-96.806464, 32.780859, 131.3],
            [-96.806485, 32.780864, 131.3],
            [-96.806492, 32.780863, 131.3],
            [-96.806491, 32.780864, 131.3],
            [-96.806488, 32.780866, 131.3],
            [-96.806489, 32.780866, 131.3],
            [-96.806483, 32.780855, 131.2],
            [-96.806488, 32.780851, 131.2],
            [-96.806489, 32.780849, 131.2],
            [-96.806488, 32.780849, 131.2],
            [-96.806485, 32.78085, 131.2],
            [-96.806464, 32.780858, 131.2],
            [-96.806453, 32.780861, 131.2],
            [-96.806455, 32.780861, 131.2],
            [-96.806459, 32.78086, 131.1],
            [-96.806461, 32.780859, 131.1],
            [-96.806464, 32.780856, 131.1],
            [-96.806466, 32.780855, 131.1],
            [-96.806467, 32.780854, 131.1],
            [-96.806468, 32.780854, 131.1],
            [-96.806467, 32.780854, 131.1],
            [-96.806462, 32.780849, 131.1],
            [-96.806462, 32.780848, 131.1],
            [-96.806463, 32.780847, 131.1],
            [-96.806479, 32.780843, 131.1],
            [-96.806491, 32.780839, 131.1],
            [-96.806516, 32.780846, 131],
            [-96.806525, 32.780849, 131],
            [-96.806527, 32.780851, 131],
            [-96.806522, 32.780854, 131],
            [-96.806518, 32.780856, 131],
            [-96.806505, 32.780852, 131],
            [-96.806499, 32.780853, 131],
            [-96.806495, 32.780853, 131],
            [-96.806491, 32.780854, 131],
            [-96.806488, 32.780855, 131],
            [-96.806478, 32.780862, 131],
            [-96.806474, 32.780863, 131],
            [-96.806474, 32.780864, 131],
            [-96.806474, 32.780864, 131],
            [-96.806482, 32.780861, 131],
            [-96.80651, 32.780854, 131],
            [-96.806599, 32.780829, 131],
            [-96.80667, 32.780809, 131],
            [-96.80674, 32.780789, 131],
            [-96.806732, 32.780791, 131],
            [-96.806719, 32.780795, 131],
            [-96.806706, 32.780798, 131],
            [-96.806694, 32.780802, 131],
            [-96.806681, 32.780805, 131],
            [-96.806668, 32.780809, 131],
            [-96.806655, 32.780812, 131],
            [-96.80657, 32.780832, 131],
            [-96.806531, 32.780841, 131.2],
            [-96.806513, 32.780845, 131.3],
            [-96.806501, 32.780848, 131.3],
            [-96.806493, 32.780854, 131.3],
            [-96.806488, 32.780856, 131.4],
            [-96.806483, 32.780858, 131.4],
            [-96.806479, 32.780859, 131.4],
            [-96.806478, 32.780859, 131.4],
            [-96.806493, 32.780858, 131.3],
            [-96.806498, 32.780857, 131.3],
            [-96.806502, 32.780857, 131.3],
            [-96.806502, 32.780857, 131.3],
            [-96.806502, 32.780857, 131.3],
            [-96.806517, 32.780857, 131.3],
            [-96.80652, 32.780857, 131.3],
            [-96.806522, 32.780857, 131.3],
            [-96.806523, 32.780856, 131.3],
            [-96.806523, 32.780856, 131.3],
            [-96.80651, 32.780856, 131.2],
            [-96.806516, 32.780854, 131.2],
            [-96.80652, 32.780853, 131.2],
            [-96.806523, 32.780852, 131.2],
            [-96.806526, 32.780851, 131.2],
            [-96.806738, 32.780792, 131],
            [-96.806745, 32.78079, 131],
            [-96.80672, 32.780797, 131],
            [-96.806692, 32.780804, 131],
            [-96.806664, 32.780812, 131],
            [-96.806636, 32.780819, 131],
            [-96.806719, 32.7808, 131],
            [-96.806738, 32.780797, 131],
            [-96.806735, 32.780798, 131],
            [-96.806733, 32.780799, 131],
            [-96.806731, 32.7808, 131],
            [-96.806729, 32.780801, 131],
            [-96.806726, 32.780802, 131],
            [-96.806724, 32.780802, 131],
            [-96.806722, 32.780803, 131],
            [-96.80672, 32.780804, 131],
            [-96.806717, 32.780805, 131],
            [-96.806715, 32.780806, 131],
            [-96.806713, 32.780807, 131],
            [-96.80671, 32.780808, 131],
            [-96.806708, 32.780809, 131],
            [-96.806706, 32.78081, 131],
            [-96.806704, 32.780811, 131],
            [-96.806701, 32.780812, 131],
            [-96.806699, 32.780813, 131],
            [-96.806697, 32.780814, 131],
            [-96.806695, 32.780815, 131],
            [-96.806692, 32.780815, 131],
            [-96.80669, 32.780816, 131],
            [-96.806688, 32.780817, 131],
            [-96.806685, 32.780818, 131],
            [-96.806683, 32.780819, 131],
            [-96.806681, 32.78082, 131],
            [-96.806679, 32.780821, 131],
            [-96.806676, 32.780822, 131],
            [-96.806674, 32.780823, 131],
            [-96.806672, 32.780824, 131],
            [-96.806669, 32.780825, 131],
            [-96.806667, 32.780826, 131],
            [-96.806665, 32.780827, 131],
            [-96.806663, 32.780827, 131],
            [-96.80666, 32.780828, 131],
            [-96.806658, 32.780829, 131],
            [-96.806656, 32.78083, 131],
            [-96.806654, 32.780831, 131],
            [-96.806651, 32.780832, 131],
            [-96.806649, 32.780833, 131],
            [-96.806559, 32.780856, 131],
            [-96.806534, 32.780862, 131.1],
            [-96.806519, 32.780866, 131.2],
            [-96.80651, 32.780868, 131.2],
            [-96.806505, 32.780869, 131.2],
            [-96.806495, 32.780865, 131.3],
            [-96.806491, 32.780865, 131.3],
            [-96.806489, 32.780865, 131.3],
            [-96.806487, 32.780865, 131.3],
            [-96.806484, 32.780865, 131.3],
            [-96.806475, 32.780871, 131.3],
            [-96.80647, 32.780873, 131.3],
            [-96.806467, 32.780874, 131.3],
            [-96.806464, 32.780875, 131.3],
            [-96.80646, 32.780876, 131.4],
            [-96.806457, 32.780874, 131.4],
            [-96.806454, 32.780873, 131.4],
            [-96.80645, 32.780874, 131.4],
            [-96.806448, 32.780874, 131.4],
            [-96.806447, 32.780873, 131.4],
            [-96.806449, 32.780875, 131.4],
            [-96.806453, 32.780875, 131.4],
            [-96.806459, 32.780874, 131.4],
            [-96.806472, 32.780871, 131.3],
            [-96.806482, 32.780869, 131.3],
            [-96.806485, 32.780865, 131.3],
            [-96.806487, 32.780864, 131.3],
            [-96.806488, 32.780864, 131.3],
            [-96.806488, 32.780863, 131.3],
            [-96.806489, 32.780863, 131.3],
            [-96.806489, 32.780863, 131.3],
            [-96.806487, 32.780863, 131.3],
            [-96.806486, 32.780864, 131.3],
            [-96.806482, 32.780864, 131.3],
            [-96.806479, 32.780865, 131.3],
            [-96.806474, 32.780866, 131.3],
            [-96.806475, 32.780866, 131.3],
            [-96.806486, 32.78087, 131.3],
            [-96.806491, 32.780871, 131.2],
            [-96.806495, 32.78087, 131.2],
            [-96.806499, 32.780869, 131.2],
            [-96.806507, 32.780867, 131.2],
            [-96.806513, 32.780865, 131.2],
            [-96.806515, 32.780864, 131.2],
            [-96.806518, 32.780864, 131.2],
            [-96.806521, 32.780863, 131.1],
            [-96.806524, 32.780862, 131.1],
            [-96.80651, 32.780865, 131.1],
            [-96.806508, 32.780865, 131.1],
            [-96.806509, 32.780865, 131.1],
            [-96.806511, 32.780864, 131.1],
            [-96.806512, 32.780864, 131.1],
            [-96.806517, 32.780863, 131.1],
            [-96.806524, 32.780858, 131],
            [-96.806528, 32.780856, 131],
            [-96.806534, 32.780855, 131],
            [-96.806536, 32.780856, 131],
            [-96.806536, 32.780856, 131],
            [-96.80653, 32.780859, 131],
            [-96.806524, 32.780861, 131],
            [-96.806522, 32.780862, 131],
            [-96.806525, 32.780861, 131],
            [-96.806523, 32.780861, 131],
            [-96.806521, 32.78086, 131],
            [-96.806525, 32.78086, 131],
            [-96.806529, 32.780858, 131],
            [-96.806534, 32.780857, 131],
            [-96.806539, 32.780856, 131],
            [-96.806539, 32.780857, 131],
            [-96.806541, 32.780856, 131],
            [-96.806537, 32.780857, 131],
            [-96.806533, 32.780858, 131],
            [-96.806539, 32.780858, 131],
            [-96.806542, 32.780858, 131],
            [-96.806546, 32.780857, 131],
            [-96.80655, 32.780857, 131],
            [-96.806593, 32.780848, 131],
            [-96.806632, 32.78084, 131],
            [-96.80667, 32.780833, 131],
            [-96.806709, 32.780825, 131],
            [-96.806747, 32.780817, 131],
            [-96.806753, 32.780816, 131],
            [-96.806743, 32.780818, 131],
            [-96.806734, 32.78082, 131],
            [-96.806724, 32.780822, 131],
            [-96.806715, 32.780824, 131],
            [-96.806705, 32.780827, 131],
            [-96.806696, 32.780829, 131],
            [-96.806687, 32.780831, 131],
            [-96.806677, 32.780833, 131],
            [-96.806668, 32.780835, 131],
            [-96.806658, 32.780837, 131],
            [-96.806649, 32.780839, 131],
            [-96.806639, 32.780841, 131],
            [-96.80663, 32.780843, 131],
            [-96.806621, 32.780845, 131],
            [-96.806611, 32.780848, 131],
            [-96.806602, 32.78085, 131],
            [-96.806592, 32.780852, 131],
            [-96.806583, 32.780854, 131],
            [-96.806573, 32.780856, 131],
            [-96.806564, 32.780858, 131],
            [-96.806523, 32.780866, 131],
            [-96.806511, 32.780869, 131],
            [-96.806506, 32.78087, 131],
            [-96.806505, 32.780871, 131],
            [-96.806505, 32.780871, 131],
            [-96.806507, 32.78087, 131],
            [-96.806518, 32.780873, 131],
            [-96.806517, 32.780874, 131],
            [-96.806514, 32.780875, 131],
            [-96.80651, 32.780876, 131],
            [-96.806508, 32.780877, 131],
            [-96.806497, 32.780873, 131],
            [-96.806493, 32.780873, 131],
            [-96.806498, 32.780872, 131],
            [-96.806502, 32.780871, 131],
            [-96.806509, 32.78087, 131],
            [-96.806515, 32.780871, 131.1],
            [-96.806517, 32.780871, 131.1],
            [-96.806516, 32.780872, 131.1],
            [-96.806511, 32.780873, 131.1],
            [-96.806504, 32.780874, 131.1],
            [-96.806481, 32.780872, 131.2],
            [-96.806468, 32.780873, 131.2],
            [-96.806456, 32.780874, 131.2],
            [-96.806444, 32.780876, 131.3],
            [-96.806445, 32.780876, 131.3],
            [-96.806463, 32.780877, 131.3],
            [-96.806471, 32.780876, 131.3],
            [-96.806477, 32.780875, 131.3],
            [-96.806478, 32.780875, 131.3],
            [-96.806477, 32.780875, 131.3],
            [-96.806471, 32.780872, 131.3],
            [-96.806467, 32.78087, 131.3],
            [-96.806463, 32.780869, 131.3],
            [-96.80646, 32.780869, 131.3],
            [-96.806457, 32.78087, 131.3],
            [-96.806459, 32.780879, 131.3],
            [-96.806461, 32.78088, 131.3],
            [-96.806465, 32.780879, 131.3],
            [-96.80647, 32.780878, 131.3],
            [-96.80647, 32.780878, 131.3],
            [-96.806467, 32.780866, 131.3],
            [-96.806464, 32.780864, 131.3],
            [-96.806461, 32.780863, 131.3],
            [-96.80646, 32.780863, 131.3],
            [-96.806462, 32.780862, 131.3],
            [-96.80646, 32.780868, 131.3],
            [-96.80646, 32.780869, 131.3],
            [-96.806463, 32.780868, 131.3],
            [-96.806463, 32.780867, 131.3],
            [-96.806465, 32.780865, 131.3],
            [-96.806463, 32.780863, 131.3],
            [-96.806464, 32.780862, 131.3],
            [-96.806465, 32.780861, 131.3],
            [-96.806465, 32.780861, 131.3],
            [-96.806464, 32.780861, 131.3],
            [-96.806471, 32.78086, 131.3],
            [-96.806467, 32.780861, 131.3],
            [-96.806462, 32.780862, 131.3],
            [-96.806455, 32.780864, 131.3],
            [-96.806456, 32.780864, 131.3],
            [-96.806455, 32.780861, 131.3],
            [-96.80646, 32.780859, 131.3],
            [-96.806464, 32.780858, 131.3],
            [-96.806467, 32.780856, 131.3],
            [-96.806468, 32.780856, 131.3],
            [-96.80647, 32.780858, 131.3],
            [-96.806468, 32.780858, 131.3],
            [-96.806464, 32.780859, 131.3],
            [-96.806459, 32.780861, 131.3],
            [-96.806453, 32.780863, 131.3],
            [-96.806444, 32.780864, 131.3],
            [-96.80645, 32.780862, 131.3],
            [-96.806451, 32.780861, 131.3],
            [-96.806451, 32.780861, 131.3],
            [-96.80645, 32.780861, 131.3],
            [-96.806466, 32.780861, 131.3],
            [-96.806469, 32.780861, 131.3],
            [-96.806469, 32.780862, 131.3],
            [-96.806466, 32.780863, 131.3],
            [-96.806461, 32.780865, 131.3],
            [-96.806438, 32.780868, 131.3],
            [-96.806428, 32.780871, 131.3],
            [-96.806419, 32.780873, 131.3],
            [-96.806412, 32.780876, 131.3],
            [-96.806405, 32.780878, 131.3],
            [-96.806404, 32.780877, 131.3],
            [-96.8064, 32.780879, 131.3],
            [-96.806397, 32.78088, 131.3],
            [-96.806405, 32.780877, 131.3],
            [-96.806413, 32.780875, 131.3],
            [-96.80643, 32.780878, 131.3],
            [-96.806436, 32.780878, 131.3],
            [-96.806441, 32.780876, 131.3],
            [-96.806446, 32.780875, 131.3],
            [-96.806451, 32.780873, 131.3],
            [-96.80645, 32.780872, 131.3],
            [-96.806448, 32.780873, 131.3],
            [-96.806445, 32.780874, 131.3],
            [-96.806441, 32.780875, 131.3],
            [-96.806441, 32.780875, 131.3],
            [-96.806436, 32.780865, 131.3],
            [-96.806435, 32.780863, 131.3],
            [-96.806436, 32.780862, 131.3],
            [-96.806436, 32.780861, 131.3],
            [-96.806437, 32.78086, 131.3],
            [-96.806436, 32.780871, 131.3],
            [-96.806439, 32.780871, 131.3],
            [-96.806442, 32.78087, 131.3],
            [-96.806445, 32.780869, 131.3],
            [-96.806449, 32.780868, 131.3],
            [-96.806453, 32.780858, 131.3],
            [-96.806457, 32.780856, 131.3],
            [-96.806457, 32.780855, 131.3],
            [-96.806456, 32.780855, 131.3],
            [-96.806454, 32.780855, 131.3],
            [-96.806449, 32.780868, 131.3],
            [-96.806447, 32.78087, 131.3],
            [-96.806446, 32.780871, 131.3],
            [-96.806445, 32.780872, 131.3],
            [-96.806444, 32.780872, 131.3],
            [-96.806451, 32.780858, 131.3],
            [-96.80645, 32.780857, 131.3],
            [-96.806449, 32.780857, 131.3],
            [-96.806449, 32.780856, 131.3],
            [-96.806448, 32.780855, 131.3],
            [-96.806445, 32.780862, 131.3],
            [-96.806443, 32.780864, 131.3],
            [-96.806442, 32.780865, 131.3],
            [-96.80644, 32.780866, 131.3],
            [-96.80644, 32.780866, 131.3],
            [-96.80644, 32.780867, 131.3],
            [-96.80644, 32.780868, 131.3],
            [-96.806438, 32.780869, 131.3],
            [-96.806438, 32.780869, 131.3],
            [-96.806437, 32.78087, 131.3],
            [-96.806439, 32.780866, 131.3],
            [-96.80644, 32.780865, 131.3],
            [-96.806441, 32.780864, 131.3],
            [-96.806441, 32.780864, 131.3],
            [-96.806441, 32.780864, 131.3],
            [-96.806432, 32.78086, 131.3],
            [-96.806431, 32.78086, 131.3],
            [-96.80643, 32.78086, 131.3],
            [-96.80643, 32.78086, 131.3],
            [-96.806429, 32.78086, 131.3],
            [-96.806434, 32.78086, 131.3],
            [-96.806435, 32.780861, 131.3],
            [-96.806433, 32.780862, 131.3],
            [-96.80643, 32.780863, 131.3],
            [-96.806428, 32.780865, 131.3],
            [-96.806428, 32.780865, 131.3],
            [-96.806427, 32.780867, 131.3],
            [-96.806428, 32.780867, 131.3],
            [-96.806428, 32.780867, 131.3],
            [-96.806429, 32.780867, 131.3],
            [-96.806434, 32.780867, 131.3],
            [-96.806437, 32.780868, 131.3],
            [-96.806438, 32.780868, 131.3],
            [-96.806439, 32.780868, 131.3],
            [-96.806439, 32.780868, 131.3],
            [-96.806439, 32.780869, 131.3],
            [-96.806442, 32.780878, 131.3],
            [-96.806441, 32.78088, 131.3],
            [-96.806444, 32.780881, 131.3],
            [-96.806446, 32.780882, 131.3],
            [-96.806464, 32.78087, 131.3],
            [-96.806478, 32.780863, 131.3],
            [-96.806486, 32.78086, 131.3],
            [-96.806491, 32.780858, 131.3],
            [-96.806494, 32.780856, 131.3],
            [-96.806497, 32.780856, 131.3],
            [-96.806476, 32.780877, 131.3],
            [-96.806472, 32.780881, 131.3],
            [-96.806469, 32.780884, 131.3],
            [-96.806467, 32.780885, 131.3],
            [-96.806464, 32.780886, 131.3],
            [-96.806452, 32.780878, 131.3],
            [-96.80645, 32.780875, 131.3],
            [-96.806449, 32.780873, 131.3],
            [-96.806449, 32.780872, 131.3],
            [-96.806449, 32.780872, 131.3],
            [-96.806444, 32.780876, 131.3],
            [-96.806443, 32.780877, 131.3],
            [-96.806446, 32.780877, 131.3],
            [-96.80645, 32.780876, 131.3],
            [-96.806454, 32.780875, 131.3],
            [-96.806459, 32.780868, 131.3],
            [-96.806461, 32.780866, 131.3],
            [-96.806463, 32.780865, 131.3],
            [-96.806463, 32.780865, 131.3],
            [-96.806465, 32.780864, 131.3],
            [-96.806478, 32.78087, 131.3],
            [-96.806479, 32.780872, 131.3],
            [-96.806477, 32.780875, 131.3],
            [-96.806478, 32.780875, 131.3],
            [-96.806479, 32.780875, 131.3],
            [-96.806474, 32.780869, 131.3],
            [-96.806468, 32.780868, 131.3],
            [-96.806465, 32.780868, 131.3],
            [-96.806463, 32.780869, 131.3],
            [-96.806463, 32.780869, 131.3],
            [-96.806448, 32.780871, 131.3],
            [-96.806439, 32.780872, 131.3],
            [-96.806431, 32.780873, 131.3],
            [-96.806421, 32.780875, 131.3],
            [-96.806414, 32.780877, 131.3],
            [-96.806422, 32.780885, 131.3],
            [-96.806422, 32.780888, 131.3],
            [-96.806419, 32.780891, 131.3],
            [-96.80642, 32.780892, 131.3],
            [-96.80642, 32.780892, 131.3],
            [-96.806415, 32.780887, 131.3],
            [-96.806414, 32.780886, 131.3],
            [-96.806413, 32.780886, 131.3],
            [-96.806414, 32.780886, 131.3],
            [-96.806416, 32.780886, 131.3],
            [-96.806427, 32.780878, 131.3],
            [-96.806428, 32.780877, 131.3],
            [-96.806427, 32.780876, 131.3],
            [-96.806426, 32.780875, 131.3],
            [-96.806424, 32.780875, 131.3],
            [-96.806409, 32.780883, 131.3],
            [-96.806408, 32.780884, 131.3],
            [-96.806408, 32.780885, 131.3],
            [-96.80641, 32.780885, 131.3],
            [-96.806412, 32.780885, 131.3],
            [-96.806414, 32.780895, 131.3],
            [-96.806413, 32.780898, 131.3],
            [-96.806411, 32.780899, 131.3],
            [-96.806408, 32.780901, 131.3],
            [-96.806405, 32.780902, 131.3],
            [-96.806399, 32.780899, 131.3],
            [-96.806396, 32.780899, 131.3],
            [-96.806393, 32.780899, 131.3],
            [-96.806393, 32.780899, 131.3],
            [-96.806391, 32.780899, 131.3],
            [-96.80642, 32.780892, 131.3],
            [-96.806427, 32.780891, 131.3],
            [-96.806429, 32.780891, 131.3],
            [-96.806431, 32.780891, 131.3],
            [-96.806431, 32.780891, 131.3],
            [-96.806408, 32.780889, 131.3],
            [-96.806402, 32.780888, 131.3],
            [-96.806398, 32.780888, 131.3],
            [-96.806397, 32.780888, 131.3],
            [-96.806395, 32.780888, 131.3],
            [-96.80639, 32.780889, 131.3],
            [-96.806389, 32.780889, 131.3],
            [-96.806387, 32.780889, 131.3],
            [-96.806389, 32.780889, 131.3],
            [-96.80639, 32.78089, 131.3],
            [-96.806405, 32.780888, 131.3],
            [-96.80641, 32.780887, 131.3],
            [-96.806413, 32.780887, 131.3],
            [-96.806415, 32.780887, 131.3],
            [-96.806415, 32.780887, 131.3],
            [-96.806401, 32.780893, 131.3],
            [-96.806398, 32.780895, 131.3],
            [-96.806396, 32.780895, 131.3],
            [-96.806395, 32.780895, 131.3],
            [-96.806393, 32.780895, 131.3],
            [-96.806389, 32.78089, 131.3],
            [-96.806388, 32.780889, 131.3],
            [-96.806386, 32.780888, 131.3],
            [-96.806386, 32.780888, 131.3],
            [-96.806386, 32.780888, 131.3],
            [-96.80637, 32.780888, 131.3],
            [-96.806367, 32.780888, 131.3],
            [-96.806366, 32.780888, 131.3],
            [-96.806365, 32.780888, 131.3],
            [-96.806365, 32.780888, 131.3],
            [-96.806401, 32.780894, 131.3],
            [-96.80641, 32.780895, 131.3],
            [-96.806415, 32.780896, 131.3],
            [-96.80642, 32.780897, 131.3],
            [-96.806422, 32.780898, 131.3],
            [-96.806388, 32.78089, 131.3],
            [-96.806382, 32.780889, 131.3],
            [-96.80638, 32.780888, 131.3],
            [-96.806382, 32.780888, 131.3],
            [-96.806385, 32.780889, 131.3],
            [-96.806389, 32.780893, 131.3],
            [-96.806391, 32.780894, 131.3],
            [-96.806392, 32.780895, 131.3],
            [-96.806392, 32.780896, 131.3],
            [-96.806392, 32.780896, 131.3],
            [-96.806398, 32.78089, 131.3],
            [-96.8064, 32.780888, 131.3],
            [-96.806401, 32.780886, 131.3],
            [-96.806405, 32.780885, 131.3],
            [-96.806407, 32.780885, 131.3],
            [-96.806406, 32.780894, 131.3],
            [-96.806406, 32.780896, 131.3],
            [-96.806406, 32.780897, 131.3],
            [-96.806404, 32.780897, 131.3],
            [-96.806401, 32.780896, 131.3],
            [-96.806394, 32.780886, 131.3],
            [-96.806392, 32.780884, 131.3],
            [-96.806389, 32.780882, 131.3],
            [-96.806389, 32.780883, 131.3],
            [-96.806388, 32.780882, 131.3],
            [-96.806405, 32.780889, 131.3],
            [-96.80641, 32.780891, 131.3],
            [-96.806413, 32.780892, 131.3],
            [-96.806414, 32.780893, 131.3],
            [-96.806414, 32.780894, 131.3],
            [-96.806416, 32.780895, 131.3],
            [-96.806417, 32.780895, 131.3],
            [-96.806417, 32.780895, 131.3],
            [-96.806417, 32.780895, 131.3],
            [-96.806416, 32.780894, 131.3],
            [-96.806411, 32.780888, 131.3],
            [-96.80641, 32.780887, 131.3],
            [-96.80641, 32.780887, 131.3],
            [-96.806409, 32.780887, 131.3],
            [-96.806411, 32.780886, 131.3],
            [-96.806436, 32.78089, 131.3],
            [-96.806441, 32.780889, 131.3],
            [-96.806443, 32.780888, 131.3],
            [-96.806458, 32.780894, 131.3],
            [-96.806471, 32.780896, 131.3],
            [-96.806465, 32.780888, 131.3],
            [-96.806465, 32.780887, 131.3],
            [-96.806466, 32.780886, 131.4],
            [-96.806467, 32.780886, 131.4],
            [-96.806472, 32.780887, 131.4],
            [-96.806462, 32.780897, 131.4],
            [-96.80646, 32.780899, 131.4],
            [-96.806465, 32.780901, 131.4],
            [-96.806468, 32.780903, 131.4],
            [-96.80647, 32.780903, 131.4],
            [-96.806457, 32.780903, 131.4],
            [-96.806454, 32.780902, 131.4],
            [-96.806453, 32.780902, 131.4],
            [-96.806454, 32.780902, 131.4],
            [-96.806456, 32.780904, 131.4],
            [-96.806468, 32.780902, 131.4],
            [-96.806475, 32.780898, 131.4],
            [-96.806474, 32.780897, 131.4],
            [-96.806476, 32.780898, 131.4],
            [-96.806477, 32.780898, 131.4],
            [-96.806476, 32.780909, 131.4],
            [-96.806477, 32.780912, 131.4],
            [-96.806478, 32.780913, 131.4],
            [-96.80648, 32.780913, 131.4],
            [-96.806481, 32.780914, 131.4],
            [-96.806489, 32.78093, 131.4],
            [-96.80651, 32.780936, 131.4],
            [-96.806526, 32.780937, 131.4],
            [-96.806543, 32.780938, 131.4],
            [-96.806559, 32.780939, 131.4],
            [-96.806576, 32.78094, 131.4],
            [-96.806592, 32.780941, 131.4],
            [-96.806609, 32.780942, 131.4],
            [-96.806626, 32.780943, 131.4],
            [-96.806642, 32.780944, 131.4],
            [-96.806659, 32.780945, 131.4],
            [-96.806675, 32.780946, 131.4],
            [-96.806692, 32.780947, 131.4],
            [-96.806684, 32.780947, 131.4],
            [-96.806674, 32.780945, 131.4],
            [-96.806663, 32.780943, 131.4],
            [-96.806653, 32.780941, 131.4],
            [-96.806643, 32.780939, 131.4],
            [-96.806633, 32.780937, 131.4],
            [-96.806623, 32.780935, 131.4],
            [-96.806612, 32.780934, 131.4],
            [-96.806602, 32.780932, 131.4],
            [-96.806592, 32.78093, 131.4],
            [-96.806582, 32.780928, 131.4],
            [-96.806572, 32.780926, 131.4],
            [-96.806561, 32.780924, 131.4],
            [-96.806551, 32.780922, 131.4],
            [-96.806541, 32.78092, 131.4],
            [-96.806676, 32.780951, 131.4],
            [-96.806586, 32.78093, 131.4],
            [-96.806541, 32.78092, 131.4],
            [-96.806546, 32.780922, 131.4],
            [-96.806573, 32.780929, 131.4],
            [-96.806599, 32.780935, 131.4],
            [-96.806626, 32.780942, 131.4],
            [-96.806652, 32.780948, 131.4],
            [-96.806679, 32.780955, 131.4],
            [-96.806705, 32.780961, 131.4],
            [-96.80667, 32.780954, 131.4],
            [-96.806634, 32.780946, 131.4],
            [-96.806597, 32.780938, 131.4],
            [-96.806561, 32.78093, 131.4],
            [-96.806524, 32.780922, 131.4],
            [-96.806502, 32.780917, 131.4],
            [-96.806488, 32.780914, 131.4],
            [-96.806481, 32.780912, 131.4],
            [-96.80649, 32.780915, 131.4],
            [-96.8065, 32.780917, 131.4],
            [-96.806508, 32.780919, 131.4],
            [-96.806509, 32.780918, 131.4],
            [-96.806506, 32.780918, 131.4],
            [-96.806528, 32.780914, 131.4],
            [-96.806536, 32.780914, 131.4],
            [-96.806542, 32.780915, 131.4],
            [-96.80654, 32.780913, 131.4],
            [-96.806535, 32.780911, 131.4],
            [-96.806518, 32.780912, 131.4],
            [-96.80651, 32.780912, 131.4],
            [-96.806502, 32.780911, 131.4],
            [-96.806495, 32.780911, 131.4],
            [-96.806483, 32.780908, 131.4],
            [-96.806477, 32.780908, 131.4],
            [-96.806471, 32.780907, 131.4],
            [-96.806465, 32.780907, 131.4],
            [-96.806459, 32.780906, 131.4],
            [-96.806453, 32.780906, 131.4],
            [-96.806447, 32.780905, 131.4],
            [-96.806442, 32.780905, 131.4],
            [-96.806439, 32.780905, 131.4],
            [-96.806437, 32.780905, 131.4],
            [-96.806436, 32.780904, 131.4],
            [-96.806442, 32.780905, 131.4],
            [-96.806443, 32.780905, 131.4],
            [-96.806443, 32.780904, 131.4],
            [-96.806443, 32.780904, 131.4],
            [-96.806443, 32.780904, 131.4],
            [-96.806451, 32.780907, 131.4],
            [-96.806452, 32.780908, 131.4],
            [-96.806452, 32.780909, 131.4],
            [-96.806452, 32.780911, 131.4],
            [-96.806452, 32.780912, 131.4],
            [-96.806423, 32.780906, 131.4],
            [-96.806417, 32.780905, 131.4],
            [-96.806414, 32.780905, 131.4],
            [-96.806412, 32.780905, 131.4],
            [-96.806411, 32.780904, 131.4],
            [-96.80643, 32.780903, 131.4],
            [-96.806434, 32.780902, 131.4],
            [-96.806434, 32.780902, 131.4],
            [-96.806448, 32.780906, 131.4],
            [-96.806448, 32.780906, 131.4],
            [-96.806448, 32.780906, 131.4],
            [-96.80645, 32.780899, 131.4],
            [-96.80645, 32.780899, 131.4],
            [-96.80645, 32.780899, 131.4],
            [-96.806555, 32.780927, 131.4],
            [-96.806596, 32.780939, 131.4],
            [-96.806637, 32.780951, 131.4],
            [-96.806678, 32.780963, 131.4],
            [-96.806584, 32.780935, 131.4],
            [-96.806491, 32.780907, 131.4],
            [-96.806397, 32.780879, 131.4],
            [-96.806397, 32.780879, 131.4],
            [-96.806397, 32.780879, 131.4],
            [-96.806395, 32.780886, 131.4],
            [-96.806395, 32.780886, 131.4],
            [-96.806395, 32.780886, 131.4],
            [-96.806407, 32.780894, 131.4],
            [-96.806407, 32.780894, 131.4],
            [-96.806407, 32.780894, 131.4],
            [-96.806404, 32.780891, 131.4],
            [-96.806404, 32.780891, 131.4],
            [-96.806404, 32.780891, 131.4],
            [-96.806388, 32.780898, 131.4],
            [-96.806388, 32.780898, 131.4],
            [-96.806388, 32.780898, 131.4],
            [-96.806358, 32.780876, 131.4],
            [-96.806358, 32.780876, 131.4],
            [-96.806358, 32.780876, 131.4],
            [-96.806381, 32.780882, 131.4],
            [-96.806381, 32.780882, 131.4],
            [-96.806381, 32.780882, 131.4],
            [-96.806395, 32.780884, 131.4],
            [-96.806395, 32.780884, 131.4],
            [-96.806395, 32.780884, 131.4],
            [-96.806382, 32.780885, 131.4],
            [-96.806382, 32.780885, 131.4],
            [-96.806382, 32.780885, 131.4],
            [-96.806358, 32.780898, 131.4],
            [-96.806358, 32.780898, 131.4],
            [-96.806358, 32.780898, 131.4],
            [-96.806369, 32.780897, 131.4],
            [-96.806369, 32.780897, 131.4],
            [-96.806369, 32.780897, 131.4],
            [-96.80637, 32.780887, 131.4],
            [-96.80637, 32.780887, 131.4],
            [-96.80637, 32.780887, 131.4],
            [-96.806391, 32.780885, 131.4],
            [-96.806391, 32.780885, 131.4],
            [-96.806391, 32.780885, 131.4],
            [-96.806403, 32.780884, 131.4],
            [-96.806403, 32.780884, 131.4],
            [-96.806403, 32.780884, 131.4],
            [-96.806371, 32.780896, 131.4],
            [-96.806371, 32.780896, 131.4],
            [-96.806371, 32.780896, 131.4],
            [-96.806383, 32.780879, 131.4],
            [-96.806383, 32.780879, 131.4],
            [-96.806383, 32.780879, 131.4],
            [-96.806416, 32.780891, 131.4],
            [-96.806416, 32.780891, 131.4],
            [-96.806416, 32.780891, 131.4],
            [-96.806374, 32.780892, 131.4],
            [-96.806374, 32.780892, 131.4],
            [-96.806374, 32.780892, 131.4],
            [-96.806408, 32.780884, 131.4],
            [-96.806408, 32.780884, 131.4],
            [-96.806408, 32.780884, 131.4],
            [-96.806381, 32.780875, 131.4],
            [-96.806381, 32.780875, 131.4],
            [-96.806377, 32.780869, 131.4],
            [-96.806377, 32.780869, 131.4],
            [-96.806377, 32.780869, 131.4],
            [-96.806372, 32.780881, 131.4],
            [-96.806372, 32.780881, 131.4],
            [-96.806372, 32.780881, 131.4],
            [-96.806371, 32.780903, 131.4],
            [-96.806371, 32.780903, 131.4],
            [-96.806371, 32.780903, 131.4],
            [-96.806362, 32.780882, 131.4],
            [-96.806362, 32.780882, 131.4],
            [-96.806362, 32.780882, 131.4],
            [-96.806387, 32.780887, 131.4],
            [-96.806387, 32.780887, 131.4],
            [-96.806387, 32.780887, 131.4],
            [-96.806388, 32.78089, 131.4],
            [-96.806388, 32.78089, 131.4],
            [-96.806388, 32.78089, 131.4],
            [-96.806392, 32.780904, 131.4],
            [-96.806392, 32.780904, 131.4],
            [-96.806393, 32.780901, 131.4],
            [-96.806394, 32.780899, 131.4],
            [-96.806395, 32.780897, 131.4],
            [-96.806395, 32.780896, 131.4],
            [-96.806395, 32.780894, 131.4],
            [-96.806392, 32.780883, 131.4],
            [-96.806393, 32.780877, 131.4],
            [-96.806395, 32.780875, 131.4],
            [-96.806413, 32.78087, 131.4],
            [-96.806427, 32.780867, 131.4],
            [-96.806458, 32.780861, 131.4],
            [-96.806485, 32.780853, 131.4],
            [-96.806512, 32.780844, 131.3],
            [-96.806539, 32.780835, 131.3],
            [-96.806567, 32.780827, 131.2],
            [-96.806594, 32.780818, 131.2],
            [-96.806621, 32.780809, 131.1],
            [-96.806648, 32.780801, 131.1],
            [-96.806675, 32.780792, 131],
            [-96.806687, 32.780788, 131],
            [-96.806684, 32.780784, 131],
            [-96.806684, 32.780784, 131],
            [-96.80667, 32.780778, 131],
            [-96.806654, 32.780771, 131.1],
            [-96.806638, 32.780766, 131.1],
            [-96.80662, 32.780763, 131.1],
            [-96.806604, 32.780761, 131.2],
            [-96.806588, 32.78076, 131.2],
            [-96.80655, 32.780758, 131.3],
            [-96.806541, 32.780756, 131.3],
            [-96.806541, 32.780756, 131.3],
            [-96.806541, 32.780756, 131.3],
            [-96.806479, 32.780756, 131.4],
            [-96.806461, 32.780782, 131.4],
            [-96.806456, 32.780786, 131.4],
            [-96.80645, 32.78079, 131.4],
            [-96.806445, 32.780795, 131.4],
            [-96.80644, 32.780799, 131.4],
            [-96.806434, 32.780803, 131.4],
            [-96.806429, 32.780807, 131.4],
            [-96.806419, 32.780812, 131.4],
            [-96.806409, 32.780818, 131.4],
            [-96.8064, 32.780823, 131.4],
            [-96.80639, 32.780828, 131.4],
            [-96.80638, 32.780834, 131.4],
            [-96.80637, 32.780839, 131.5],
            [-96.806337, 32.78085, 131.5],
            [-96.806314, 32.780857, 131.5],
            [-96.806299, 32.78086, 131.5],
            [-96.806286, 32.780867, 131.5],
            [-96.806281, 32.78087, 131.5],
            [-96.806276, 32.780872, 131.5],
            [-96.806271, 32.780874, 131.5],
            [-96.806266, 32.780877, 131.5],
            [-96.806261, 32.780879, 131.5],
            [-96.806251, 32.780881, 131.5],
            [-96.806245, 32.780881, 131.5],
            [-96.806241, 32.780882, 131.5],
            [-96.80624, 32.780883, 131.5],
            [-96.806248, 32.7809, 131.5],
            [-96.806249, 32.780905, 131.5],
            [-96.806251, 32.780909, 131.5],
            [-96.806254, 32.780913, 131.5],
            [-96.806257, 32.780916, 131.5],
            [-96.80628, 32.780891, 131.5],
            [-96.806332, 32.780871, 131.5],
            [-96.806332, 32.780871, 131.5],
            [-96.806344, 32.780869, 131.5],
            [-96.806344, 32.780868, 131.5],
            [-96.806343, 32.780874, 131.5],
            [-96.806342, 32.780876, 131.5],
            [-96.806348, 32.78088, 131.5],
            [-96.806348, 32.78088, 131.5],
            [-96.806348, 32.78088, 131.5],
            [-96.806353, 32.780889, 131.5],
            [-96.806351, 32.780892, 131.5],
            [-96.806351, 32.780892, 131.5],
            [-96.806351, 32.780892, 131.5],
            [-96.806346, 32.780895, 131.5],
            [-96.80634, 32.78091, 131.5],
            [-96.806338, 32.780913, 131.5],
            [-96.806336, 32.780917, 131.5],
            [-96.806335, 32.78092, 131.5],
            [-96.806333, 32.780924, 131.5],
            [-96.806331, 32.780927, 131.5],
            [-96.806329, 32.780931, 131.5],
            [-96.806328, 32.780937, 131.5],
            [-96.806327, 32.780942, 131.5],
            [-96.806325, 32.780948, 131.5],
            [-96.806324, 32.780953, 131.5],
            [-96.806323, 32.780959, 131.5],
            [-96.806322, 32.780964, 131.5],
            [-96.80632, 32.78097, 131.5],
            [-96.806319, 32.780975, 131.5],
            [-96.806318, 32.780981, 131.5],
            [-96.806317, 32.780986, 131.5],
            [-96.806315, 32.780992, 131.5],
            [-96.806314, 32.780997, 131.5],
            [-96.806312, 32.780949, 131.5],
            [-96.80631, 32.780942, 131.5],
            [-96.806308, 32.78094, 131.5],
            [-96.806308, 32.78094, 131.5],
            [-96.806304, 32.780941, 131.5],
            [-96.806296, 32.78094, 131.5],
            [-96.806286, 32.780939, 131.5],
            [-96.80629, 32.780939, 131.5],
            [-96.806293, 32.780945, 131.5],
            [-96.806299, 32.780949, 131.5],
            [-96.806305, 32.78095, 131.5],
            [-96.806308, 32.780951, 131.5],
            [-96.806308, 32.780951, 131.5],
            [-96.806308, 32.780951, 131.5],
            [-96.806311, 32.78096, 131.5],
            [-96.806311, 32.78096, 131.5],
            [-96.806311, 32.78096, 131.5],
            [-96.806327, 32.78097, 131.5],
            [-96.806327, 32.78097, 131.5],
            [-96.806331, 32.78097, 131.5],
            [-96.806331, 32.780973, 131.5],
            [-96.806331, 32.780974, 131.5],
            [-96.806338, 32.780965, 131.5],
            [-96.806359, 32.780947, 131.5],
            [-96.806359, 32.780947, 131.5],
            [-96.806355, 32.780928, 131.5],
            [-96.80635, 32.780936, 131.5],
            [-96.80635, 32.780936, 131.5],
            [-96.806344, 32.780938, 131.5],
            [-96.806344, 32.780938, 131.5],
            [-96.806336, 32.780937, 131.5],
            [-96.806336, 32.780937, 131.5],
            [-96.806325, 32.78094, 131.5],
            [-96.80632, 32.780946, 131.5],
            [-96.80632, 32.780949, 131.5],
            [-96.806318, 32.780959, 131.5],
            [-96.806318, 32.780959, 131.5],
            [-96.806312, 32.780971, 131.5],
            [-96.806305, 32.78097, 131.5],
            [-96.806305, 32.78097, 131.5],
            [-96.806307, 32.780972, 131.5],
            [-96.806307, 32.780972, 131.5],
            [-96.806314, 32.780974, 131.5],
            [-96.806314, 32.780974, 131.5],
            [-96.806314, 32.780974, 131.5],
            [-96.806309, 32.780973, 131.5],
            [-96.806309, 32.780973, 131.5],
            [-96.806306, 32.780972, 131.5],
            [-96.806306, 32.780969, 131.5],
            [-96.806306, 32.780969, 131.5],
            [-96.806306, 32.780969, 131.5],
            [-96.806287, 32.780988, 131.5],
            [-96.806287, 32.780988, 131.5],
            [-96.806287, 32.780988, 131.5],
            [-96.806283, 32.780985, 131.5],
            [-96.806283, 32.780985, 131.5],
            [-96.806283, 32.780985, 131.5],
            [-96.806276, 32.781003, 131.5],
            [-96.806276, 32.781003, 131.5],
            [-96.806276, 32.781003, 131.5],
            [-96.806264, 32.78101, 131.5],
            [-96.806264, 32.78101, 131.5],
            [-96.806264, 32.78101, 131.5],
            [-96.806294, 32.781004, 131.5],
            [-96.806294, 32.781004, 131.5],
            [-96.806298, 32.780984, 131.5],
            [-96.806296, 32.780985, 131.5],
            [-96.806295, 32.780986, 131.5],
            [-96.806293, 32.780988, 131.5],
            [-96.806292, 32.78099, 131.5],
            [-96.80629, 32.780992, 131.5],
            [-96.806289, 32.780993, 131.5],
            [-96.806287, 32.780995, 131.5],
            [-96.806286, 32.780997, 131.5],
            [-96.806284, 32.780999, 131.5],
            [-96.806282, 32.781, 131.5],
            [-96.806281, 32.781002, 131.5],
            [-96.806279, 32.781004, 131.5],
            [-96.806278, 32.781005, 131.5],
            [-96.806276, 32.781007, 131.5],
            [-96.806275, 32.781009, 131.5],
            [-96.806273, 32.781011, 131.5],
            [-96.806272, 32.781012, 131.5],
            [-96.80627, 32.781014, 131.5],
            [-96.80627, 32.781014, 131.5],
            [-96.80627, 32.781014, 131.5],
            [-96.80627, 32.781014, 131.5],
            [-96.806285, 32.78101, 131.5],
            [-96.806285, 32.78101, 131.5],
            [-96.806285, 32.78101, 131.5],
            [-96.806289, 32.781012, 131.5],
            [-96.806289, 32.781012, 131.5],
            [-96.806305, 32.78103, 131.5],
            [-96.806305, 32.78103, 131.5],
            [-96.806305, 32.78103, 131.5],
            [-96.806273, 32.781023, 131.5],
            [-96.806273, 32.781023, 131.5],
            [-96.806273, 32.781023, 131.5],
            [-96.806262, 32.78101, 131.5],
            [-96.806262, 32.78101, 131.5],
            [-96.806262, 32.78101, 131.5],
            [-96.806282, 32.781023, 131.5],
            [-96.806282, 32.781023, 131.5],
            [-96.806282, 32.781023, 131.5],
            [-96.806297, 32.781023, 131.5],
            [-96.806297, 32.781023, 131.5],
            [-96.806285, 32.781013, 131.5],
            [-96.806285, 32.781013, 131.5],
            [-96.806285, 32.781013, 131.5],
            [-96.806282, 32.781005, 131.5],
            [-96.806282, 32.781005, 131.5],
            [-96.806282, 32.781005, 131.5],
            [-96.806264, 32.780991, 131.5],
            [-96.806264, 32.780991, 131.5],
            [-96.806264, 32.780991, 131.5],
            [-96.806258, 32.78102, 131.5],
            [-96.806258, 32.78102, 131.5],
            [-96.806258, 32.78102, 131.5],
            [-96.806277, 32.781011, 131.5],
            [-96.806277, 32.781011, 131.5],
            [-96.806277, 32.781011, 131.5],
            [-96.806297, 32.781005, 131.5],
            [-96.806297, 32.781005, 131.5],
            [-96.806297, 32.781005, 131.5],
            [-96.80627, 32.781001, 131.5],
            [-96.80627, 32.781001, 131.5],
            [-96.80627, 32.781001, 131.5],
            [-96.806283, 32.780992, 131.5],
            [-96.806283, 32.780992, 131.5],
            [-96.806283, 32.780992, 131.5],
            [-96.80626, 32.781, 131.5],
            [-96.80626, 32.781, 131.5],
            [-96.80626, 32.781, 131.5],
            [-96.80626, 32.781, 131.5],
            [-96.806287, 32.781005, 131.5],
            [-96.806287, 32.781005, 131.5],
            [-96.806287, 32.781005, 131.5],
            [-96.806258, 32.781013, 131.5],
            [-96.806258, 32.781013, 131.5],
            [-96.806258, 32.781013, 131.5],
            [-96.806259, 32.781029, 131.5],
            [-96.806269, 32.781023, 131.5],
            [-96.806279, 32.781018, 131.5],
            [-96.806289, 32.781012, 131.5],
            [-96.806299, 32.781006, 131.5],
            [-96.806299, 32.781006, 131.5],
            [-96.806299, 32.781006, 131.5],
            [-96.806299, 32.781006, 131.5],
            [-96.806284, 32.780999, 131.5],
            [-96.806284, 32.780999, 131.5],
            [-96.806284, 32.780999, 131.5],
            [-96.806275, 32.781014, 131.5],
            [-96.806275, 32.781014, 131.5],
            [-96.806275, 32.781014, 131.5],
            [-96.806262, 32.781016, 131.5],
            [-96.806262, 32.781016, 131.5],
            [-96.806262, 32.781016, 131.5],
            [-96.80629, 32.781004, 131.5],
            [-96.80629, 32.781004, 131.5],
            [-96.80629, 32.781004, 131.5],
            [-96.806275, 32.781003, 131.5],
            [-96.806275, 32.781003, 131.5],
            [-96.806275, 32.781003, 131.5],
            [-96.806264, 32.780986, 131.5],
            [-96.806264, 32.780986, 131.5],
            [-96.806264, 32.780986, 131.5],
            [-96.80627, 32.780975, 131.5],
            [-96.80627, 32.780975, 131.5],
            [-96.80627, 32.780975, 131.5],
            [-96.806251, 32.780998, 131.5],
            [-96.806251, 32.780998, 131.5],
            [-96.806251, 32.780998, 131.5],
            [-96.806255, 32.78102, 131.5],
            [-96.806255, 32.78102, 131.5],
            [-96.806255, 32.78102, 131.5],
            [-96.806286, 32.78099, 131.5],
            [-96.806286, 32.78099, 131.5],
            [-96.806286, 32.78099, 131.5],
            [-96.806275, 32.780992, 131.5],
            [-96.806275, 32.780992, 131.5],
            [-96.806275, 32.780992, 131.5],
            [-96.806275, 32.780992, 131.5],
            [-96.806273, 32.781017, 131.5],
            [-96.806273, 32.781017, 131.5],
            [-96.806273, 32.781017, 131.5],
            [-96.806292, 32.781001, 131.5],
            [-96.806292, 32.781001, 131.5],
            [-96.806292, 32.781001, 131.5],
            [-96.806259, 32.780993, 131.5],
            [-96.806261, 32.780996, 131.5],
            [-96.806263, 32.780999, 131.5],
            [-96.806265, 32.781002, 131.5],
            [-96.806267, 32.781005, 131.5],
            [-96.806269, 32.781008, 131.5],
            [-96.80627, 32.781012, 131.5],
            [-96.806272, 32.781015, 131.5],
            [-96.806274, 32.781018, 131.5],
            [-96.806276, 32.781021, 131.5],
            [-96.806278, 32.781024, 131.5],
            [-96.80628, 32.781027, 131.5],
            [-96.806282, 32.78103, 131.5],
            [-96.806282, 32.781029, 131.5],
            [-96.806282, 32.781028, 131.5],
            [-96.806282, 32.781028, 131.5],
            [-96.806281, 32.781027, 131.5],
            [-96.806281, 32.781026, 131.5],
            [-96.806281, 32.781025, 131.5],
            [-96.806281, 32.781024, 131.5],
            [-96.806281, 32.781023, 131.5],
            [-96.806281, 32.781023, 131.5],
            [-96.806281, 32.781022, 131.5],
            [-96.806281, 32.781021, 131.5],
            [-96.80628, 32.78102, 131.5],
            [-96.80628, 32.781019, 131.5],
            [-96.80628, 32.781018, 131.5],
            [-96.80628, 32.781018, 131.5],
            [-96.80628, 32.781017, 131.5],
            [-96.80628, 32.781016, 131.5],
            [-96.80628, 32.781015, 131.5],
            [-96.80628, 32.781014, 131.5],
            [-96.806279, 32.781013, 131.5],
            [-96.806279, 32.781013, 131.5],
            [-96.806279, 32.781012, 131.5],
            [-96.806279, 32.781011, 131.5],
            [-96.806279, 32.78101, 131.5],
            [-96.806279, 32.781009, 131.5],
            [-96.806279, 32.781008, 131.5],
            [-96.806279, 32.781008, 131.5],
            [-96.806278, 32.781007, 131.5],
            [-96.806278, 32.781006, 131.5],
            [-96.806278, 32.781005, 131.5],
            [-96.806278, 32.781004, 131.5],
            [-96.806278, 32.781003, 131.5],
            [-96.806278, 32.781003, 131.5],
            [-96.806278, 32.781002, 131.5],
            [-96.806278, 32.781001, 131.5],
            [-96.806277, 32.781, 131.5],
            [-96.806277, 32.780999, 131.5],
            [-96.806277, 32.780998, 131.5],
            [-96.806277, 32.780998, 131.5],
            [-96.806277, 32.780997, 131.5],
            [-96.806277, 32.780996, 131.5],
            [-96.806277, 32.780995, 131.5],
            [-96.806277, 32.780994, 131.5],
            [-96.806276, 32.780993, 131.5],
            [-96.806276, 32.780993, 131.5],
            [-96.806276, 32.780992, 131.5],
            [-96.806276, 32.780991, 131.5],
            [-96.806276, 32.78099, 131.5],
            [-96.806276, 32.78099, 131.5],
            [-96.806276, 32.78099, 131.5],
            [-96.806267, 32.781014, 131.5],
            [-96.806267, 32.781014, 131.5],
            [-96.806267, 32.781014, 131.5],
            [-96.806272, 32.781013, 131.5],
            [-96.806272, 32.781013, 131.5],
            [-96.806272, 32.781013, 131.5],
            [-96.806253, 32.781025, 131.5],
            [-96.806253, 32.781025, 131.5],
            [-96.806253, 32.781025, 131.5],
            [-96.806275, 32.781006, 131.5],
            [-96.806275, 32.781006, 131.5],
            [-96.806275, 32.781006, 131.5],
            [-96.806283, 32.780989, 131.5],
            [-96.806283, 32.780989, 131.5],
            [-96.806283, 32.780989, 131.5],
            [-96.806246, 32.780979, 131.5],
            [-96.806246, 32.780979, 131.5],
            [-96.806246, 32.780979, 131.5],
            [-96.806271, 32.780975, 131.5],
            [-96.806271, 32.780975, 131.5],
            [-96.806271, 32.780975, 131.5],
            [-96.806262, 32.780995, 131.5],
            [-96.806262, 32.780995, 131.5],
            [-96.806262, 32.780995, 131.5],
            [-96.806262, 32.781016, 131.5],
            [-96.806262, 32.781016, 131.5],
            [-96.806262, 32.781016, 131.5],
            [-96.806262, 32.780985, 131.5],
            [-96.806262, 32.780985, 131.5],
            [-96.806262, 32.780985, 131.5],
            [-96.806239, 32.781002, 131.5],
            [-96.806239, 32.781002, 131.5],
            [-96.806239, 32.781002, 131.5],
            [-96.806291, 32.781012, 131.5],
            [-96.806285, 32.781007, 131.5],
            [-96.806279, 32.781002, 131.5],
            [-96.806273, 32.780998, 131.5],
            [-96.806268, 32.780993, 131.5],
            [-96.806262, 32.780988, 131.5],
            [-96.806256, 32.780983, 131.5],
            [-96.806257, 32.78099, 131.5],
            [-96.806257, 32.780996, 131.5],
            [-96.806258, 32.781003, 131.5],
            [-96.806259, 32.781009, 131.5],
            [-96.806259, 32.781016, 131.5],
            [-96.80626, 32.781022, 131.5],
            [-96.80626, 32.781022, 131.5],
            [-96.80626, 32.781022, 131.5],
            [-96.806325, 32.781014, 131.5],
            [-96.80631, 32.781019, 131.5],
            [-96.806296, 32.781025, 131.5],
            [-96.806281, 32.78103, 131.5],
            [-96.806281, 32.78103, 131.5],
            [-96.806281, 32.78103, 131.5],
            [-96.80629, 32.780987, 131.5],
            [-96.80629, 32.780987, 131.5],
            [-96.80629, 32.780987, 131.5],
            [-96.806285, 32.780994, 131.5],
            [-96.806285, 32.780994, 131.5],
            [-96.806285, 32.780994, 131.5],
            [-96.806287, 32.780992, 131.5],
            [-96.806287, 32.780992, 131.5],
            [-96.806287, 32.780992, 131.5],
            [-96.806285, 32.780999, 131.5],
            [-96.806285, 32.780999, 131.5],
            [-96.806285, 32.780999, 131.5],
            [-96.806294, 32.781017, 131.5],
            [-96.806294, 32.781017, 131.5],
            [-96.806294, 32.781017, 131.5],
            [-96.80629, 32.781004, 131.5],
            [-96.80629, 32.781004, 131.5],
            [-96.80629, 32.781004, 131.5],
            [-96.806272, 32.781015, 131.5],
            [-96.806272, 32.781015, 131.5],
            [-96.806272, 32.781015, 131.5],
            [-96.806263, 32.781014, 131.5],
            [-96.806263, 32.781014, 131.5],
            [-96.806263, 32.781014, 131.5],
            [-96.806295, 32.781009, 131.5],
            [-96.806295, 32.781009, 131.5],
            [-96.806295, 32.781009, 131.5],
            [-96.806318, 32.781017, 131.5],
            [-96.806318, 32.781017, 131.5],
            [-96.806318, 32.781017, 131.5],
            [-96.806271, 32.781011, 131.5],
            [-96.806271, 32.781011, 131.5],
            [-96.806271, 32.781011, 131.5],
            [-96.806274, 32.78102, 131.5],
            [-96.806274, 32.78102, 131.5],
            [-96.806269, 32.781017, 131.5],
            [-96.806269, 32.781017, 131.5],
            [-96.806265, 32.781017, 131.5],
            [-96.806265, 32.781017, 131.5],
            [-96.806261, 32.781019, 131.5],
            [-96.806261, 32.781019, 131.5],
            [-96.806259, 32.781019, 131.5],
            [-96.80626, 32.781017, 131.5],
            [-96.80626, 32.781017, 131.5],
            [-96.80626, 32.781017, 131.5],
            [-96.806263, 32.781017, 131.5],
            [-96.806263, 32.781019, 131.5],
            [-96.806263, 32.781021, 131.5],
            [-96.806263, 32.781021, 131.5],
            [-96.806266, 32.781021, 131.5],
            [-96.806266, 32.781021, 131.5],
            [-96.80627, 32.781019, 131.5],
            [-96.806269, 32.781017, 131.5],
            [-96.806269, 32.781017, 131.5],
            [-96.806267, 32.781018, 131.5],
            [-96.806267, 32.781018, 131.5],
            [-96.806267, 32.781018, 131.5],
            [-96.806278, 32.781016, 131.5],
            [-96.806278, 32.781016, 131.5],
            [-96.806278, 32.781016, 131.5],
            [-96.80628, 32.781012, 131.5],
            [-96.80628, 32.781012, 131.5],
            [-96.80628, 32.781012, 131.5],
            [-96.806286, 32.781012, 131.5],
            [-96.806286, 32.781012, 131.5],
            [-96.806286, 32.781012, 131.5],
            [-96.806271, 32.781005, 131.5],
            [-96.806271, 32.781005, 131.5],
            [-96.806271, 32.781005, 131.5],
            [-96.806266, 32.780992, 131.5],
            [-96.806266, 32.780992, 131.5],
            [-96.806266, 32.780992, 131.5],
            [-96.806247, 32.780992, 131.5],
            [-96.806247, 32.780992, 131.5],
            [-96.806247, 32.780992, 131.5],
            [-96.80624, 32.781004, 131.5],
            [-96.80624, 32.781004, 131.5],
            [-96.80624, 32.781004, 131.5],
            [-96.806274, 32.780979, 131.5],
            [-96.806274, 32.780979, 131.5],
            [-96.806274, 32.780979, 131.5],
            [-96.806274, 32.781023, 131.5],
            [-96.806274, 32.781023, 131.5],
            [-96.806274, 32.781023, 131.5],
            [-96.806277, 32.781028, 131.5],
            [-96.806277, 32.781028, 131.5],
            [-96.806277, 32.781028, 131.5],
            [-96.806363, 32.781011, 131.5],
            [-96.806352, 32.781, 131.5],
            [-96.806341, 32.78099, 131.5],
            [-96.80633, 32.780979, 131.5],
            [-96.80633, 32.780979, 131.5],
            [-96.80633, 32.780979, 131.5],
            [-96.806327, 32.780972, 131.5],
            [-96.806317, 32.780977, 131.5],
            [-96.806316, 32.780977, 131.5],
            [-96.806316, 32.780977, 131.5],
            [-96.806315, 32.780978, 131.5],
            [-96.806315, 32.780978, 131.5],
            [-96.806315, 32.780978, 131.5],
            [-96.806314, 32.780987, 131.5],
            [-96.806314, 32.780987, 131.5],
            [-96.806314, 32.780987, 131.5],
            [-96.806302, 32.780988, 131.5],
            [-96.806302, 32.780988, 131.5],
            [-96.806302, 32.780988, 131.5],
            [-96.806298, 32.780988, 131.5],
            [-96.806298, 32.780988, 131.5],
            [-96.806294, 32.780986, 131.5],
            [-96.806294, 32.780986, 131.5],
            [-96.806293, 32.780986, 131.5],
            [-96.806293, 32.780986, 131.5],
            [-96.806293, 32.780986, 131.5],
            [-96.806293, 32.780979, 131.5],
            [-96.806291, 32.78097, 131.5],
            [-96.806313, 32.780941, 131.5],
            [-96.80633, 32.780937, 131.5],
            [-96.806337, 32.780935, 131.5],
            [-96.806347, 32.780925, 131.5],
            [-96.806356, 32.780921, 131.5],
            [-96.806356, 32.780921, 131.5],
            [-96.806367, 32.780918, 131.5],
            [-96.806383, 32.780916, 131.5],
            [-96.806404, 32.780893, 131.5],
            [-96.806411, 32.780886, 131.5],
            [-96.806419, 32.780869, 131.5],
            [-96.806419, 32.780869, 131.5],
            [-96.80642, 32.780852, 131.5],
            [-96.806403, 32.780834, 131.5],
            [-96.806387, 32.780829, 131.5],
            [-96.806387, 32.780829, 131.5],
            [-96.80638, 32.780822, 131.5],
            [-96.80638, 32.780813, 131.5],
            [-96.806356, 32.780815, 131.5],
            [-96.806351, 32.780807, 131.5],
            [-96.806355, 32.780794, 131.5],
            [-96.806365, 32.780785, 131.5],
            [-96.806385, 32.780777, 131.4],
            [-96.806403, 32.780773, 131.4],
            [-96.806417, 32.780768, 131.4],
            [-96.80643, 32.780764, 131.4],
            [-96.806443, 32.780765, 131.4],
            [-96.806464, 32.780784, 131.4],
            [-96.806473, 32.780794, 131.4],
            [-96.806484, 32.7808, 131.4],
            [-96.80649, 32.780805, 131.4],
            [-96.806491, 32.780804, 131.4],
            [-96.806482, 32.780806, 131.4],
            [-96.806478, 32.780807, 131.4],
            [-96.806477, 32.780809, 131.4],
            [-96.806476, 32.780811, 131.4],
            [-96.806475, 32.780812, 131.4],
            [-96.806473, 32.780813, 131.4],
            [-96.806473, 32.78081, 131.4],
            [-96.806472, 32.78081, 131.4],
            [-96.806471, 32.780811, 131.4],
            [-96.80647, 32.780812, 131.4],
            [-96.806468, 32.780814, 131.4],
            [-96.806467, 32.780815, 131.4],
            [-96.806468, 32.780815, 131.4],
            [-96.806468, 32.780816, 131.4],
            [-96.806468, 32.780816, 131.4],
            [-96.806469, 32.780817, 131.4],
            [-96.806468, 32.780818, 131.4],
            [-96.806455, 32.780826, 131.4],
            [-96.806453, 32.780827, 131.4],
            [-96.806453, 32.780827, 131.4],
            [-96.806452, 32.780827, 131.4],
            [-96.806452, 32.780827, 131.4],
            [-96.806451, 32.780826, 131.4],
            [-96.806451, 32.780826, 131.4],
            [-96.806451, 32.780826, 131.4],
            [-96.806451, 32.780826, 131.4],
            [-96.80645, 32.780825, 131.4],
            [-96.80645, 32.780825, 131.4],
            [-96.80645, 32.780825, 131.4],
            [-96.80645, 32.780825, 131.4],
            [-96.80645, 32.780825, 131.4],
            [-96.806449, 32.780825, 131.4],
            [-96.806449, 32.780825, 131.4],
            [-96.806449, 32.780825, 131.4],
            [-96.806448, 32.780825, 131.4],
            [-96.806448, 32.780825, 131.4],
            [-96.806448, 32.780825, 131.4],
            [-96.806447, 32.780825, 131.4],
            [-96.806447, 32.780825, 131.4],
            [-96.806447, 32.780825, 131.4],
            [-96.806447, 32.780825, 131.4],
            [-96.806447, 32.780825, 131.4],
            [-96.806446, 32.780825, 131.4],
            [-96.806446, 32.780826, 131.4],
            [-96.806446, 32.780826, 131.4],
            [-96.806446, 32.780826, 131.4],
            [-96.80645, 32.780828, 131.4],
            [-96.806455, 32.780829, 131.4],
            [-96.806459, 32.780829, 131.4],
            [-96.806459, 32.78083, 131.4],
            [-96.80646, 32.78083, 131.4],
            [-96.806458, 32.780829, 131.4],
            [-96.806457, 32.78083, 131.4],
            [-96.806456, 32.78083, 131.4],
            [-96.806452, 32.78083, 131.4],
            [-96.806454, 32.780831, 131.4],
            [-96.80645, 32.780831, 131.4],
            [-96.80645, 32.780831, 131.4],
            [-96.80645, 32.780831, 131.4],
            [-96.80645, 32.780831, 131.4],
            [-96.80645, 32.780831, 131.4],
            [-96.80645, 32.780831, 131.4],
            [-96.806451, 32.780831, 131.4],
            [-96.806451, 32.780831, 131.4],
            [-96.806451, 32.780831, 131.4],
            [-96.806451, 32.780831, 131.4],
            [-96.806451, 32.780831, 131.4],
            [-96.806451, 32.780831, 131.4],
            [-96.806451, 32.780831, 131.4],
            [-96.806451, 32.780831, 131.4],
            [-96.806451, 32.780832, 131.4],
            [-96.806451, 32.780832, 131.4],
            [-96.806452, 32.780832, 131.4],
            [-96.806452, 32.780832, 131.4],
            [-96.806452, 32.780832, 131.4],
            [-96.806452, 32.780833, 131.4],
            [-96.806452, 32.780833, 131.4],
            [-96.806452, 32.780833, 131.4],
            [-96.806452, 32.780833, 131.4],
            [-96.806452, 32.780833, 131.4],
            [-96.806453, 32.780832, 131.4],
            [-96.806453, 32.780832, 131.4],
            [-96.806453, 32.780832, 131.4],
            [-96.806453, 32.780833, 131.4],
            [-96.806454, 32.780833, 131.4],
            [-96.806454, 32.780833, 131.4],
            [-96.806454, 32.780833, 131.4],
            [-96.806455, 32.780833, 131.4],
            [-96.806455, 32.780833, 131.4],
            [-96.806455, 32.780833, 131.4],
            [-96.806455, 32.780832, 131.4],
            [-96.806455, 32.780832, 131.4],
            [-96.806455, 32.780831, 131.4],
            [-96.806455, 32.780831, 131.4],
            [-96.806455, 32.780831, 131.4],
            [-96.806455, 32.780831, 131.4],
            [-96.806456, 32.780832, 131.4],
            [-96.806456, 32.780832, 131.4],
            [-96.806456, 32.780832, 131.4],
            [-96.806456, 32.780832, 131.4],
            [-96.806456, 32.780832, 131.4],
            [-96.806457, 32.780833, 131.4],
            [-96.806457, 32.780833, 131.4],
            [-96.806457, 32.780833, 131.4],
            [-96.806457, 32.780833, 131.4],
            [-96.806458, 32.780833, 131.4],
            [-96.806458, 32.780833, 131.4],
            [-96.806458, 32.780833, 131.4],
            [-96.806457, 32.780834, 131.4],
            [-96.806459, 32.780834, 131.4],
            [-96.80646, 32.780835, 131.4],
            [-96.806462, 32.780836, 131.4],
            [-96.806462, 32.780836, 131.4],
            [-96.806464, 32.780836, 131.4],
            [-96.806465, 32.780836, 131.4],
            [-96.806465, 32.780836, 131.4],
            [-96.806465, 32.780836, 131.4],
            [-96.806465, 32.780835, 131.4],
            [-96.806465, 32.780835, 131.4],
            [-96.806465, 32.780835, 131.4],
            [-96.806465, 32.780835, 131.4],
            [-96.806465, 32.780835, 131.4],
            [-96.806465, 32.780835, 131.4],
            [-96.806464, 32.780836, 131.4],
            [-96.806464, 32.780837, 131.4],
            [-96.806464, 32.780837, 131.4],
            [-96.806464, 32.780836, 131.4],
            [-96.806465, 32.780837, 131.4],
            [-96.806465, 32.780837, 131.4],
            [-96.806465, 32.780837, 131.4],
            [-96.806465, 32.780837, 131.4],
            [-96.806467, 32.780838, 131.4],
            [-96.806468, 32.780838, 131.4],
            [-96.806468, 32.780839, 131.4],
            [-96.806465, 32.780839, 131.4],
            [-96.806461, 32.780841, 131.4],
            [-96.80646, 32.780842, 131.4],
            [-96.80646, 32.780842, 131.4],
            [-96.806459, 32.780842, 131.4],
            [-96.80646, 32.780842, 131.4],
            [-96.80646, 32.780841, 131.4],
            [-96.80646, 32.780841, 131.4],
            [-96.806459, 32.780841, 131.4],
            [-96.806459, 32.780841, 131.4],
            [-96.806459, 32.780841, 131.4],
            [-96.806459, 32.780841, 131.4],
            [-96.806459, 32.780841, 131.4],
            [-96.806459, 32.780841, 131.4],
            [-96.806459, 32.780841, 131.4],
            [-96.806459, 32.780841, 131.4],
            [-96.806459, 32.780841, 131.4],
            [-96.806459, 32.780841, 131.4],
            [-96.806459, 32.780841, 131.4],
            [-96.806459, 32.780841, 131.4],
            [-96.806459, 32.780841, 131.4],
            [-96.806459, 32.780841, 131.4],
            [-96.806459, 32.780841, 131.4],
            [-96.806459, 32.780842, 131.4],
            [-96.806459, 32.780842, 131.4],
            [-96.806459, 32.780842, 131.4],
            [-96.806459, 32.780842, 131.4],
            [-96.806459, 32.780842, 131.4],
            [-96.806459, 32.780842, 131.4],
            [-96.806459, 32.780842, 131.4],
            [-96.806459, 32.780842, 131.4],
            [-96.806459, 32.780842, 131.4],
            [-96.806459, 32.780842, 131.4],
            [-96.806459, 32.780842, 131.4],
            [-96.806459, 32.780841, 131.4],
            [-96.806459, 32.780841, 131.4],
            [-96.806459, 32.780841, 131.4],
            [-96.806458, 32.780841, 131.4],
            [-96.806458, 32.780841, 131.4],
            [-96.806457, 32.780841, 131.4],
            [-96.806457, 32.780841, 131.4],
            [-96.806457, 32.780841, 131.4],
            [-96.806457, 32.780841, 131.4],
            [-96.806457, 32.780841, 131.4],
            [-96.806456, 32.78084, 131.4],
            [-96.806456, 32.78084, 131.4],
            [-96.806456, 32.78084, 131.4],
            [-96.806456, 32.780841, 131.4],
            [-96.806456, 32.780841, 131.4],
            [-96.806456, 32.78084, 131.4],
            [-96.806456, 32.78084, 131.4],
            [-96.806456, 32.780841, 131.4],
            [-96.806456, 32.78084, 131.4],
            [-96.806456, 32.780841, 131.4],
            [-96.806456, 32.780841, 131.4],
            [-96.806456, 32.780841, 131.4],
            [-96.806456, 32.780841, 131.4],
            [-96.806456, 32.78084, 131.4],
            [-96.806456, 32.780841, 131.4],
            [-96.806456, 32.78084, 131.4],
            [-96.806456, 32.78084, 131.4],
            [-96.806456, 32.78084, 131.4],
            [-96.806456, 32.780841, 131.4],
            [-96.806457, 32.780841, 131.4],
            [-96.806457, 32.780841, 131.4],
            [-96.806459, 32.780841, 131.4],
            [-96.806459, 32.780841, 131.4],
            [-96.806459, 32.780841, 131.4],
            [-96.806459, 32.780841, 131.4],
            [-96.806459, 32.780841, 131.4],
            [-96.806459, 32.780841, 131.4],
            [-96.806459, 32.780842, 131.4],
            [-96.806459, 32.780841, 131.4],
            [-96.80646, 32.780841, 131.4],
            [-96.806459, 32.780841, 131.4],
            [-96.806459, 32.780841, 131.4],
            [-96.80646, 32.78084, 131.4],
            [-96.80646, 32.78084, 131.4],
            [-96.80646, 32.780839, 131.4],
            [-96.80646, 32.780839, 131.4],
            [-96.80646, 32.780839, 131.4],
            [-96.80646, 32.780839, 131.4],
            [-96.80646, 32.780839, 131.4],
            [-96.80646, 32.780839, 131.4],
            [-96.806459, 32.780839, 131.4],
            [-96.806459, 32.780839, 131.4],
            [-96.80646, 32.780838, 131.4],
            [-96.80646, 32.780838, 131.4],
            [-96.80646, 32.780839, 131.4],
            [-96.806461, 32.780838, 131.4],
            [-96.806462, 32.780839, 131.4],
            [-96.806462, 32.780838, 131.4],
            [-96.806462, 32.780838, 131.4],
            [-96.806462, 32.780838, 131.4],
            [-96.806463, 32.780838, 131.4],
            [-96.806464, 32.780838, 131.4],
            [-96.806464, 32.780838, 131.4],
            [-96.806465, 32.780838, 131.4],
            [-96.806464, 32.780837, 131.4],
            [-96.806466, 32.780838, 131.4],
            [-96.806467, 32.780838, 131.4],
            [-96.806467, 32.780837, 131.4],
            [-96.806468, 32.780837, 131.4],
            [-96.806468, 32.780837, 131.4],
            [-96.806469, 32.780837, 131.4],
            [-96.80647, 32.780837, 131.4],
            [-96.80647, 32.780837, 131.4],
            [-96.80647, 32.780837, 131.4],
            [-96.80647, 32.780836, 131.4],
            [-96.80647, 32.780836, 131.4],
            [-96.806469, 32.780836, 131.4],
            [-96.806469, 32.780836, 131.4],
            [-96.806469, 32.780836, 131.4],
            [-96.806469, 32.780836, 131.4],
            [-96.806468, 32.780835, 131.4],
            [-96.806468, 32.780835, 131.4],
            [-96.806468, 32.780835, 131.4],
            [-96.806468, 32.780834, 131.4],
            [-96.806468, 32.780834, 131.4],
            [-96.80647, 32.780835, 131.4],
            [-96.80647, 32.780835, 131.4],
            [-96.80647, 32.780835, 131.4],
            [-96.80647, 32.780835, 131.4],
            [-96.80647, 32.780835, 131.4],
            [-96.806469, 32.780835, 131.4],
            [-96.80647, 32.780835, 131.4],
            [-96.80647, 32.780834, 131.4],
            [-96.80647, 32.780833, 131.4],
            [-96.80647, 32.780833, 131.4],
            [-96.806472, 32.780834, 131.4],
            [-96.806472, 32.780834, 131.4],
            [-96.806472, 32.780834, 131.4],
            [-96.806472, 32.780834, 131.4],
            [-96.806472, 32.780834, 131.4],
            [-96.806472, 32.780834, 131.4],
            [-96.806472, 32.780834, 131.4],
            [-96.806472, 32.780834, 131.4],
            [-96.806472, 32.780834, 131.4],
            [-96.806472, 32.780835, 131.4],
            [-96.806472, 32.780835, 131.4],
            [-96.806472, 32.780835, 131.4],
            [-96.806472, 32.780835, 131.4],
            [-96.806472, 32.780835, 131.4],
            [-96.806472, 32.780836, 131.4],
            [-96.806472, 32.780836, 131.4],
            [-96.806472, 32.780836, 131.4],
            [-96.806472, 32.780836, 131.4],
            [-96.806472, 32.780836, 131.4],
            [-96.806472, 32.780836, 131.4],
            [-96.806473, 32.780836, 131.4],
            [-96.806474, 32.780837, 131.4],
            [-96.806474, 32.780836, 131.4],
            [-96.806473, 32.780836, 131.4],
            [-96.806473, 32.780836, 131.4],
            [-96.806474, 32.780836, 131.4],
            [-96.806475, 32.780837, 131.4],
            [-96.806475, 32.780837, 131.4],
            [-96.806475, 32.780837, 131.4],
            [-96.806474, 32.780837, 131.4],
            [-96.806474, 32.780837, 131.4],
            [-96.806474, 32.780837, 131.4],
            [-96.806474, 32.780837, 131.4],
            [-96.806474, 32.780837, 131.4],
            [-96.806474, 32.780837, 131.4],
            [-96.806475, 32.780837, 131.4],
            [-96.806475, 32.780837, 131.4],
            [-96.806476, 32.780838, 131.4],
            [-96.806476, 32.78084, 131.4],
            [-96.806476, 32.78084, 131.4],
            [-96.806475, 32.78084, 131.4],
            [-96.806475, 32.78084, 131.4],
            [-96.806474, 32.78084, 131.4],
            [-96.806475, 32.78084, 131.4],
            [-96.806475, 32.78084, 131.4],
            [-96.806475, 32.78084, 131.4],
            [-96.806475, 32.78084, 131.4],
            [-96.806475, 32.780841, 131.4],
            [-96.806475, 32.78084, 131.4],
            [-96.806474, 32.78084, 131.4],
            [-96.806473, 32.780839, 131.4],
            [-96.806469, 32.780837, 131.4],
            [-96.806469, 32.780825, 131.4],
            [-96.806463, 32.780823, 131.4],
            [-96.806454, 32.780819, 131.4],
            [-96.806444, 32.780816, 131.4],
            [-96.806421, 32.780814, 131.4],
            [-96.806384, 32.780814, 131.4],
            [-96.806374, 32.780813, 131.5],
            [-96.806341, 32.780807, 131.5],
            [-96.806331, 32.780805, 131.5],
            [-96.80631, 32.780804, 131.5],
            [-96.806292, 32.780804, 131.5],
            [-96.806271, 32.780807, 131.5],
            [-96.806253, 32.780811, 131.5],
            [-96.806232, 32.780814, 131.5],
            [-96.806212, 32.780815, 131.5],
            [-96.806173, 32.780817, 131.5],
            [-96.806132, 32.780826, 131.5],
            [-96.806121, 32.780827, 131.5],
            [-96.806089, 32.780827, 131.5],
            [-96.806078, 32.780827, 131.5],
            [-96.806045, 32.780836, 131.5],
            [-96.806034, 32.780839, 131.5],
            [-96.805998, 32.780852, 131.5],
            [-96.805981, 32.780862, 131.5],
            [-96.805967, 32.780868, 131.5],
            [-96.805942, 32.780875, 131.5],
            [-96.805933, 32.780878, 131.5],
            [-96.805923, 32.780881, 131.5],
            [-96.805905, 32.780885, 131.5],
            [-96.805875, 32.780894, 131.5],
            [-96.805856, 32.780898, 131.5],
            [-96.805841, 32.780904, 131.5],
            [-96.805824, 32.780911, 131.5],
            [-96.805807, 32.780916, 131.5],
            [-96.805791, 32.780921, 131.5],
            [-96.805772, 32.780924, 131.5],
            [-96.805752, 32.780927, 131.5],
            [-96.805733, 32.780931, 131.5],
            [-96.805715, 32.780934, 131.5],
            [-96.805697, 32.780937, 131.5],
            [-96.805679, 32.780941, 131.5],
            [-96.805665, 32.780943, 131.5],
            [-96.805646, 32.780946, 131.5],
            [-96.805629, 32.78095, 131.5],
            [-96.805612, 32.780954, 131.5],
            [-96.805595, 32.780956, 131.5],
            [-96.805565, 32.780964, 131.5],
            [-96.805548, 32.78097, 131.5],
            [-96.805515, 32.780975, 131.5],
            [-96.805515, 32.780975, 131.5],
            [-96.805494, 32.780978, 131.5],
            [-96.805479, 32.780982, 131.5],
            [-96.805461, 32.780987, 131.5],
            [-96.805443, 32.780991, 131.5],
            [-96.805425, 32.780995, 131.5],
            [-96.805404, 32.780999, 131.5],
            [-96.805386, 32.781003, 131.5],
            [-96.805353, 32.78101, 131.5],
            [-96.805322, 32.781015, 131.5],
            [-96.80531, 32.781018, 131.5],
            [-96.805299, 32.78102, 131.5],
            [-96.805287, 32.781022, 131.5],
            [-96.805271, 32.781025, 131.5],
            [-96.805253, 32.781028, 131.5],
            [-96.805221, 32.781033, 131.5],
            [-96.805202, 32.781036, 131.5],
            [-96.805185, 32.781039, 131.5],
            [-96.805169, 32.781042, 131.5],
            [-96.805153, 32.781045, 131.5],
            [-96.805137, 32.781049, 131.5],
            [-96.805121, 32.781053, 131.5],
            [-96.805106, 32.781058, 131.5],
            [-96.80509, 32.781062, 131.5],
            [-96.805072, 32.781067, 131.5],
            [-96.805059, 32.78107, 131.5],
            [-96.805035, 32.781078, 131.5],
            [-96.805025, 32.78108, 131.5],
            [-96.805015, 32.781083, 131.5],
            [-96.804996, 32.781087, 131.5],
            [-96.804982, 32.781091, 131.5],
            [-96.804957, 32.781098, 131.5],
            [-96.804947, 32.781101, 131.5],
            [-96.804936, 32.781104, 131.5],
            [-96.804921, 32.781105, 131.5],
            [-96.804905, 32.781108, 131.5],
            [-96.804888, 32.781111, 131.5],
            [-96.804871, 32.781113, 131.6],
            [-96.804857, 32.781114, 131.6],
            [-96.804845, 32.781107, 131.6],
            [-96.804837, 32.781096, 131.6],
            [-96.804834, 32.781085, 131.6],
            [-96.804824, 32.781062, 131.6],
            [-96.804821, 32.781048, 131.6],
            [-96.804821, 32.781035, 131.6],
            [-96.804819, 32.781021, 131.6],
            [-96.804815, 32.781007, 131.6],
            [-96.804811, 32.780986, 131.6],
            [-96.804808, 32.780977, 131.7],
            [-96.804805, 32.780969, 131.7],
            [-96.8048, 32.780954, 131.7],
            [-96.804793, 32.780939, 131.7],
            [-96.804789, 32.780922, 131.7],
            [-96.804785, 32.780906, 131.7],
            [-96.804782, 32.780891, 131.7],
            [-96.804779, 32.780876, 131.7],
            [-96.804775, 32.780859, 131.7],
            [-96.804772, 32.780844, 131.7],
            [-96.804766, 32.780829, 131.7],
            [-96.80476, 32.780802, 131.7],
            [-96.804756, 32.780783, 131.7],
            [-96.804755, 32.780776, 131.7],
            [-96.80475, 32.780755, 131.7],
            [-96.80475, 32.780748, 131.7],
            [-96.804749, 32.78074, 131.7],
            [-96.804748, 32.780713, 131.8],
            [-96.804748, 32.780699, 131.8],
            [-96.804747, 32.780686, 131.8],
            [-96.804747, 32.780686, 131.8],
            [-96.804744, 32.78067, 131.8],
            [-96.804742, 32.780657, 131.8],
            [-96.804739, 32.780642, 131.8],
            [-96.804736, 32.780627, 131.8],
            [-96.804734, 32.780611, 131.8],
            [-96.804731, 32.780594, 131.8],
            [-96.804728, 32.780581, 131.8],
            [-96.804723, 32.780568, 131.8],
            [-96.804721, 32.780555, 131.8],
            [-96.804736, 32.780556, 131.8],
            [-96.804738, 32.780547, 131.8],
            [-96.804717, 32.780519, 131.8],
            [-96.804712, 32.780511, 131.8],
            [-96.804705, 32.780495, 131.8],
            [-96.8047, 32.780481, 131.8],
            [-96.80469, 32.780461, 131.8],
            [-96.804685, 32.780452, 131.8],
            [-96.804681, 32.780444, 131.8],
            [-96.804674, 32.780434, 131.8],
            [-96.804672, 32.780423, 131.9],
            [-96.804672, 32.780414, 131.9],
            [-96.804678, 32.780405, 131.9],
            [-96.804674, 32.780397, 131.9],
            [-96.804672, 32.780388, 131.9],
            [-96.80467, 32.780384, 131.9],
            [-96.804666, 32.780385, 131.9],
            [-96.804661, 32.780386, 131.9],
            [-96.804664, 32.780389, 131.9],
            [-96.804667, 32.780392, 131.9],
            [-96.804668, 32.780396, 131.9],
            [-96.804669, 32.780399, 131.9],
            [-96.80467, 32.780399, 131.9],
            [-96.80467, 32.780399, 131.9],
            [-96.804673, 32.780397, 131.9],
            [-96.804683, 32.780392, 131.9],
            [-96.804683, 32.780392, 131.9],
            [-96.804693, 32.780386, 131.9],
            [-96.80471, 32.780379, 131.9],
            [-96.804731, 32.78037, 131.9],
            [-96.804745, 32.780362, 131.9],
            [-96.804758, 32.780346, 131.9],
            [-96.804761, 32.780337, 132],
            [-96.804764, 32.780328, 132],
            [-96.804773, 32.780309, 132],
            [-96.804775, 32.780302, 132.1],
            [-96.804778, 32.780294, 132.1],
            [-96.804781, 32.780282, 132.1],
            [-96.80478, 32.780264, 132.1],
            [-96.804772, 32.78025, 132.1],
            [-96.804761, 32.780237, 132],
            [-96.804742, 32.780207, 131.9],
            [-96.804738, 32.780198, 131.9],
            [-96.80473, 32.78018, 131.9],
            [-96.804722, 32.780165, 131.9],
            [-96.804705, 32.780139, 131.8],
            [-96.804699, 32.78013, 131.8],
            [-96.804694, 32.780121, 131.8],
            [-96.804688, 32.780112, 131.8],
            [-96.804683, 32.780103, 131.8],
            [-96.80466, 32.780077, 131.8],
            [-96.804649, 32.780067, 131.8],
            [-96.804632, 32.780042, 131.8],
            [-96.804628, 32.780034, 131.7],
            [-96.804621, 32.780019, 131.7],
            [-96.804608, 32.78001, 131.7],
            [-96.804579, 32.779997, 131.7],
            [-96.804566, 32.779997, 131.7],
            [-96.804556, 32.780002, 131.7],
            [-96.804554, 32.780006, 131.7],
            [-96.804553, 32.780009, 131.7],
            [-96.804553, 32.780009, 131.7],
            [-96.804554, 32.780007, 131.7],
            [-96.804555, 32.780005, 131.7],
            [-96.804555, 32.780005, 131.7],
            [-96.804551, 32.780003, 131.7],
            [-96.804548, 32.779999, 131.7],
            [-96.804548, 32.779996, 131.7],
            [-96.804547, 32.779994, 131.7],
            [-96.804546, 32.779993, 131.7],
            [-96.80454, 32.779992, 131.6],
            [-96.804538, 32.779991, 131.6],
            [-96.804538, 32.77999, 131.6],
            [-96.804539, 32.779988, 131.6],
            [-96.804539, 32.779987, 131.6],
            [-96.804539, 32.779986, 131.6],
            [-96.804534, 32.779962, 131.6],
            [-96.804534, 32.779958, 131.6],
            [-96.804534, 32.779956, 131.6],
            [-96.804534, 32.779955, 131.6],
            [-96.804534, 32.779955, 131.6],
            [-96.80453, 32.779954, 131.6],
            [-96.804529, 32.779953, 131.6],
            [-96.804528, 32.779953, 131.6],
            [-96.804528, 32.779953, 131.6],
            [-96.804528, 32.779953, 131.6],
            [-96.804528, 32.779953, 131.6],
            [-96.804524, 32.779953, 131.6],
            [-96.804523, 32.779953, 131.6],
            [-96.804521, 32.779953, 131.6],
            [-96.804521, 32.779953, 131.6],
            [-96.80452, 32.779953, 131.6],
            [-96.80452, 32.779953, 131.6],
            [-96.804514, 32.779954, 131.6],
            [-96.80451, 32.779954, 131.6],
            [-96.804505, 32.779952, 131.6],
            [-96.804501, 32.779947, 131.6],
            [-96.804496, 32.779938, 131.6],
            [-96.804483, 32.779919, 131.6],
            [-96.804484, 32.779905, 131.6],
            [-96.804487, 32.779897, 131.6],
            [-96.804491, 32.779888, 131.5],
            [-96.804479, 32.779854, 131.5],
            [-96.804474, 32.779845, 131.5],
            [-96.804469, 32.779833, 131.5],
            [-96.804464, 32.779817, 131.5],
            [-96.80446, 32.7798, 131.5],
            [-96.804458, 32.779784, 131.5],
            [-96.80445, 32.779753, 131.5],
            [-96.804448, 32.779742, 131.4],
            [-96.804445, 32.779725, 131.4],
            [-96.804439, 32.7797, 131.4],
            [-96.804433, 32.779676, 131.4],
            [-96.80443, 32.779664, 131.4],
            [-96.804426, 32.779656, 131.4],
            [-96.804422, 32.779647, 131.4],
            [-96.804417, 32.779635, 131.4],
            [-96.804415, 32.779625, 131.3],
            [-96.804405, 32.779617, 131.3],
            [-96.804391, 32.779619, 131.3],
            [-96.804385, 32.77963, 131.3],
            [-96.804391, 32.779636, 131.3],
            [-96.804396, 32.779641, 131.3],
            [-96.8044, 32.779648, 131.3],
            [-96.804404, 32.779655, 131.3],
            [-96.804407, 32.779663, 131.3],
            [-96.804405, 32.779666, 131.3],
            [-96.804405, 32.779669, 131.3],
            [-96.804404, 32.779672, 131.3],
            [-96.804404, 32.779674, 131.3],
            [-96.804404, 32.779675, 131.3],
            [-96.804401, 32.779677, 131.3],
            [-96.804398, 32.779676, 131.3],
            [-96.804395, 32.779676, 131.3],
            [-96.804392, 32.779675, 131.3],
            [-96.80439, 32.779675, 131.3],
            [-96.804387, 32.779675, 131.3],
            [-96.804384, 32.779674, 131.3],
            [-96.804381, 32.779674, 131.3],
            [-96.804378, 32.779674, 131.3],
            [-96.804375, 32.779673, 131.3],
            [-96.804372, 32.779673, 131.3],
            [-96.804369, 32.779672, 131.3],
            [-96.804366, 32.779672, 131.3],
            [-96.804364, 32.779672, 131.3],
            [-96.804361, 32.779671, 131.3],
            [-96.804358, 32.779671, 131.3],
            [-96.804355, 32.77967, 131.3],
            [-96.804352, 32.77967, 131.3],
            [-96.804313, 32.779669, 131.3],
            [-96.804271, 32.779676, 131.2],
            [-96.804224, 32.779694, 131.1],
            [-96.804209, 32.779695, 131.1],
            [-96.804196, 32.779695, 131.1],
            [-96.804183, 32.779699, 131.1],
            [-96.804176, 32.779713, 131.1],
            [-96.804176, 32.779721, 131.1],
            [-96.804177, 32.779728, 131.1],
            [-96.804178, 32.779736, 131.1],
            [-96.804178, 32.779737, 131.1],
            [-96.80418, 32.779735, 131.1],
            [-96.804184, 32.779735, 131.1],
            [-96.804186, 32.779735, 131.1],
            [-96.804189, 32.779737, 131.1],
            [-96.804191, 32.779738, 131.1],
            [-96.804193, 32.779739, 131.1],
            [-96.804194, 32.779739, 131.1],
            [-96.804195, 32.77974, 131.1],
            [-96.804196, 32.77974, 131.1],
            [-96.804196, 32.77974, 131.1],
            [-96.804197, 32.77974, 131.1],
            [-96.804198, 32.779741, 131.1],
            [-96.804198, 32.779741, 131.1],
            [-96.804198, 32.779741, 131.1],
            [-96.804198, 32.779741, 131.1],
            [-96.804198, 32.779741, 131.1],
            [-96.804198, 32.779741, 131.1],
            [-96.804198, 32.779741, 131.1],
            [-96.804197, 32.779741, 131.1],
            [-96.804197, 32.779741, 131.1],
            [-96.804197, 32.779741, 131.1],
            [-96.804197, 32.779741, 131.1],
            [-96.804197, 32.779741, 131.1],
            [-96.804197, 32.779741, 131.1],
            [-96.804197, 32.779741, 131.1],
            [-96.804197, 32.779741, 131.1],
            [-96.804198, 32.77974, 131.1],
            [-96.804198, 32.779739, 131.1],
            [-96.804199, 32.77974, 131.1],
            [-96.804199, 32.77974, 131.1],
            [-96.8042, 32.77974, 131.1],
            [-96.804201, 32.779739, 131.1],
            [-96.804201, 32.779739, 131.1],
            [-96.804201, 32.779738, 131.1],
            [-96.804201, 32.779731, 131.1],
            [-96.8042, 32.779721, 131.1],
            [-96.804199, 32.779712, 131.1],
            [-96.804198, 32.779702, 131.2],
            [-96.804217, 32.779697, 131.2],
            [-96.804198, 32.779697, 131.2],
            [-96.804196, 32.77969, 131.2],
            [-96.804194, 32.779678, 131.2],
            [-96.804191, 32.779649, 131.2],
            [-96.80419, 32.779637, 131.2],
            [-96.804185, 32.779618, 131.2],
            [-96.804183, 32.77961, 131.2],
            [-96.804181, 32.779601, 131.2],
            [-96.804175, 32.779588, 131.2],
            [-96.804165, 32.779577, 131.2],
            [-96.804149, 32.779569, 131.2],
            [-96.804133, 32.779562, 131.2],
            [-96.804125, 32.779553, 131.2],
            [-96.804115, 32.779546, 131.2],
            [-96.804102, 32.779544, 131.2],
            [-96.804083, 32.779546, 131.2],
            [-96.804066, 32.77955, 131.2],
            [-96.804037, 32.779558, 131.2],
            [-96.804025, 32.779561, 131.1],
            [-96.804009, 32.779566, 131.1],
            [-96.803993, 32.779569, 131.1],
            [-96.803977, 32.779572, 131.1],
            [-96.80396, 32.779573, 131.1],
            [-96.803942, 32.779576, 131.1],
            [-96.803925, 32.779582, 131.1],
            [-96.803905, 32.779587, 131.1],
            [-96.803885, 32.779592, 131.1],
            [-96.803865, 32.779597, 131],
            [-96.803847, 32.7796, 131],
            [-96.803814, 32.779605, 131],
            [-96.8038, 32.779606, 131],
            [-96.803762, 32.77961, 131],
            [-96.80375, 32.779611, 131],
            [-96.803731, 32.779614, 131],
            [-96.803712, 32.779616, 130.9],
            [-96.803694, 32.779619, 130.9],
            [-96.803677, 32.779621, 130.9],
            [-96.803659, 32.779624, 130.9],
            [-96.803639, 32.779626, 130.9],
            [-96.803622, 32.779627, 130.9],
            [-96.803601, 32.779628, 130.9],
            [-96.803581, 32.77963, 130.9],
            [-96.803561, 32.779633, 130.9],
            [-96.803541, 32.779637, 130.9],
            [-96.803522, 32.77964, 130.9],
            [-96.803488, 32.779646, 130.8],
            [-96.803476, 32.779648, 130.8],
            [-96.803443, 32.779654, 130.8],
            [-96.803433, 32.779656, 130.8],
            [-96.803413, 32.77966, 130.8],
            [-96.803394, 32.779664, 130.8],
            [-96.803371, 32.779669, 130.8],
            [-96.803365, 32.779671, 130.8],
            [-96.803358, 32.779672, 130.8],
            [-96.803352, 32.779674, 130.8],
            [-96.803345, 32.779678, 130.8],
            [-96.803343, 32.779687, 130.8],
            [-96.80335, 32.779695, 130.8],
            [-96.803353, 32.779699, 130.8],
            [-96.803356, 32.779699, 130.8],
            [-96.803357, 32.779695, 130.8],
            [-96.803358, 32.779693, 130.8],
            [-96.803359, 32.779692, 130.8],
            [-96.80336, 32.779692, 130.8],
            [-96.80336, 32.779691, 130.8],
            [-96.803361, 32.77969, 130.8],
            [-96.803362, 32.779689, 130.8],
            [-96.803361, 32.779688, 130.8],
            [-96.803362, 32.779688, 130.8],
            [-96.803362, 32.779688, 130.8],
            [-96.803363, 32.779688, 130.8],
            [-96.803363, 32.779688, 130.8],
            [-96.803363, 32.779689, 130.8],
            [-96.803363, 32.779689, 130.8],
            [-96.803363, 32.779689, 130.8],
            [-96.803362, 32.779688, 130.8],
            [-96.80336, 32.779688, 130.8],
            [-96.803357, 32.779688, 130.8],
            [-96.803347, 32.779691, 130.7],
            [-96.803326, 32.779694, 130.7],
            [-96.803304, 32.779698, 130.7],
            [-96.803284, 32.779703, 130.7],
            [-96.803267, 32.779707, 130.7],
            [-96.803251, 32.77971, 130.7],
            [-96.803234, 32.779712, 130.7],
            [-96.803217, 32.779715, 130.6],
            [-96.803183, 32.779721, 130.6],
            [-96.803172, 32.779722, 130.6],
            [-96.803138, 32.779726, 130.6],
            [-96.803119, 32.779729, 130.6],
            [-96.803105, 32.77973, 130.6],
            [-96.80308, 32.779734, 130.5],
            [-96.803072, 32.779737, 130.5],
            [-96.803063, 32.77974, 130.5],
            [-96.803061, 32.779752, 130.5],
            [-96.803073, 32.77976, 130.5],
            [-96.803072, 32.779768, 130.5],
            [-96.803061, 32.779769, 130.5],
            [-96.803054, 32.779765, 130.5],
            [-96.803051, 32.779761, 130.5],
            [-96.80305, 32.779757, 130.5],
            [-96.803049, 32.779755, 130.5],
            [-96.803046, 32.779752, 130.5],
            [-96.803042, 32.779751, 130.5],
            [-96.803036, 32.779752, 130.5],
            [-96.803032, 32.779755, 130.5],
            [-96.803029, 32.779756, 130.5],
            [-96.803027, 32.779755, 130.5],
            [-96.803027, 32.779753, 130.5],
            [-96.803029, 32.77975, 130.5],
            [-96.803027, 32.779747, 130.5],
            [-96.803023, 32.779743, 130.5],
            [-96.803021, 32.77974, 130.5],
            [-96.803019, 32.779737, 130.5],
            [-96.803017, 32.779735, 130.5],
            [-96.803014, 32.779734, 130.5],
            [-96.803012, 32.779733, 130.5],
            [-96.803012, 32.779732, 130.5],
            [-96.803011, 32.77973, 130.5],
            [-96.803009, 32.779728, 130.5],
            [-96.803008, 32.779725, 130.5],
            [-96.803007, 32.779724, 130.5],
            [-96.803007, 32.779723, 130.5],
            [-96.803007, 32.779723, 130.5],
            [-96.803002, 32.779712, 130.4],
            [-96.803001, 32.779711, 130.4],
            [-96.803001, 32.779711, 130.4],
            [-96.803, 32.779711, 130.4],
            [-96.803, 32.779711, 130.4],
            [-96.803, 32.779711, 130.4],
            [-96.803, 32.779711, 130.4],
            [-96.803, 32.779711, 130.4],
            [-96.803, 32.779711, 130.4],
            [-96.803, 32.779711, 130.4],
            [-96.803, 32.779711, 130.4],
            [-96.803, 32.779711, 130.4],
            [-96.803, 32.779711, 130.4],
            [-96.803, 32.779711, 130.4],
            [-96.803, 32.779711, 130.4],
            [-96.803, 32.779711, 130.4],
            [-96.803, 32.779711, 130.4],
            [-96.803, 32.779711, 130.4],
            [-96.802999, 32.779711, 130.4],
            [-96.802999, 32.779711, 130.4],
            [-96.802999, 32.779711, 130.4],
            [-96.802999, 32.779711, 130.4],
            [-96.802999, 32.779711, 130.4],
            [-96.802999, 32.779711, 130.4],
            [-96.802999, 32.779711, 130.4],
            [-96.803, 32.779711, 130.4],
            [-96.802999, 32.779711, 130.4],
            [-96.802999, 32.779711, 130.4],
            [-96.802999, 32.779711, 130.4],
            [-96.802999, 32.779712, 130.4],
            [-96.802998, 32.779713, 130.4],
            [-96.802995, 32.779715, 130.4],
            [-96.802983, 32.779719, 130.4],
            [-96.802983, 32.77973, 130.4],
            [-96.802976, 32.779738, 130.4],
            [-96.80297, 32.779747, 130.4],
            [-96.802963, 32.779755, 130.4],
            [-96.802941, 32.779777, 130.4],
            [-96.802933, 32.779783, 130.4],
            [-96.802917, 32.779793, 130.4],
            [-96.802894, 32.779799, 130.4],
            [-96.802861, 32.779805, 130.4],
            [-96.80285, 32.779807, 130.4],
            [-96.802833, 32.779809, 130.4],
            [-96.802811, 32.779812, 130.4],
            [-96.802775, 32.779809, 130.3],
            [-96.802736, 32.779812, 130.3],
            [-96.802725, 32.779813, 130.3],
            [-96.802688, 32.779817, 130.3],
            [-96.802688, 32.779817, 130.3],
            [-96.802671, 32.77982, 130.3],
            [-96.802655, 32.779822, 130.3],
            [-96.802624, 32.77983, 130.3],
            [-96.802609, 32.779834, 130.3],
            [-96.802591, 32.779838, 130.3],
            [-96.802578, 32.779841, 130.3],
            [-96.802552, 32.779847, 130.3],
            [-96.802542, 32.779849, 130.3],
            [-96.802531, 32.779852, 130.3],
            [-96.802514, 32.779855, 130.2],
            [-96.802496, 32.779858, 130.2],
            [-96.802478, 32.779861, 130.2],
            [-96.802459, 32.779866, 130.2],
            [-96.802442, 32.779869, 130.2],
            [-96.802425, 32.779873, 130.2],
            [-96.80241, 32.779878, 130.2],
            [-96.802394, 32.779883, 130.2],
            [-96.802379, 32.779888, 130.2],
            [-96.802362, 32.779893, 130.2],
            [-96.802345, 32.779897, 130.2],
            [-96.802328, 32.779901, 130.2],
            [-96.802311, 32.779906, 130.2],
            [-96.802297, 32.779909, 130.2],
            [-96.80228, 32.779912, 130.1],
            [-96.802262, 32.779916, 130.1],
            [-96.802244, 32.77992, 130.1],
            [-96.802227, 32.779923, 130.1],
            [-96.802209, 32.779927, 130.1],
            [-96.802192, 32.779931, 130.1],
            [-96.802173, 32.779935, 130.1],
            [-96.802157, 32.779939, 130.1],
            [-96.802139, 32.779943, 130.1],
            [-96.802123, 32.779948, 130.1],
            [-96.802105, 32.779952, 130.1],
            [-96.802089, 32.779955, 130.1],
            [-96.802073, 32.779959, 130.1],
            [-96.802057, 32.779964, 130.1],
            [-96.802037, 32.779968, 130.1],
            [-96.802021, 32.77997, 130.1],
            [-96.802003, 32.779973, 130.1],
            [-96.801986, 32.779975, 130.1],
            [-96.801971, 32.779978, 130.1],
            [-96.801953, 32.779982, 130.1],
            [-96.801936, 32.779986, 130.1],
            [-96.801918, 32.779989, 130.1],
            [-96.8019, 32.77999, 130.1],
            [-96.801881, 32.779993, 130.1],
            [-96.801863, 32.779999, 130.1],
            [-96.801847, 32.780003, 130.1],
            [-96.801827, 32.780007, 130.2],
            [-96.801808, 32.780011, 130.2],
            [-96.801778, 32.780019, 130.2],
            [-96.801766, 32.780021, 130.2],
            [-96.801733, 32.780027, 130.2],
            [-96.80172, 32.780029, 130.2],
            [-96.801681, 32.780034, 130.2],
            [-96.801669, 32.780035, 130.2],
            [-96.801646, 32.780037, 130.2],
            [-96.801627, 32.780039, 130.2],
            [-96.801607, 32.780041, 130.2],
            [-96.801593, 32.780041, 130.2],
            [-96.801579, 32.780043, 130.2],
            [-96.801567, 32.780043, 130.2],
            [-96.801558, 32.780044, 130.2],
            [-96.801548, 32.780047, 130.2],
            [-96.801537, 32.78005, 130.2],
            [-96.801522, 32.780054, 130.2],
            [-96.80151, 32.780057, 130.3],
            [-96.801495, 32.780061, 130.3],
            [-96.801481, 32.780065, 130.3],
            [-96.801456, 32.780072, 130.3],
            [-96.801446, 32.780075, 130.3],
            [-96.801436, 32.780078, 130.3],
            [-96.801419, 32.780083, 130.3],
            [-96.801407, 32.780085, 130.3],
            [-96.801394, 32.780087, 130.3],
            [-96.801382, 32.780089, 130.3],
            [-96.801369, 32.780096, 130.3],
            [-96.801357, 32.7801, 130.3],
            [-96.801344, 32.780103, 130.3],
            [-96.80133, 32.780106, 130.3],
            [-96.801316, 32.780109, 130.3],
            [-96.801304, 32.780112, 130.3],
            [-96.80129, 32.780117, 130.3],
            [-96.801276, 32.78012, 130.3],
            [-96.801251, 32.780125, 130.4],
            [-96.801241, 32.780126, 130.4],
            [-96.80123, 32.780128, 130.4],
            [-96.801203, 32.780135, 130.4],
            [-96.801192, 32.780139, 130.4],
            [-96.80118, 32.780142, 130.4],
            [-96.801161, 32.780145, 130.4],
            [-96.801144, 32.780145, 130.4],
            [-96.801111, 32.780154, 130.4],
            [-96.801103, 32.780156, 130.4],
            [-96.801079, 32.78016, 130.5],
            [-96.80107, 32.780162, 130.5],
            [-96.80106, 32.780164, 130.5],
            [-96.80104, 32.780172, 130.5],
            [-96.801026, 32.780177, 130.5],
            [-96.801014, 32.780179, 130.5],
            [-96.800989, 32.780185, 130.5],
            [-96.800989, 32.780185, 130.5],
            [-96.800978, 32.780185, 130.5],
            [-96.800967, 32.780186, 130.5],
            [-96.800959, 32.780189, 130.5],
            [-96.80095, 32.780192, 130.5],
            [-96.800944, 32.780192, 130.5],
            [-96.800939, 32.780193, 130.6],
            [-96.800935, 32.780196, 130.6],
            [-96.800936, 32.780196, 130.6],
            [-96.80093, 32.780197, 130.6],
            [-96.800909, 32.7802, 130.6],
            [-96.800891, 32.780203, 130.6],
            [-96.800872, 32.780208, 130.6],
            [-96.800855, 32.780213, 130.6],
            [-96.800837, 32.780218, 130.6],
            [-96.800818, 32.780222, 130.6],
            [-96.800801, 32.780226, 130.6],
            [-96.800784, 32.78023, 130.6],
            [-96.800768, 32.780233, 130.6],
            [-96.80075, 32.780237, 130.6],
            [-96.800736, 32.780241, 130.6],
            [-96.80071, 32.780246, 130.6],
            [-96.800699, 32.780248, 130.6],
            [-96.800687, 32.78025, 130.6],
            [-96.800667, 32.780255, 130.6],
            [-96.800646, 32.78026, 130.6],
            [-96.800611, 32.780266, 130.6],
            [-96.8006, 32.780267, 130.6],
            [-96.800589, 32.780277, 130.6],
            [-96.800595, 32.780285, 130.6],
            [-96.800604, 32.780288, 130.6],
            [-96.80061, 32.780293, 130.6],
            [-96.800617, 32.780294, 130.6],
            [-96.80062, 32.780296, 130.6],
            [-96.800618, 32.780294, 130.6],
            [-96.800615, 32.780289, 130.6],
            [-96.800614, 32.780285, 130.6],
            [-96.800613, 32.780281, 130.6],
            [-96.800614, 32.780275, 130.6],
            [-96.800615, 32.780272, 130.6],
            [-96.800615, 32.78027, 130.6],
            [-96.800617, 32.780266, 130.7],
            [-96.800617, 32.780266, 130.7],
            [-96.800621, 32.780254, 130.7],
            [-96.800624, 32.78024, 130.7],
            [-96.800605, 32.780235, 130.7],
            [-96.80059, 32.780227, 130.7],
            [-96.800581, 32.780219, 130.7],
            [-96.800577, 32.780213, 130.7],
            [-96.800575, 32.780207, 130.7],
            [-96.800576, 32.780208, 130.7],
            [-96.800573, 32.780201, 130.7],
            [-96.80057, 32.780197, 130.7],
            [-96.800563, 32.780193, 130.7],
            [-96.800554, 32.780186, 130.7],
            [-96.800539, 32.780185, 130.7],
            [-96.800521, 32.780181, 130.7],
            [-96.800502, 32.780175, 130.7],
            [-96.800485, 32.780172, 130.8],
            [-96.800469, 32.78017, 130.8],
            [-96.800455, 32.780168, 130.8],
            [-96.800444, 32.780167, 130.8],
            [-96.800438, 32.780167, 130.8],
            [-96.800432, 32.780166, 130.8],
            [-96.800427, 32.780165, 130.8],
            [-96.800412, 32.780164, 130.8],
            [-96.800403, 32.780162, 130.8],
            [-96.800397, 32.780161, 130.8],
            [-96.800386, 32.78016, 130.8],
            [-96.800375, 32.780159, 130.8],
            [-96.800362, 32.780158, 130.8],
            [-96.800349, 32.780158, 130.9],
            [-96.800319, 32.780165, 130.9],
            [-96.800299, 32.780168, 130.9],
            [-96.80028, 32.780172, 130.9],
            [-96.800245, 32.780183, 130.9],
            [-96.800232, 32.780188, 131],
            [-96.800202, 32.780201, 131],
            [-96.800168, 32.780217, 131],
            [-96.800157, 32.780222, 131],
            [-96.800128, 32.780236, 131.1],
            [-96.800118, 32.780241, 131.1],
            [-96.8001, 32.780251, 131.1],
            [-96.800086, 32.780254, 131.1],
            [-96.800088, 32.78027, 131.1],
            [-96.800092, 32.780282, 131.1],
            [-96.800096, 32.780295, 131.1],
            [-96.799934, 32.780381, 131.3],
            [-96.799845, 32.780406, 131.4],
            [-96.799756, 32.780431, 131.5],
            [-96.799672, 32.780453, 131.5],
            [-96.799649, 32.780459, 131.6],
            [-96.79962, 32.780467, 131.6],
            [-96.799606, 32.780472, 131.6],
            [-96.799591, 32.780476, 131.6],
            [-96.799581, 32.780479, 131.6],
            [-96.799572, 32.780481, 131.6],
            [-96.799562, 32.780484, 131.6],
            [-96.799544, 32.780489, 131.6],
            [-96.799528, 32.780491, 131.7],
            [-96.79951, 32.780493, 131.7],
            [-96.79951, 32.780493, 131.7],
            [-96.799494, 32.780499, 131.7],
            [-96.799482, 32.780505, 131.7],
            [-96.799465, 32.780512, 131.7],
            [-96.799434, 32.780523, 131.8],
            [-96.799423, 32.780526, 131.8],
            [-96.799389, 32.780534, 131.8],
            [-96.799378, 32.780536, 131.8],
            [-96.799359, 32.78054, 131.9],
            [-96.799344, 32.780542, 131.9],
            [-96.799318, 32.780546, 131.9],
            [-96.799309, 32.780547, 131.9],
            [-96.7993, 32.780549, 132],
            [-96.799274, 32.780553, 132],
            [-96.799264, 32.780555, 132],
            [-96.799253, 32.780557, 132],
            [-96.799228, 32.780562, 132.1],
            [-96.799219, 32.780564, 132.1],
            [-96.799209, 32.780566, 132.1],
            [-96.799184, 32.780572, 132.2],
            [-96.799172, 32.780574, 132.2],
            [-96.79916, 32.780576, 132.2],
            [-96.799143, 32.780579, 132.2],
            [-96.799123, 32.780584, 132.3],
            [-96.799108, 32.780588, 132.3],
            [-96.799088, 32.780592, 132.3],
            [-96.799071, 32.780596, 132.3],
            [-96.799052, 32.780599, 132.4],
            [-96.799032, 32.780603, 132.4],
            [-96.799012, 32.780606, 132.4],
            [-96.798995, 32.78061, 132.5],
            [-96.798978, 32.780613, 132.5],
            [-96.798962, 32.780616, 132.5],
            [-96.798945, 32.78062, 132.5],
            [-96.798925, 32.780624, 132.6],
            [-96.79891, 32.780627, 132.6],
            [-96.798886, 32.780634, 132.6],
            [-96.798876, 32.780636, 132.6],
            [-96.798867, 32.780638, 132.6],
            [-96.798841, 32.78064, 132.7],
            [-96.798831, 32.78064, 132.7],
            [-96.79882, 32.780641, 132.7],
            [-96.798795, 32.780642, 132.7],
            [-96.798783, 32.780644, 132.7],
            [-96.798772, 32.780645, 132.7],
            [-96.798755, 32.780649, 132.8],
            [-96.798739, 32.780653, 132.8],
            [-96.798722, 32.780657, 132.8],
            [-96.798708, 32.78066, 132.9],
            [-96.798696, 32.780664, 132.9],
            [-96.798685, 32.780666, 132.9],
            [-96.798661, 32.780671, 133],
            [-96.798647, 32.780673, 133],
            [-96.798633, 32.780676, 133],
            [-96.798618, 32.780679, 133.1],
            [-96.798607, 32.78068, 133.1],
            [-96.798591, 32.780683, 133.1],
            [-96.798574, 32.780689, 133.2],
            [-96.798557, 32.780696, 133.2],
            [-96.798545, 32.780701, 133.2],
            [-96.79853, 32.780704, 133.3],
            [-96.798517, 32.780704, 133.3],
            [-96.798503, 32.780705, 133.3],
            [-96.798492, 32.780709, 133.3],
            [-96.798481, 32.780711, 133.3],
            [-96.798467, 32.780714, 133.4],
            [-96.798455, 32.780716, 133.4],
            [-96.798442, 32.780719, 133.4],
            [-96.798431, 32.780726, 133.5],
            [-96.79842, 32.78073, 133.5],
            [-96.798407, 32.780733, 133.5],
            [-96.798395, 32.780735, 133.5],
            [-96.798382, 32.780738, 133.5],
            [-96.79837, 32.780741, 133.6],
            [-96.798356, 32.780744, 133.6],
            [-96.798344, 32.780745, 133.6],
            [-96.798331, 32.780743, 133.6],
            [-96.79832, 32.780743, 133.7],
            [-96.798309, 32.78075, 133.7],
            [-96.798297, 32.780757, 133.7],
            [-96.798274, 32.780764, 133.8],
            [-96.798264, 32.780766, 133.8],
            [-96.798255, 32.780768, 133.8],
            [-96.798221, 32.780773, 133.9],
            [-96.798217, 32.780774, 133.9],
            [-96.798212, 32.780775, 133.9],
            [-96.798198, 32.780778, 133.9],
            [-96.798186, 32.780782, 134],
            [-96.798171, 32.780785, 134],
            [-96.798154, 32.780789, 134],
            [-96.798136, 32.780793, 134.1],
            [-96.798119, 32.780797, 134.1],
            [-96.7981, 32.7808, 134.1],
            [-96.798084, 32.780805, 134.2],
            [-96.798065, 32.78081, 134.2],
            [-96.798045, 32.780815, 134.3],
            [-96.798026, 32.780821, 134.3],
            [-96.798009, 32.780825, 134.3],
            [-96.798, 32.780828, 134.4],
            [-96.797989, 32.780831, 134.4],
            [-96.797977, 32.780835, 134.4],
            [-96.797967, 32.780841, 134.4],
            [-96.797957, 32.78085, 134.5],
            [-96.797948, 32.780859, 134.5],
            [-96.797941, 32.780869, 134.5],
            [-96.797942, 32.780881, 134.5],
            [-96.797939, 32.780901, 134.5],
            [-96.797937, 32.78091, 134.5],
            [-96.797935, 32.780918, 134.5],
            [-96.797933, 32.780929, 134.5],
            [-96.797923, 32.78093, 134.5],
            [-96.797927, 32.780934, 134.5],
            [-96.797937, 32.780935, 134.5],
            [-96.797947, 32.780936, 134.5],
            [-96.797955, 32.780941, 134.4],
            [-96.797973, 32.780947, 134.4],
            [-96.797982, 32.780949, 134.4],
            [-96.797992, 32.78095, 134.4],
            [-96.798002, 32.780951, 134.4],
            [-96.798035, 32.780948, 134.3],
            [-96.798046, 32.780947, 134.3],
            [-96.798084, 32.780943, 134.3],
            [-96.798099, 32.780941, 134.2],
            [-96.79812, 32.78094, 134.2],
            [-96.798136, 32.78094, 134.2],
            [-96.79815, 32.780938, 134.2],
            [-96.798162, 32.780938, 134.1],
            [-96.798174, 32.780946, 134.1],
            [-96.798187, 32.780967, 134.1],
            [-96.798191, 32.780974, 134.1],
            [-96.798195, 32.78098, 134.1],
            [-96.7982, 32.780987, 134],
            [-96.798198, 32.780984, 134],
            [-96.798195, 32.780978, 134],
            [-96.798193, 32.780976, 134],
            [-96.798196, 32.780977, 134],
            [-96.798198, 32.780978, 134],
            [-96.798198, 32.780978, 134],
            [-96.798197, 32.780978, 134],
            [-96.798195, 32.780977, 134],
            [-96.7982, 32.780984, 134],
            [-96.798203, 32.780987, 134],
            [-96.798203, 32.780986, 134],
            [-96.798201, 32.780986, 134],
            [-96.798201, 32.780987, 134],
            [-96.7982, 32.780988, 134],
            [-96.7982, 32.78099, 134],
            [-96.7982, 32.780992, 134],
            [-96.798201, 32.780992, 134],
            [-96.798203, 32.780993, 134],
            [-96.798203, 32.780994, 134],
            [-96.798203, 32.780995, 134],
            [-96.798202, 32.780996, 134],
            [-96.798202, 32.780996, 134],
            [-96.798202, 32.780996, 134],
            [-96.7982, 32.780997, 134],
            [-96.7982, 32.780997, 134],
            [-96.7982, 32.780998, 134],
            [-96.7982, 32.780998, 134],
            [-96.798199, 32.780999, 134],
            [-96.798199, 32.781, 134],
            [-96.798199, 32.781, 134],
            [-96.798199, 32.781, 134],
            [-96.798199, 32.781, 134],
            [-96.798199, 32.781, 134],
            [-96.798199, 32.781001, 134],
            [-96.798199, 32.781002, 134],
            [-96.798199, 32.781002, 134],
            [-96.798199, 32.781002, 134],
            [-96.798199, 32.781002, 134],
            [-96.798199, 32.781002, 134],
            [-96.798199, 32.781002, 134],
            [-96.798199, 32.781002, 134],
            [-96.798199, 32.781002, 134],
            [-96.798199, 32.781003, 134],
            [-96.798198, 32.781003, 134],
            [-96.798197, 32.781004, 134],
            [-96.798196, 32.781004, 134],
            [-96.798194, 32.781006, 133.9],
            [-96.798192, 32.781007, 133.9],
            [-96.798192, 32.781008, 133.9],
            [-96.798191, 32.781008, 133.9],
            [-96.79819, 32.781008, 133.9],
            [-96.798192, 32.781007, 133.9],
            [-96.798191, 32.781008, 133.9],
            [-96.798191, 32.781008, 133.9],
            [-96.798191, 32.781008, 133.9],
            [-96.798191, 32.781009, 133.9],
            [-96.798191, 32.78101, 133.9],
            [-96.798191, 32.781012, 133.9],
            [-96.79819, 32.781013, 133.9],
            [-96.798191, 32.781013, 133.9],
            [-96.798191, 32.781013, 133.9],
            [-96.798191, 32.781013, 133.9],
            [-96.798191, 32.781014, 133.9],
            [-96.798192, 32.781013, 133.9],
            [-96.798192, 32.78101, 133.9],
            [-96.798193, 32.781009, 133.9],
            [-96.798188, 32.781008, 133.9],
            [-96.798176, 32.781, 134],
            [-96.798161, 32.780991, 134],
            [-96.798132, 32.78098, 134],
            [-96.798093, 32.780973, 134],
            [-96.798054, 32.780976, 134.1],
            [-96.798045, 32.780977, 134.1],
            [-96.798029, 32.78098, 134.1],
            [-96.798019, 32.780984, 134.1],
            [-96.798011, 32.780983, 134.1],
            [-96.797978, 32.780978, 134.2],
            [-96.797983, 32.780976, 134.2],
            [-96.797989, 32.780979, 134.2],
            [-96.797997, 32.780982, 134.2],
            [-96.798, 32.780985, 134.2],
            [-96.798002, 32.780987, 134.2],
            [-96.798004, 32.780989, 134.2],
            [-96.798005, 32.78099, 134.2],
            [-96.798005, 32.780991, 134.2],
            [-96.798005, 32.780993, 134.2],
            [-96.798006, 32.780995, 134.2],
            [-96.798008, 32.780998, 134.2],
            [-96.798008, 32.780999, 134.2],
            [-96.79801, 32.781, 134.2],
            [-96.798011, 32.781, 134.2],
            [-96.798018, 32.781012, 134.2],
            [-96.79802, 32.781015, 134.2],
            [-96.798021, 32.781016, 134.2],
            [-96.798022, 32.781016, 134.2],
            [-96.798022, 32.781016, 134.2],
            [-96.798024, 32.781014, 134.2],
            [-96.798024, 32.781014, 134.2],
            [-96.798025, 32.781014, 134.2],
            [-96.798025, 32.781014, 134.2],
            [-96.798025, 32.781014, 134.2],
            [-96.798025, 32.781014, 134.2],
            [-96.798025, 32.781014, 134.2],
            [-96.798025, 32.781015, 134.2],
            [-96.798026, 32.781015, 134.2],
            [-96.798026, 32.781015, 134.2],
            [-96.798026, 32.781015, 134.2],
            [-96.798026, 32.781015, 134.2],
            [-96.798026, 32.781015, 134.2],
            [-96.798026, 32.781015, 134.2],
            [-96.798027, 32.781015, 134.2],
            [-96.798027, 32.781015, 134.2],
            [-96.798027, 32.781015, 134.2],
            [-96.798027, 32.781015, 134.2],
            [-96.798027, 32.781016, 134.2],
            [-96.798027, 32.781016, 134.2],
            [-96.798027, 32.781016, 134.2],
            [-96.798027, 32.781016, 134.2],
            [-96.798028, 32.781016, 134.2],
            [-96.798028, 32.781016, 134.2],
            [-96.798028, 32.781016, 134.2],
            [-96.798028, 32.781016, 134.2],
            [-96.798028, 32.781016, 134.2],
            [-96.798028, 32.781016, 134.2],
            [-96.798027, 32.781016, 134.2],
            [-96.798027, 32.781016, 134.2],
            [-96.798029, 32.781016, 134.2],
            [-96.79803, 32.781017, 134.2],
            [-96.798031, 32.781017, 134.2],
            [-96.798031, 32.781017, 134.2],
            [-96.798031, 32.781016, 134.2],
            [-96.798031, 32.781016, 134.2],
            [-96.798032, 32.781016, 134.2],
            [-96.798032, 32.781016, 134.2],
            [-96.798032, 32.781016, 134.2],
            [-96.798033, 32.781016, 134.2],
            [-96.798033, 32.781016, 134.2],
            [-96.798033, 32.781016, 134.2],
            [-96.798033, 32.781015, 134.2],
            [-96.798034, 32.781015, 134.2],
            [-96.798035, 32.781015, 134.2],
            [-96.798035, 32.781015, 134.2],
            [-96.798035, 32.781015, 134.2],
            [-96.798034, 32.781015, 134.2],
            [-96.798036, 32.781015, 134.2],
            [-96.798036, 32.781015, 134.2],
            [-96.798036, 32.781015, 134.2],
            [-96.798036, 32.781015, 134.2],
            [-96.798036, 32.781015, 134.2],
            [-96.798037, 32.781015, 134.2],
            [-96.798037, 32.781015, 134.2],
            [-96.798037, 32.781015, 134.2],
            [-96.798037, 32.781015, 134.2],
            [-96.798037, 32.781015, 134.2],
            [-96.798037, 32.781015, 134.2],
            [-96.798037, 32.781015, 134.2],
            [-96.798037, 32.781015, 134.2],
            [-96.798037, 32.781015, 134.2],
            [-96.798037, 32.781015, 134.2],
            [-96.798038, 32.781015, 134.2],
            [-96.798038, 32.781015, 134.2],
            [-96.798038, 32.781015, 134.2],
            [-96.798038, 32.781015, 134.2],
            [-96.798038, 32.781015, 134.2],
            [-96.798038, 32.781015, 134.2],
            [-96.798038, 32.781016, 134.2],
            [-96.798038, 32.781016, 134.2],
            [-96.798038, 32.781016, 134.2],
            [-96.798038, 32.781016, 134.2],
            [-96.798038, 32.781016, 134.2],
            [-96.798038, 32.781016, 134.2],
            [-96.798038, 32.781016, 134.2],
            [-96.798038, 32.781016, 134.2],
            [-96.798038, 32.781016, 134.2],
            [-96.79804, 32.781016, 134.2],
            [-96.79804, 32.781016, 134.2],
            [-96.79804, 32.781016, 134.2],
            [-96.79804, 32.781016, 134.2],
            [-96.798039, 32.781016, 134.2],
            [-96.798039, 32.781016, 134.2],
            [-96.798039, 32.781016, 134.2],
            [-96.798038, 32.781016, 134.2],
            [-96.798038, 32.781016, 134.2],
            [-96.798037, 32.781016, 134.2],
            [-96.798038, 32.781016, 134.3],
            [-96.798037, 32.781017, 134.3],
            [-96.798036, 32.781017, 134.3],
            [-96.798035, 32.781016, 134.3],
            [-96.798035, 32.781017, 134.3],
            [-96.798035, 32.781017, 134.3],
            [-96.798035, 32.781017, 134.3],
            [-96.798035, 32.781017, 134.3],
            [-96.798034, 32.781017, 134.3],
            [-96.798035, 32.781016, 134.3],
            [-96.798035, 32.781017, 134.3],
            [-96.798035, 32.781017, 134.3],
            [-96.798036, 32.781018, 134.3],
            [-96.798036, 32.781018, 134.3],
            [-96.798036, 32.781018, 134.3],
            [-96.798036, 32.781018, 134.3],
            [-96.798036, 32.781018, 134.3],
            [-96.798036, 32.781018, 134.3],
            [-96.798036, 32.781018, 134.3],
            [-96.798036, 32.781018, 134.3],
            [-96.798036, 32.781018, 134.3],
            [-96.798036, 32.781018, 134.3],
            [-96.798036, 32.781018, 134.3],
            [-96.798036, 32.781019, 134.3],
            [-96.798037, 32.781019, 134.3],
            [-96.798037, 32.781019, 134.3],
            [-96.798037, 32.781019, 134.3],
            [-96.798037, 32.781019, 134.3],
            [-96.798037, 32.781019, 134.3],
            [-96.798037, 32.781019, 134.3],
            [-96.798037, 32.781019, 134.3],
            [-96.798037, 32.78102, 134.3],
            [-96.798037, 32.78102, 134.3],
            [-96.798037, 32.781019, 134.3],
            [-96.798037, 32.78102, 134.3],
            [-96.798037, 32.781019, 134.3],
            [-96.798038, 32.78102, 134.3],
            [-96.798038, 32.78102, 134.3],
            [-96.798039, 32.78102, 134.3],
            [-96.798039, 32.78102, 134.3],
            [-96.798039, 32.78102, 134.3],
            [-96.79804, 32.78102, 134.3],
            [-96.79804, 32.78102, 134.3],
            [-96.79804, 32.78102, 134.3],
            [-96.798037, 32.781017, 134.3],
            [-96.798028, 32.781014, 134.3],
            [-96.798015, 32.781012, 134.3],
            [-96.797998, 32.781009, 134.3],
            [-96.797993, 32.781008, 134.3],
            [-96.79798, 32.781009, 134.3],
            [-96.797968, 32.781009, 134.3],
            [-96.797957, 32.781009, 134.4],
            [-96.797941, 32.781007, 134.4],
            [-96.797925, 32.781007, 134.4],
            [-96.797893, 32.781009, 134.5],
            [-96.797878, 32.78101, 134.5],
            [-96.797854, 32.781017, 134.5],
            [-96.797845, 32.78102, 134.6],
            [-96.797835, 32.781024, 134.6],
            [-96.797823, 32.781032, 134.6],
            [-96.797796, 32.781034, 134.7],
            [-96.797796, 32.781034, 134.7],
            [-96.797767, 32.781031, 134.8],
            [-96.797753, 32.781037, 134.8],
            [-96.797739, 32.781044, 134.8],
            [-96.797724, 32.781054, 134.9],
            [-96.797703, 32.781048, 134.9],
            [-96.797684, 32.781051, 135],
            [-96.797669, 32.781057, 135],
            [-96.797654, 32.781065, 135.1],
            [-96.797638, 32.781074, 135.1],
            [-96.797626, 32.78108, 135.2],
            [-96.7976, 32.781084, 135.2],
            [-96.797589, 32.781085, 135.2],
            [-96.797578, 32.781086, 135.3],
            [-96.797548, 32.781085, 135.3],
            [-96.797536, 32.781087, 135.4],
            [-96.797524, 32.781088, 135.4],
            [-96.797489, 32.78109, 135.5],
            [-96.797479, 32.781091, 135.5],
            [-96.797448, 32.781097, 135.6],
            [-96.797433, 32.781099, 135.6],
            [-96.797417, 32.781103, 135.7],
            [-96.797387, 32.781108, 135.7],
            [-96.797377, 32.781111, 135.8],
            [-96.797366, 32.781113, 135.8],
            [-96.797356, 32.781116, 135.8],
            [-96.797338, 32.78112, 135.8],
            [-96.79733, 32.781123, 135.9],
            [-96.797321, 32.781125, 135.9],
            [-96.797312, 32.781127, 135.9],
            [-96.797293, 32.781133, 136],
            [-96.797272, 32.78114, 136],
            [-96.797254, 32.781151, 136],
            [-96.79724, 32.781163, 136.1],
            [-96.797224, 32.781175, 136.1],
            [-96.797211, 32.781189, 136.2],
            [-96.797206, 32.781206, 136.2],
            [-96.797206, 32.781224, 136.2],
            [-96.797209, 32.781241, 136.3],
            [-96.797216, 32.781258, 136.3],
            [-96.79722, 32.781271, 136.3],
            [-96.797222, 32.781285, 136.4],
            [-96.79723, 32.781315, 136.4],
            [-96.797236, 32.781332, 136.5],
            [-96.797238, 32.781347, 136.5],
            [-96.797242, 32.781362, 136.5],
            [-96.797246, 32.781378, 136.6],
            [-96.797249, 32.781391, 136.6],
            [-96.797252, 32.781407, 136.6],
            [-96.797257, 32.781423, 136.7],
            [-96.797261, 32.781437, 136.7],
            [-96.797267, 32.78145, 136.7],
            [-96.797271, 32.781463, 136.8],
            [-96.797275, 32.781476, 136.8],
            [-96.797281, 32.78149, 136.8],
            [-96.797289, 32.781505, 136.9],
            [-96.797293, 32.78152, 136.9],
            [-96.797298, 32.781534, 136.9],
            [-96.797303, 32.781547, 137],
            [-96.797308, 32.781561, 137],
            [-96.797313, 32.781574, 137],
            [-96.797321, 32.781592, 137.1],
            [-96.797327, 32.781607, 137.1],
            [-96.797329, 32.781625, 137.1],
            [-96.797331, 32.781639, 137.2],
            [-96.797337, 32.781666, 137.2],
            [-96.797339, 32.781676, 137.2],
            [-96.797342, 32.781692, 137.3],
            [-96.797345, 32.781704, 137.3],
            [-96.797348, 32.78173, 137.3],
            [-96.797352, 32.781749, 137.4],
            [-96.797352, 32.781762, 137.4],
            [-96.797353, 32.781776, 137.4],
            [-96.797353, 32.781789, 137.5],
            [-96.797349, 32.781805, 137.5],
            [-96.79734, 32.78182, 137.5],
            [-96.797344, 32.781847, 137.6],
            [-96.79735, 32.781857, 137.6],
            [-96.797364, 32.78187, 137.6],
            [-96.797372, 32.781879, 137.6],
            [-96.797373, 32.781889, 137.6],
            [-96.797372, 32.78189, 137.6],
            [-96.797371, 32.781884, 137.6],
            [-96.797369, 32.781881, 137.6],
            [-96.797367, 32.781879, 137.6],
            [-96.797366, 32.781879, 137.6],
            [-96.797366, 32.781879, 137.6],
            [-96.797365, 32.78188, 137.6],
            [-96.797366, 32.78188, 137.6],
            [-96.797365, 32.78188, 137.6],
            [-96.797364, 32.781881, 137.6],
            [-96.79736, 32.781883, 137.6],
            [-96.797356, 32.781885, 137.6],
            [-96.797352, 32.781886, 137.6],
            [-96.797341, 32.781885, 137.6],
            [-96.79734, 32.781884, 137.6],
            [-96.797341, 32.781882, 137.6],
            [-96.797341, 32.781881, 137.6],
            [-96.797341, 32.781881, 137.6],
            [-96.797341, 32.781881, 137.6],
            [-96.797342, 32.781881, 137.6],
            [-96.797342, 32.781881, 137.6],
            [-96.797342, 32.781881, 137.6],
            [-96.797341, 32.781879, 137.6],
            [-96.797341, 32.781878, 137.6],
            [-96.797341, 32.781877, 137.6],
            [-96.79734, 32.781877, 137.6],
            [-96.797338, 32.781875, 137.6],
            [-96.797338, 32.781874, 137.6],
            [-96.797338, 32.781874, 137.6],
            [-96.797337, 32.781874, 137.6],
            [-96.797336, 32.78187, 137.6],
            [-96.797336, 32.781865, 137.6],
            [-96.797335, 32.78186, 137.6],
            [-96.797333, 32.781855, 137.6],
            [-96.797332, 32.78185, 137.6],
            [-96.797333, 32.781845, 137.6],
            [-96.79733, 32.781845, 137.6],
            [-96.797328, 32.781845, 137.6],
            [-96.797324, 32.781845, 137.6],
            [-96.797322, 32.781846, 137.6],
            [-96.797322, 32.78185, 137.6],
            [-96.79732, 32.781854, 137.6],
            [-96.797324, 32.781862, 137.6],
            [-96.797326, 32.781868, 137.6],
            [-96.797329, 32.781877, 137.6],
            [-96.797338, 32.781889, 137.6],
            [-96.797345, 32.781896, 137.6],
            [-96.797352, 32.781902, 137.6],
            [-96.797359, 32.781909, 137.6],
            [-96.797366, 32.781915, 137.6],
            [-96.797373, 32.781922, 137.6],
            [-96.79738, 32.781928, 137.6],
            [-96.797386, 32.781938, 137.6],
            [-96.797394, 32.781947, 137.6],
            [-96.797401, 32.781953, 137.6],
            [-96.797407, 32.781958, 137.6],
            [-96.797409, 32.781968, 137.6],
            [-96.797413, 32.78198, 137.6],
            [-96.79742, 32.781994, 137.6],
            [-96.797425, 32.782009, 137.7],
            [-96.797432, 32.782029, 137.7],
            [-96.797436, 32.782037, 137.7],
            [-96.797439, 32.782045, 137.7],
            [-96.797443, 32.782058, 137.7],
            [-96.797448, 32.782073, 137.7],
            [-96.797453, 32.782089, 137.7],
            [-96.797459, 32.782105, 137.8],
            [-96.797465, 32.78212, 137.8],
            [-96.797471, 32.782132, 137.8],
            [-96.797484, 32.782143, 137.8],
            [-96.797486, 32.782145, 137.8],
            [-96.797488, 32.782147, 137.8],
            [-96.79749, 32.782149, 137.8],
            [-96.797492, 32.782151, 137.8],
            [-96.797493, 32.782154, 137.8],
            [-96.797495, 32.782156, 137.8],
            [-96.797497, 32.782158, 137.8],
            [-96.797499, 32.78216, 137.8],
            [-96.797501, 32.782162, 137.8],
            [-96.797503, 32.782164, 137.8],
            [-96.797505, 32.782166, 137.8],
            [-96.797513, 32.782198, 137.8],
            [-96.797516, 32.782205, 137.8],
            [-96.797519, 32.782219, 137.8],
            [-96.797523, 32.782234, 137.9],
            [-96.797525, 32.782245, 137.9],
            [-96.797528, 32.782257, 137.9],
            [-96.797532, 32.782268, 137.9],
            [-96.797537, 32.78228, 137.9],
            [-96.797541, 32.782293, 137.9],
            [-96.797546, 32.782313, 137.9],
            [-96.797551, 32.782327, 137.9],
            [-96.797553, 32.782337, 137.9],
            [-96.797557, 32.782349, 137.9],
            [-96.797561, 32.78236, 137.9],
            [-96.797563, 32.782371, 138],
            [-96.797569, 32.782391, 138],
            [-96.797572, 32.7824, 138],
            [-96.797574, 32.782408, 138],
            [-96.79758, 32.782428, 138],
            [-96.797583, 32.782436, 138],
            [-96.797585, 32.782444, 138],
            [-96.797592, 32.782452, 138],
            [-96.797605, 32.782454, 138],
            [-96.797618, 32.782453, 138],
            [-96.797626, 32.782458, 138],
            [-96.797627, 32.782461, 138],
            [-96.797625, 32.782462, 138],
            [-96.797621, 32.782463, 138],
            [-96.797616, 32.782464, 138],
            [-96.797613, 32.782469, 138],
            [-96.797616, 32.782475, 138],
            [-96.797624, 32.782486, 138.1],
            [-96.797633, 32.782497, 138.1],
            [-96.797643, 32.782509, 138.1],
            [-96.797659, 32.782526, 138.1],
            [-96.797665, 32.782532, 138.1],
            [-96.797672, 32.782538, 138.2],
            [-96.797688, 32.782546, 138.2],
            [-96.797702, 32.782556, 138.2],
            [-96.797714, 32.782567, 138.2],
            [-96.797733, 32.782574, 138.2],
            [-96.797752, 32.782581, 138.2],
            [-96.797764, 32.782588, 138.2],
            [-96.797791, 32.782604, 138.2],
            [-96.797791, 32.782604, 138.2],
            [-96.797808, 32.782612, 138.2],
            [-96.797823, 32.782618, 138.2],
            [-96.797838, 32.782627, 138.2],
            [-96.797851, 32.782636, 138.2],
            [-96.797857, 32.782646, 138.1],
            [-96.797864, 32.782653, 138.1],
            [-96.797868, 32.782655, 138.1],
            [-96.797863, 32.782652, 138.1],
            [-96.797857, 32.782649, 138.1],
            [-96.797853, 32.782649, 138.1],
            [-96.797851, 32.78265, 138.1],
            [-96.79785, 32.782652, 138.1],
            [-96.79785, 32.782655, 138.1],
            [-96.79785, 32.782658, 138.1],
            [-96.797849, 32.782661, 138.1],
            [-96.797848, 32.782663, 138.1],
            [-96.797847, 32.782666, 138.1],
            [-96.797845, 32.782669, 138.1],
            [-96.797843, 32.782672, 138.1],
            [-96.797842, 32.782675, 138.1],
            [-96.797842, 32.782678, 138.1],
            [-96.797842, 32.78268, 138.1],
            [-96.797842, 32.782682, 138.1],
            [-96.797842, 32.782682, 138.1],
            [-96.797826, 32.782691, 138.1],
            [-96.797824, 32.782692, 138.1],
            [-96.797824, 32.782693, 138.1],
            [-96.797823, 32.782693, 138.1],
            [-96.797823, 32.782693, 138.1],
            [-96.797823, 32.782693, 138.1],
            [-96.797823, 32.782693, 138.1],
            [-96.797823, 32.782694, 138.1],
            [-96.797824, 32.782695, 138.1],
            [-96.797829, 32.782699, 138.1],
            [-96.797838, 32.78269, 138],
            [-96.797842, 32.782689, 138],
            [-96.797847, 32.78269, 138],
            [-96.797853, 32.782691, 138],
            [-96.797865, 32.782694, 138],
            [-96.7979, 32.782702, 138],
            [-96.797912, 32.782705, 138],
            [-96.797932, 32.78271, 138],
            [-96.79795, 32.782713, 138],
            [-96.797967, 32.782718, 137.9],
            [-96.797983, 32.782722, 137.9],
            [-96.798007, 32.782728, 137.9],
            [-96.798017, 32.782731, 137.9],
            [-96.798026, 32.782733, 137.9],
            [-96.798039, 32.782735, 137.9],
            [-96.798052, 32.782736, 137.9],
            [-96.798063, 32.782736, 137.9],
            [-96.798075, 32.782736, 137.8],
            [-96.798088, 32.782735, 137.8],
            [-96.798101, 32.782735, 137.8],
            [-96.798113, 32.782735, 137.8],
            [-96.798125, 32.782735, 137.8],
            [-96.798137, 32.782735, 137.8],
            [-96.79815, 32.782735, 137.8],
            [-96.79816, 32.782741, 137.8],
            [-96.798167, 32.782748, 137.8],
            [-96.798171, 32.782753, 137.8],
            [-96.798173, 32.782757, 137.8],
            [-96.798173, 32.782758, 137.8],
            [-96.798173, 32.782755, 137.8],
            [-96.798172, 32.782754, 137.7],
            [-96.798172, 32.782754, 137.7],
            [-96.798171, 32.782753, 137.7],
            [-96.79817, 32.782754, 137.7],
            [-96.798168, 32.782754, 137.7],
            [-96.798168, 32.782755, 137.7],
            [-96.798167, 32.782756, 137.7],
            [-96.798168, 32.782757, 137.7],
            [-96.798167, 32.782757, 137.7],
            [-96.798166, 32.782757, 137.7],
            [-96.798166, 32.782758, 137.7],
            [-96.798165, 32.782758, 137.7],
            [-96.798165, 32.782754, 137.7],
            [-96.798166, 32.78275, 137.7],
            [-96.798166, 32.782747, 137.7],
            [-96.798166, 32.782747, 137.7],
            [-96.798142, 32.782745, 137.7],
            [-96.798138, 32.782742, 137.7],
            [-96.798136, 32.78274, 137.7],
            [-96.798135, 32.78274, 137.7],
            [-96.798134, 32.782739, 137.7],
            [-96.798134, 32.782739, 137.7],
            [-96.798134, 32.782739, 137.7],
            [-96.798134, 32.782738, 137.7],
            [-96.798134, 32.782738, 137.7],
            [-96.798134, 32.782738, 137.7],
            [-96.798136, 32.782738, 137.7],
            [-96.798138, 32.782735, 137.7],
            [-96.798138, 32.782734, 137.7],
            [-96.798139, 32.782733, 137.7],
            [-96.798138, 32.782732, 137.7],
            [-96.798135, 32.782729, 137.7],
            [-96.798134, 32.782728, 137.7],
            [-96.798133, 32.782728, 137.7],
            [-96.798133, 32.782728, 137.7],
            [-96.798133, 32.782728, 137.7],
            [-96.798132, 32.782728, 137.7],
            [-96.798132, 32.782729, 137.7],
            [-96.798132, 32.782729, 137.7],
            [-96.798132, 32.782729, 137.7],
            [-96.798132, 32.782729, 137.7],
            [-96.798132, 32.782729, 137.7],
            [-96.798135, 32.782725, 137.7],
            [-96.798142, 32.78272, 137.7],
            [-96.798146, 32.782716, 137.7],
            [-96.798146, 32.782716, 137.7],
            [-96.798148, 32.782712, 137.7],
            [-96.79817, 32.782709, 137.6],
            [-96.798195, 32.78271, 137.6],
            [-96.798214, 32.782713, 137.6],
            [-96.798224, 32.782713, 137.6],
            [-96.798231, 32.782712, 137.6],
            [-96.798235, 32.782715, 137.6],
            [-96.79823, 32.78272, 137.6],
            [-96.798226, 32.782721, 137.6],
            [-96.798226, 32.782721, 137.6],
            [-96.798225, 32.782717, 137.6],
            [-96.798224, 32.782715, 137.6],
            [-96.798224, 32.782714, 137.6],
            [-96.798221, 32.782712, 137.6],
            [-96.79822, 32.782712, 137.6],
            [-96.798222, 32.782712, 137.6],
            [-96.798224, 32.782713, 137.6],
            [-96.798225, 32.782713, 137.6],
            [-96.798225, 32.782713, 137.6],
            [-96.798221, 32.782714, 137.6],
            [-96.798216, 32.782715, 137.5],
            [-96.798216, 32.782714, 137.5],
            [-96.798215, 32.782709, 137.5],
            [-96.798211, 32.7827, 137.5],
            [-96.798207, 32.782692, 137.5],
            [-96.798204, 32.782686, 137.5],
            [-96.798203, 32.782681, 137.5],
            [-96.798201, 32.78268, 137.5],
            [-96.7982, 32.78268, 137.5],
            [-96.798198, 32.78268, 137.5],
            [-96.798193, 32.78268, 137.5],
            [-96.798191, 32.78268, 137.5],
            [-96.798192, 32.782678, 137.5],
            [-96.798193, 32.782678, 137.5],
            [-96.798192, 32.782677, 137.5],
            [-96.798192, 32.782676, 137.5],
            [-96.79819, 32.782675, 137.5],
            [-96.798191, 32.782675, 137.5],
            [-96.798172, 32.782688, 137.5],
            [-96.798167, 32.78269, 137.5],
            [-96.798166, 32.782691, 137.5],
            [-96.798165, 32.782692, 137.5],
            [-96.798168, 32.782689, 137.5],
            [-96.798174, 32.782691, 137.5],
            [-96.798181, 32.782691, 137.5],
            [-96.798187, 32.78269, 137.4],
            [-96.798193, 32.782687, 137.4],
            [-96.7982, 32.782689, 137.4],
            [-96.798204, 32.78269, 137.4],
            [-96.798208, 32.782687, 137.4],
            [-96.798212, 32.782682, 137.4],
            [-96.798214, 32.782677, 137.4],
            [-96.798215, 32.782672, 137.4],
            [-96.798213, 32.782669, 137.4],
            [-96.798211, 32.782665, 137.4],
            [-96.798207, 32.782663, 137.4],
            [-96.798202, 32.782661, 137.4],
            [-96.798196, 32.782658, 137.4],
            [-96.79819, 32.782656, 137.4],
            [-96.798186, 32.782656, 137.4],
            [-96.798183, 32.782657, 137.4],
            [-96.798182, 32.78266, 137.4],
            [-96.798181, 32.782661, 137.4],
            [-96.79818, 32.782663, 137.4],
            [-96.798179, 32.782663, 137.4],
            [-96.798179, 32.782661, 137.4],
            [-96.798179, 32.782662, 137.4],
            [-96.798178, 32.782663, 137.4],
            [-96.798177, 32.782664, 137.4],
            [-96.798176, 32.782665, 137.4],
            [-96.798182, 32.78265, 137.4],
            [-96.798184, 32.782646, 137.4],
            [-96.798186, 32.782644, 137.4],
            [-96.798186, 32.782642, 137.3],
            [-96.798185, 32.782642, 137.3],
            [-96.798183, 32.782642, 137.3],
            [-96.798177, 32.782642, 137.3],
            [-96.798171, 32.782641, 137.3],
            [-96.798168, 32.782641, 137.3],
            [-96.798166, 32.782641, 137.3],
            [-96.798165, 32.782642, 137.3],
            [-96.798165, 32.782645, 137.3],
            [-96.798166, 32.782649, 137.3],
            [-96.798167, 32.782652, 137.3],
            [-96.798169, 32.782655, 137.3],
            [-96.798172, 32.782658, 137.3],
            [-96.798175, 32.782661, 137.3],
            [-96.798175, 32.782665, 137.3],
            [-96.798177, 32.782665, 137.3],
            [-96.798178, 32.782666, 137.3],
            [-96.798179, 32.782669, 137.3],
            [-96.798278, 32.782706, 137.2],
            [-96.798376, 32.782738, 137.1],
            [-96.798474, 32.782771, 137.3],
            [-96.79856, 32.7828, 137.5],
            [-96.798637, 32.782828, 137.5],
            [-96.798705, 32.782852, 137.5],
            [-96.798756, 32.782874, 137.6],
            [-96.798794, 32.782889, 137.5],
            [-96.798807, 32.782893, 137.6],
            [-96.798845, 32.782906, 137.5],
            [-96.798858, 32.78291, 137.6],
            [-96.798892, 32.78292, 137.6],
            [-96.798903, 32.782923, 137.6],
            [-96.798981, 32.78296, 137.7],
            [-96.799008, 32.782973, 137.7],
            [-96.79902, 32.782972, 137.7],
            [-96.79902, 32.782958, 137.7],
            [-96.799007, 32.782944, 137.6],
            [-96.798995, 32.782931, 137.6],
            [-96.798967, 32.782903, 137.5],
            [-96.798958, 32.782893, 137.5],
            [-96.798935, 32.78287, 137.5],
            [-96.798929, 32.782862, 137.5],
            [-96.798864, 32.782804, 137.4],
            [-96.798836, 32.782779, 137.3],
            [-96.798811, 32.782756, 137.3],
            [-96.798788, 32.782735, 137.3],
            [-96.798664, 32.782648, 137.2],
            [-96.798561, 32.782581, 137.2],
            [-96.798457, 32.782513, 137.2],
            [-96.798323, 32.782405, 137.1],
            [-96.798225, 32.782324, 137],
            [-96.798151, 32.782261, 137],
            [-96.798056, 32.782181, 136.8],
            [-96.798017, 32.782148, 136.8],
            [-96.797984, 32.782121, 136.9],
            [-96.797957, 32.782098, 136.8],
            [-96.79793, 32.782073, 136.8],
            [-96.798178, 32.782205, 136.7],
            [-96.798225, 32.78223, 136.8],
            [-96.798311, 32.782276, 136.8],
            [-96.798385, 32.782315, 136.8],
            [-96.798447, 32.782349, 136.8],
            [-96.798576, 32.782437, 136.8],
            [-96.798609, 32.782462, 136.9],
            [-96.79862, 32.782469, 136.9],
            [-96.798648, 32.78249, 136.9],
            [-96.798658, 32.782496, 136.9],
            [-96.798785, 32.782672, 137.2],
            [-96.798804, 32.782696, 137.2],
            [-96.798836, 32.782737, 137.3],
            [-96.798863, 32.782769, 137.4],
            [-96.798886, 32.782794, 137.3],
            [-96.798768, 32.782766, 137.4],
            [-96.798632, 32.782719, 137.3],
            [-96.798496, 32.782673, 137.4],
            [-96.798414, 32.782639, 137.5],
            [-96.798363, 32.782616, 137.5],
            [-96.79832, 32.782578, 137.5],
            [-96.7983, 32.782558, 137.5],
            [-96.798275, 32.782529, 137.5],
            [-96.798253, 32.782502, 137.4],
            [-96.798232, 32.782475, 137.4],
            [-96.798197, 32.782466, 137.4],
            [-96.798185, 32.782459, 137.4],
            [-96.798175, 32.78245, 137.4],
            [-96.798167, 32.782444, 137.4],
            [-96.798146, 32.782427, 137.4],
            [-96.79813, 32.782414, 137.4],
            [-96.798123, 32.782407, 137.4],
            [-96.798117, 32.7824, 137.3],
            [-96.798112, 32.782393, 137.3],
            [-96.798109, 32.78239, 137.3],
            [-96.798123, 32.782378, 137.3],
            [-96.79813, 32.782376, 137.3],
            [-96.798137, 32.782377, 137.3],
            [-96.798143, 32.782381, 137.3],
            [-96.79815, 32.782387, 137.3],
            [-96.798161, 32.7824, 137.3],
            [-96.798168, 32.78241, 137.4],
            [-96.798182, 32.782428, 137.3],
            [-96.798188, 32.782437, 137.3],
            [-96.798194, 32.782445, 137.4],
            [-96.798223, 32.782471, 137.4],
            [-96.798237, 32.782485, 137.4],
            [-96.798248, 32.782498, 137.4],
            [-96.798259, 32.782523, 137.5],
            [-96.798262, 32.782535, 137.5],
            [-96.798271, 32.782561, 137.6],
            [-96.798275, 32.782573, 137.6],
            [-96.798281, 32.782583, 137.6],
            [-96.798285, 32.782591, 137.6],
            [-96.798283, 32.782587, 137.6],
            [-96.798287, 32.782611, 137.6],
            [-96.798285, 32.782614, 137.6],
            [-96.798283, 32.782614, 137.6],
            [-96.798281, 32.782612, 137.6],
            [-96.798272, 32.782596, 137.6],
            [-96.798257, 32.782574, 137.6],
            [-96.798252, 32.782567, 137.6],
            [-96.798249, 32.782563, 137.6],
            [-96.798248, 32.782561, 137.6],
            [-96.798246, 32.782556, 137.6],
            [-96.798239, 32.78255, 137.6],
            [-96.798241, 32.782552, 137.6],
            [-96.798244, 32.782556, 137.6],
            [-96.798246, 32.782561, 137.6],
            [-96.798248, 32.782565, 137.6],
            [-96.798251, 32.78257, 137.6],
            [-96.798253, 32.782574, 137.6],
            [-96.798255, 32.782579, 137.6],
            [-96.798258, 32.782583, 137.6],
            [-96.79826, 32.782588, 137.7],
            [-96.798262, 32.782592, 137.7],
            [-96.798265, 32.782597, 137.6],
            [-96.798267, 32.782601, 137.6],
            [-96.798269, 32.782606, 137.6],
            [-96.798272, 32.78261, 137.6],
            [-96.798274, 32.782615, 137.6],
            [-96.798282, 32.782632, 137.7],
            [-96.798289, 32.782642, 137.7],
            [-96.798276, 32.782591, 137.6],
            [-96.798256, 32.782533, 137.5],
            [-96.798237, 32.782474, 137.4],
            [-96.798217, 32.782416, 137.3],
            [-96.798198, 32.782358, 137.2],
            [-96.798196, 32.782351, 137.2],
            [-96.798197, 32.78236, 137.2],
            [-96.798199, 32.782368, 137.2],
            [-96.7982, 32.782376, 137.2],
            [-96.798202, 32.782385, 137.2],
            [-96.798203, 32.782393, 137.2],
            [-96.798205, 32.782401, 137.2],
            [-96.798206, 32.78241, 137.3],
            [-96.798208, 32.782418, 137.3],
            [-96.798222, 32.782459, 137.4],
            [-96.798234, 32.782493, 137.5],
            [-96.798252, 32.782537, 137.5],
            [-96.798265, 32.782567, 137.6],
            [-96.798269, 32.782581, 137.6],
            [-96.798266, 32.782569, 137.6],
            [-96.798262, 32.782558, 137.6],
            [-96.798259, 32.782547, 137.6],
            [-96.798255, 32.782535, 137.6],
            [-96.798252, 32.782524, 137.6],
            [-96.798252, 32.78249, 137.5],
            [-96.798259, 32.782463, 137.4],
            [-96.798273, 32.782436, 137.2],
            [-96.798279, 32.782423, 137.2],
            [-96.798294, 32.782414, 137.2],
            [-96.79831, 32.782413, 137.2],
            [-96.798326, 32.782419, 137.2],
            [-96.798344, 32.782427, 137.2],
            [-96.798358, 32.782436, 137.1],
            [-96.798372, 32.782447, 137.2],
            [-96.798387, 32.782457, 137.2],
            [-96.798401, 32.782467, 137.2],
            [-96.798414, 32.782478, 137.2],
            [-96.798426, 32.782487, 137.2],
            [-96.798448, 32.782498, 137.2],
            [-96.798457, 32.782502, 137.2],
            [-96.798466, 32.782505, 137.2],
            [-96.79849, 32.78251, 137.1],
            [-96.7985, 32.782512, 137.1],
            [-96.79851, 32.782514, 137.2],
            [-96.798524, 32.782516, 137.2],
            [-96.798534, 32.782512, 137.1],
            [-96.798531, 32.782507, 137.1],
            [-96.798522, 32.782512, 137.1],
            [-96.798518, 32.782517, 137.2],
            [-96.798523, 32.782519, 137.2],
            [-96.798531, 32.782523, 137.2],
            [-96.798536, 32.782526, 137.2],
            [-96.79854, 32.782529, 137.2],
            [-96.798546, 32.782537, 137.2],
            [-96.798548, 32.782542, 137.2],
            [-96.79855, 32.782548, 137.2],
            [-96.798551, 32.782553, 137.2],
            [-96.798553, 32.782559, 137.2],
            [-96.798555, 32.782564, 137.2],
            [-96.798557, 32.78257, 137.2],
            [-96.798572, 32.782592, 137.2],
            [-96.798579, 32.7826, 137.2],
            [-96.798585, 32.782608, 137.2],
            [-96.798592, 32.782616, 137.2],
            [-96.798599, 32.782624, 137.3],
            [-96.798606, 32.782634, 137.2],
            [-96.798607, 32.782637, 137.2],
            [-96.798608, 32.782639, 137.2],
            [-96.798608, 32.78264, 137.2],
            [-96.798607, 32.782643, 137.3],
            [-96.798607, 32.782645, 137.3],
            [-96.798608, 32.782646, 137.3],
            [-96.798608, 32.782646, 137.3],
            [-96.798608, 32.782647, 137.3],
            [-96.798606, 32.782649, 137.3],
            [-96.798605, 32.782652, 137.3],
            [-96.798602, 32.782656, 137.3],
            [-96.798599, 32.782661, 137.4],
            [-96.798595, 32.782665, 137.4],
            [-96.798592, 32.78267, 137.4],
            [-96.79859, 32.782673, 137.4],
            [-96.798589, 32.782675, 137.4],
            [-96.798588, 32.782676, 137.4],
            [-96.798587, 32.782674, 137.4],
            [-96.798587, 32.782671, 137.4],
            [-96.798588, 32.78267, 137.4],
            [-96.79859, 32.78267, 137.4],
            [-96.798592, 32.782673, 137.4],
            [-96.798589, 32.782676, 137.4],
            [-96.798584, 32.782681, 137.4],
            [-96.798579, 32.782683, 137.4],
            [-96.798577, 32.782684, 137.4],
            [-96.798573, 32.782686, 137.4],
            [-96.798568, 32.782687, 137.4],
            [-96.798565, 32.782687, 137.4],
            [-96.79856, 32.782688, 137.4],
            [-96.798559, 32.782688, 137.4],
            [-96.798558, 32.782688, 137.4],
            [-96.798558, 32.78269, 137.4],
            [-96.798557, 32.78269, 137.4],
            [-96.798563, 32.78269, 137.4],
            [-96.798568, 32.782688, 137.4],
            [-96.798571, 32.782689, 137.4],
            [-96.798573, 32.782689, 137.4],
            [-96.798575, 32.782687, 137.4],
            [-96.798576, 32.782687, 137.4],
            [-96.798579, 32.782686, 137.4],
            [-96.798583, 32.782686, 137.4],
            [-96.798586, 32.782687, 137.4],
            [-96.798587, 32.782688, 137.4],
            [-96.798587, 32.782689, 137.4],
            [-96.798588, 32.782688, 137.4],
            [-96.798588, 32.782688, 137.4],
            [-96.798588, 32.782688, 137.4],
            [-96.798587, 32.782688, 137.4],
            [-96.798588, 32.782688, 137.4],
            [-96.798589, 32.782687, 137.4],
            [-96.79859, 32.782685, 137.4],
            [-96.79859, 32.782687, 137.4],
            [-96.798589, 32.782687, 137.4],
            [-96.798589, 32.782687, 137.4],
            [-96.798589, 32.782687, 137.4],
            [-96.798589, 32.782688, 137.4],
            [-96.798589, 32.782688, 137.4],
            [-96.798589, 32.782688, 137.4],
            [-96.798589, 32.782688, 137.4],
            [-96.798588, 32.782688, 137.4],
            [-96.798588, 32.782689, 137.4],
            [-96.798588, 32.782689, 137.4],
            [-96.798588, 32.782689, 137.4],
            [-96.798588, 32.782689, 137.4],
            [-96.798587, 32.78269, 137.4],
            [-96.798587, 32.782691, 137.4],
            [-96.798586, 32.782691, 137.4],
            [-96.798586, 32.782691, 137.4],
            [-96.798586, 32.78269, 137.4],
            [-96.798587, 32.782687, 137.4],
            [-96.798588, 32.782686, 137.4],
            [-96.798588, 32.782685, 137.4],
            [-96.798588, 32.782685, 137.4],
            [-96.798588, 32.782685, 137.4],
            [-96.798587, 32.782685, 137.4],
            [-96.798587, 32.782685, 137.4],
            [-96.798588, 32.782686, 137.4],
            [-96.79859, 32.782686, 137.4],
            [-96.798591, 32.782686, 137.4],
            [-96.798591, 32.782686, 137.4],
            [-96.79859, 32.782687, 137.4],
            [-96.798589, 32.782689, 137.4],
            [-96.798587, 32.782691, 137.4],
            [-96.798585, 32.782693, 137.4],
            [-96.798587, 32.782694, 137.4],
            [-96.798592, 32.782693, 137.4],
            [-96.798594, 32.782693, 137.4],
            [-96.798596, 32.782692, 137.4],
            [-96.798601, 32.782691, 137.4],
            [-96.798608, 32.78269, 137.3],
            [-96.798612, 32.782689, 137.3],
            [-96.798614, 32.78269, 137.3],
            [-96.798616, 32.78269, 137.3],
            [-96.798616, 32.782691, 137.3],
            [-96.798623, 32.782693, 137.4],
            [-96.798626, 32.782694, 137.4],
            [-96.798629, 32.782694, 137.4],
            [-96.798631, 32.782694, 137.4],
            [-96.798634, 32.782695, 137.4],
            [-96.798634, 32.782696, 137.4],
            [-96.798634, 32.782697, 137.4],
            [-96.798635, 32.782698, 137.4],
            [-96.798632, 32.782702, 137.4],
            [-96.798628, 32.782698, 137.4],
            [-96.798623, 32.782695, 137.4],
            [-96.798619, 32.782695, 137.4],
            [-96.798618, 32.782695, 137.4],
            [-96.798619, 32.782694, 137.4],
            [-96.798619, 32.782694, 137.4],
            [-96.798619, 32.782694, 137.4],
            [-96.79862, 32.782694, 137.4],
            [-96.79862, 32.782694, 137.4],
            [-96.798621, 32.782693, 137.4],
            [-96.798622, 32.782693, 137.4],
            [-96.798623, 32.782693, 137.4],
            [-96.798624, 32.782693, 137.4],
            [-96.798626, 32.782693, 137.4],
            [-96.798627, 32.782692, 137.3],
            [-96.798628, 32.782692, 137.3],
            [-96.798629, 32.782691, 137.3],
            [-96.79863, 32.782691, 137.3],
            [-96.79863, 32.78269, 137.3],
            [-96.79863, 32.78269, 137.3],
            [-96.798632, 32.782689, 137.3],
            [-96.798633, 32.782689, 137.3],
            [-96.798633, 32.782689, 137.3],
            [-96.798633, 32.782689, 137.3],
            [-96.798634, 32.782689, 137.3],
            [-96.798634, 32.782688, 137.3],
            [-96.798634, 32.782688, 137.3],
            [-96.798634, 32.782688, 137.3],
            [-96.798634, 32.782688, 137.3],
            [-96.798635, 32.782688, 137.3],
            [-96.798636, 32.782688, 137.3],
            [-96.798636, 32.782688, 137.3],
            [-96.798637, 32.782688, 137.3],
            [-96.798637, 32.782688, 137.3],
            [-96.798638, 32.782687, 137.3],
            [-96.798639, 32.782687, 137.3],
            [-96.798639, 32.782687, 137.3],
            [-96.798639, 32.782687, 137.3],
            [-96.79864, 32.782686, 137.4],
            [-96.798641, 32.782686, 137.4],
            [-96.798641, 32.782686, 137.4],
            [-96.798641, 32.782686, 137.4],
            [-96.798642, 32.782686, 137.4],
            [-96.798642, 32.782686, 137.4],
            [-96.798642, 32.782686, 137.4],
            [-96.798642, 32.782686, 137.4],
            [-96.798643, 32.782686, 137.4],
            [-96.798643, 32.782685, 137.4],
            [-96.798643, 32.782685, 137.4],
            [-96.798643, 32.782686, 137.4],
            [-96.798644, 32.782685, 137.4],
            [-96.798644, 32.782685, 137.4],
            [-96.798645, 32.782685, 137.4],
            [-96.798645, 32.782685, 137.4],
            [-96.798646, 32.782685, 137.4],
            [-96.798646, 32.782685, 137.4],
            [-96.798646, 32.782684, 137.4],
            [-96.798647, 32.782684, 137.4],
            [-96.798647, 32.782684, 137.4],
            [-96.798647, 32.782683, 137.4],
            [-96.798647, 32.782683, 137.4],
            [-96.798647, 32.782683, 137.4],
            [-96.798647, 32.782683, 137.4],
            [-96.798648, 32.782683, 137.4],
            [-96.798648, 32.782683, 137.4],
            [-96.798649, 32.782683, 137.3],
            [-96.798647, 32.782683, 137.4],
            [-96.798647, 32.782684, 137.4],
            [-96.798647, 32.782684, 137.4],
            [-96.798647, 32.782684, 137.4],
            [-96.798647, 32.782684, 137.4],
            [-96.798648, 32.782684, 137.4],
            [-96.798648, 32.782683, 137.4],
            [-96.798649, 32.782683, 137.3],
            [-96.798649, 32.782683, 137.3],
            [-96.79865, 32.782683, 137.3],
            [-96.79865, 32.782683, 137.3],
            [-96.798651, 32.782683, 137.3],
            [-96.798651, 32.782683, 137.3],
            [-96.798652, 32.782683, 137.3],
            [-96.798652, 32.782683, 137.3],
            [-96.798652, 32.782683, 137.3],
            [-96.798652, 32.782683, 137.3],
            [-96.798652, 32.782683, 137.3],
            [-96.798654, 32.782683, 137.3],
            [-96.798655, 32.782682, 137.3],
            [-96.798655, 32.782682, 137.3],
            [-96.798655, 32.782683, 137.3],
            [-96.798655, 32.782683, 137.3],
            [-96.798655, 32.782683, 137.3],
            [-96.798655, 32.782683, 137.3],
            [-96.798655, 32.782683, 137.3],
            [-96.798655, 32.782683, 137.3],
            [-96.798655, 32.782683, 137.3],
            [-96.798655, 32.782683, 137.3],
            [-96.798657, 32.782684, 137.3],
            [-96.798657, 32.782684, 137.3],
            [-96.798657, 32.782684, 137.3],
            [-96.798657, 32.782684, 137.3],
            [-96.798658, 32.782684, 137.3],
            [-96.798661, 32.782683, 137.3],
            [-96.798661, 32.782683, 137.3],
            [-96.798662, 32.782683, 137.3],
            [-96.798662, 32.782683, 137.3],
            [-96.798662, 32.782683, 137.3],
            [-96.798662, 32.782683, 137.3],
            [-96.798662, 32.782683, 137.3],
            [-96.798662, 32.782683, 137.3],
            [-96.798662, 32.782683, 137.3],
            [-96.798663, 32.782683, 137.3],
            [-96.798662, 32.782683, 137.3],
            [-96.798662, 32.782683, 137.3],
            [-96.798662, 32.782683, 137.3],
            [-96.798663, 32.782683, 137.3],
            [-96.798663, 32.782683, 137.3],
            [-96.798663, 32.782683, 137.3],
            [-96.798663, 32.782683, 137.3],
            [-96.798662, 32.782683, 137.3],
            [-96.798663, 32.782683, 137.3],
            [-96.798663, 32.782683, 137.3],
            [-96.798663, 32.782683, 137.3],
            [-96.798663, 32.782683, 137.3],
            [-96.798663, 32.782683, 137.3],
            [-96.798662, 32.782683, 137.3],
            [-96.798662, 32.782683, 137.3],
            [-96.798661, 32.782682, 137.3],
            [-96.798661, 32.782682, 137.3],
            [-96.798661, 32.782682, 137.3],
            [-96.79866, 32.782683, 137.3],
            [-96.79866, 32.782682, 137.3],
            [-96.79866, 32.782682, 137.3],
            [-96.798661, 32.782682, 137.3],
            [-96.798661, 32.782682, 137.3],
            [-96.798661, 32.782682, 137.3],
            [-96.798665, 32.782681, 137.3],
            [-96.798666, 32.782681, 137.3],
            [-96.798666, 32.782681, 137.3],
            [-96.798666, 32.782681, 137.3],
            [-96.798666, 32.782681, 137.3],
            [-96.798666, 32.782681, 137.3],
            [-96.798666, 32.782681, 137.3],
            [-96.798666, 32.782681, 137.3],
            [-96.798665, 32.782681, 137.3],
            [-96.798665, 32.782681, 137.3],
            [-96.798665, 32.782682, 137.3],
            [-96.798664, 32.782682, 137.3],
            [-96.798664, 32.782682, 137.3],
            [-96.798664, 32.782682, 137.3],
            [-96.798664, 32.782682, 137.3],
            [-96.798664, 32.782682, 137.3],
            [-96.798664, 32.782682, 137.3],
            [-96.798663, 32.782683, 137.3],
            [-96.798663, 32.782683, 137.3],
            [-96.798663, 32.782683, 137.3],
            [-96.798663, 32.782683, 137.3],
            [-96.798663, 32.782683, 137.3],
            [-96.798664, 32.782683, 137.3],
            [-96.798665, 32.782683, 137.3],
            [-96.798665, 32.782682, 137.4],
            [-96.798665, 32.782682, 137.4],
            [-96.798665, 32.782682, 137.4],
            [-96.798665, 32.782683, 137.4],
            [-96.798666, 32.782683, 137.4],
            [-96.798666, 32.782683, 137.4],
            [-96.798666, 32.782683, 137.4],
            [-96.798666, 32.782683, 137.4],
            [-96.798666, 32.782683, 137.4],
            [-96.798666, 32.782683, 137.4],
            [-96.798666, 32.782683, 137.4],
            [-96.798666, 32.782683, 137.4],
            [-96.798666, 32.782683, 137.4],
            [-96.798666, 32.782683, 137.4],
            [-96.798666, 32.782683, 137.4],
            [-96.798666, 32.782683, 137.4],
            [-96.798667, 32.782683, 137.4],
            [-96.798667, 32.782683, 137.4],
            [-96.798666, 32.782683, 137.4],
            [-96.798666, 32.782683, 137.4],
            [-96.798666, 32.782683, 137.4],
            [-96.798666, 32.782683, 137.4],
            [-96.798666, 32.782683, 137.4],
            [-96.798666, 32.782683, 137.4],
            [-96.798666, 32.782683, 137.4],
            [-96.798666, 32.782683, 137.4],
            [-96.798667, 32.782682, 137.4],
            [-96.798667, 32.782682, 137.4],
            [-96.798667, 32.782682, 137.4],
            [-96.798668, 32.782682, 137.4],
            [-96.798668, 32.782681, 137.4],
            [-96.798669, 32.782681, 137.4],
            [-96.798669, 32.782681, 137.4],
            [-96.79867, 32.782681, 137.4],
            [-96.79867, 32.782681, 137.4],
            [-96.79867, 32.782681, 137.4],
            [-96.79867, 32.782681, 137.4],
            [-96.798669, 32.782681, 137.4],
            [-96.798669, 32.782682, 137.4],
            [-96.798668, 32.782682, 137.4],
            [-96.798668, 32.782682, 137.4],
            [-96.798668, 32.782682, 137.4],
            [-96.798668, 32.782682, 137.4],
            [-96.798668, 32.782682, 137.4],
            [-96.798668, 32.782683, 137.4],
            [-96.798668, 32.782683, 137.4],
            [-96.798668, 32.782683, 137.4],
            [-96.798668, 32.782683, 137.4],
            [-96.798669, 32.782683, 137.4],
            [-96.798669, 32.782683, 137.4],
            [-96.798669, 32.782683, 137.4],
            [-96.798669, 32.782683, 137.4],
            [-96.798669, 32.782683, 137.4],
            [-96.798669, 32.782683, 137.4],
            [-96.79867, 32.782683, 137.4],
            [-96.79867, 32.782683, 137.4],
            [-96.798669, 32.782683, 137.4],
            [-96.798669, 32.782683, 137.4],
            [-96.798669, 32.782683, 137.4],
            [-96.798669, 32.782683, 137.4],
            [-96.798669, 32.782683, 137.4],
            [-96.798669, 32.782683, 137.4],
            [-96.798669, 32.782683, 137.4],
            [-96.798669, 32.782683, 137.4],
            [-96.798669, 32.782683, 137.4],
            [-96.798668, 32.782683, 137.4],
            [-96.798668, 32.782683, 137.4],
            [-96.798668, 32.782683, 137.4],
            [-96.798668, 32.782683, 137.4],
            [-96.798668, 32.782683, 137.4],
            [-96.798668, 32.782683, 137.4],
            [-96.798668, 32.782682, 137.4],
            [-96.798667, 32.782683, 137.4],
            [-96.798667, 32.782683, 137.4],
            [-96.798667, 32.782682, 137.4],
            [-96.798668, 32.782683, 137.4],
            [-96.798668, 32.782682, 137.4],
            [-96.798669, 32.782682, 137.4],
            [-96.798669, 32.782682, 137.4],
            [-96.798669, 32.782682, 137.4],
            [-96.79867, 32.782682, 137.4],
            [-96.79867, 32.782682, 137.4],
            [-96.79867, 32.782682, 137.4],
            [-96.798671, 32.782682, 137.4],
            [-96.798671, 32.782682, 137.4],
            [-96.798671, 32.782682, 137.4],
            [-96.798671, 32.782682, 137.4],
            [-96.798671, 32.782682, 137.4],
            [-96.798671, 32.782682, 137.4],
            [-96.798671, 32.782682, 137.4],
            [-96.79867, 32.782682, 137.4],
            [-96.79867, 32.782682, 137.4],
            [-96.79867, 32.782682, 137.4],
            [-96.798672, 32.782682, 137.4],
            [-96.798672, 32.782681, 137.4],
            [-96.798672, 32.782681, 137.4],
            [-96.798672, 32.782681, 137.4],
            [-96.798672, 32.782681, 137.4],
            [-96.798673, 32.78268, 137.4],
            [-96.798673, 32.78268, 137.4],
            [-96.798673, 32.78268, 137.4],
            [-96.798673, 32.78268, 137.4],
            [-96.798673, 32.78268, 137.4],
            [-96.798676, 32.782679, 137.4],
            [-96.798677, 32.782678, 137.4],
            [-96.798677, 32.782678, 137.4],
            [-96.798677, 32.782678, 137.4],
            [-96.798678, 32.782678, 137.4],
            [-96.798678, 32.782677, 137.4],
            [-96.798678, 32.782677, 137.4],
            [-96.798678, 32.782677, 137.4],
            [-96.798678, 32.782676, 137.4],
            [-96.798678, 32.782676, 137.4],
            [-96.798679, 32.782676, 137.4],
            [-96.798679, 32.782676, 137.4],
            [-96.798678, 32.782676, 137.4],
            [-96.798678, 32.782676, 137.4],
            [-96.798678, 32.782675, 137.4],
            [-96.798678, 32.782675, 137.4],
            [-96.798678, 32.782675, 137.4],
            [-96.798679, 32.782675, 137.4],
            [-96.798679, 32.782675, 137.4],
            [-96.798679, 32.782675, 137.4],
            [-96.798679, 32.782675, 137.4],
            [-96.798679, 32.782675, 137.4],
            [-96.79868, 32.782675, 137.4],
            [-96.79868, 32.782675, 137.4],
            [-96.79868, 32.782675, 137.4],
            [-96.79868, 32.782675, 137.4],
            [-96.79868, 32.782675, 137.4],
            [-96.798679, 32.782675, 137.4],
            [-96.798679, 32.782675, 137.4],
            [-96.79868, 32.782675, 137.4],
            [-96.798679, 32.782676, 137.4],
            [-96.79868, 32.782676, 137.4],
            [-96.798679, 32.782677, 137.4],
            [-96.798678, 32.782678, 137.4],
            [-96.798678, 32.782678, 137.4],
            [-96.798678, 32.782678, 137.4],
            [-96.798679, 32.782678, 137.4],
            [-96.798679, 32.782678, 137.4],
            [-96.798679, 32.782678, 137.4],
            [-96.798679, 32.782677, 137.4],
            [-96.79868, 32.782677, 137.4],
            [-96.79868, 32.782677, 137.4],
            [-96.79868, 32.782677, 137.4],
            [-96.79868, 32.782677, 137.4],
            [-96.79868, 32.782677, 137.4],
            [-96.79868, 32.782677, 137.4],
            [-96.79868, 32.782677, 137.4],
            [-96.79868, 32.782678, 137.4],
            [-96.79868, 32.782678, 137.4],
            [-96.79868, 32.782678, 137.4],
            [-96.79868, 32.782678, 137.4],
            [-96.798678, 32.782678, 137.4],
            [-96.798678, 32.782678, 137.4],
            [-96.798677, 32.782678, 137.4],
            [-96.798677, 32.782677, 137.4],
            [-96.798678, 32.782678, 137.4],
            [-96.798677, 32.782678, 137.4],
            [-96.798678, 32.782678, 137.4],
            [-96.798678, 32.782678, 137.4],
            [-96.798679, 32.782677, 137.4],
            [-96.798679, 32.782676, 137.4],
            [-96.798678, 32.782676, 137.4],
            [-96.798677, 32.782676, 137.4],
            [-96.798674, 32.782676, 137.4],
            [-96.798674, 32.782677, 137.4],
            [-96.798673, 32.782677, 137.4],
            [-96.798673, 32.782677, 137.4],
            [-96.798673, 32.782678, 137.4],
            [-96.798673, 32.782678, 137.4],
            [-96.798673, 32.782678, 137.4],
            [-96.798673, 32.782678, 137.4],
            [-96.798673, 32.782678, 137.4],
            [-96.798673, 32.782677, 137.4],
            [-96.798672, 32.782677, 137.4],
            [-96.798672, 32.782677, 137.4],
            [-96.798671, 32.782677, 137.4],
            [-96.798671, 32.782678, 137.4],
            [-96.798669, 32.782678, 137.4],
            [-96.798669, 32.782678, 137.4],
            [-96.798671, 32.782679, 137.4],
            [-96.798672, 32.782679, 137.4],
            [-96.798672, 32.78268, 137.4],
            [-96.798672, 32.782679, 137.4],
            [-96.798672, 32.782679, 137.4],
            [-96.798672, 32.78268, 137.4],
            [-96.798674, 32.782679, 137.4],
            [-96.798675, 32.782679, 137.4],
            [-96.798675, 32.782679, 137.4],
            [-96.798675, 32.782679, 137.4],
            [-96.798676, 32.782678, 137.4],
            [-96.798676, 32.782678, 137.4],
            [-96.798676, 32.782678, 137.4],
            [-96.798675, 32.782678, 137.4],
            [-96.798675, 32.782678, 137.4],
            [-96.798675, 32.782678, 137.4],
            [-96.798675, 32.782677, 137.4],
            [-96.798676, 32.782677, 137.4],
            [-96.798676, 32.782677, 137.4],
            [-96.798676, 32.782677, 137.4],
            [-96.798676, 32.782677, 137.4],
            [-96.798676, 32.782677, 137.4],
            [-96.798678, 32.782677, 137.4],
            [-96.798679, 32.782677, 137.4],
            [-96.798679, 32.782677, 137.4],
            [-96.798679, 32.782677, 137.4],
            [-96.79868, 32.782677, 137.4],
            [-96.79868, 32.782677, 137.4],
            [-96.79868, 32.782677, 137.4],
            [-96.79868, 32.782677, 137.4],
            [-96.798679, 32.782679, 137.4],
            [-96.798678, 32.782679, 137.4],
            [-96.79868, 32.782679, 137.4],
            [-96.798681, 32.782679, 137.4],
            [-96.798681, 32.782679, 137.4],
            [-96.79868, 32.782679, 137.4],
            [-96.798681, 32.782679, 137.4],
            [-96.798681, 32.782679, 137.4],
            [-96.798681, 32.78268, 137.4],
            [-96.798681, 32.78268, 137.4],
            [-96.798681, 32.78268, 137.4],
            [-96.798681, 32.78268, 137.4],
            [-96.798681, 32.78268, 137.4],
            [-96.798681, 32.78268, 137.4],
            [-96.798681, 32.78268, 137.4],
            [-96.798681, 32.78268, 137.4],
            [-96.798682, 32.78268, 137.4],
            [-96.798682, 32.78268, 137.4],
            [-96.798682, 32.78268, 137.4],
            [-96.798682, 32.78268, 137.4],
            [-96.798682, 32.78268, 137.4],
            [-96.798681, 32.78268, 137.4],
            [-96.798681, 32.78268, 137.4],
            [-96.798681, 32.78268, 137.4],
            [-96.798681, 32.78268, 137.4],
            [-96.798681, 32.78268, 137.4],
            [-96.798681, 32.782682, 137.4],
            [-96.798682, 32.782682, 137.4],
            [-96.798681, 32.782683, 137.4],
            [-96.798681, 32.782683, 137.4],
            [-96.798681, 32.782683, 137.4],
            [-96.798681, 32.782684, 137.4],
            [-96.798681, 32.782684, 137.4],
            [-96.798681, 32.782684, 137.4],
            [-96.798681, 32.782684, 137.4],
            [-96.798681, 32.782684, 137.4],
            [-96.798681, 32.782684, 137.4],
            [-96.798681, 32.782684, 137.4],
            [-96.798681, 32.782684, 137.4],
            [-96.798681, 32.782684, 137.4],
            [-96.798681, 32.782684, 137.4],
            [-96.798681, 32.782684, 137.4],
            [-96.798681, 32.782684, 137.4],
            [-96.798681, 32.782684, 137.4],
            [-96.79868, 32.782685, 137.4],
            [-96.798681, 32.782684, 137.4],
            [-96.798681, 32.782684, 137.4],
            [-96.79868, 32.782685, 137.4],
            [-96.79868, 32.782685, 137.4],
            [-96.79868, 32.782685, 137.4],
            [-96.79868, 32.782685, 137.4],
            [-96.79868, 32.782685, 137.4],
            [-96.79868, 32.782685, 137.4],
            [-96.79868, 32.782685, 137.4],
            [-96.79868, 32.782686, 137.4],
            [-96.79868, 32.782686, 137.4],
            [-96.79868, 32.782686, 137.4],
            [-96.79868, 32.782687, 137.4],
            [-96.798681, 32.782687, 137.4],
            [-96.798681, 32.782687, 137.4],
            [-96.798681, 32.782687, 137.4],
            [-96.798681, 32.782687, 137.4],
            [-96.798681, 32.782687, 137.4],
            [-96.798681, 32.782687, 137.4],
            [-96.798681, 32.782687, 137.4],
            [-96.798681, 32.782687, 137.4],
            [-96.79868, 32.782687, 137.4],
            [-96.79868, 32.782688, 137.4],
            [-96.79868, 32.782688, 137.4],
            [-96.79868, 32.782688, 137.4],
            [-96.79868, 32.782688, 137.4],
            [-96.79868, 32.782688, 137.4],
            [-96.79868, 32.782688, 137.4],
            [-96.79868, 32.782688, 137.4],
            [-96.79868, 32.782688, 137.4],
            [-96.79868, 32.782688, 137.4],
            [-96.79868, 32.782688, 137.4],
            [-96.79868, 32.782688, 137.4],
            [-96.798681, 32.782687, 137.4],
            [-96.798681, 32.782687, 137.4],
            [-96.798681, 32.782687, 137.4],
            [-96.798681, 32.782687, 137.4],
            [-96.798681, 32.782687, 137.4],
            [-96.798681, 32.782687, 137.4],
            [-96.798681, 32.782687, 137.4],
            [-96.798681, 32.782687, 137.4],
            [-96.798681, 32.782688, 137.4],
            [-96.79868, 32.782688, 137.4],
            [-96.798679, 32.782689, 137.4],
            [-96.798679, 32.782689, 137.4],
            [-96.798679, 32.782689, 137.4],
            [-96.798679, 32.782689, 137.4],
            [-96.798684, 32.78269, 137.4],
            [-96.798685, 32.782691, 137.4],
            [-96.798685, 32.782692, 137.4],
            [-96.798682, 32.782693, 137.5],
            [-96.79868, 32.782694, 137.5],
            [-96.798679, 32.782695, 137.5],
            [-96.798679, 32.782696, 137.5],
            [-96.798678, 32.782696, 137.5],
            [-96.798678, 32.782696, 137.5],
            [-96.798678, 32.782697, 137.5],
            [-96.798678, 32.782697, 137.5],
            [-96.798678, 32.782697, 137.5],
            [-96.798679, 32.782697, 137.5],
            [-96.798678, 32.782697, 137.5],
            [-96.798678, 32.782697, 137.5],
            [-96.798678, 32.782697, 137.5],
            [-96.798678, 32.782697, 137.5],
            [-96.798678, 32.782698, 137.5],
            [-96.798678, 32.782698, 137.5],
            [-96.798678, 32.782698, 137.5],
            [-96.798677, 32.782697, 137.5],
            [-96.798677, 32.782697, 137.5],
            [-96.798676, 32.782697, 137.5],
            [-96.798676, 32.782697, 137.5],
            [-96.798676, 32.782697, 137.5],
            [-96.798676, 32.782697, 137.5],
            [-96.798676, 32.782697, 137.5],
            [-96.798676, 32.782697, 137.5],
            [-96.798677, 32.782697, 137.5],
            [-96.798679, 32.782698, 137.5],
            [-96.798682, 32.782699, 137.5],
            [-96.798685, 32.782698, 137.5],
            [-96.798685, 32.782698, 137.5],
            [-96.798686, 32.782697, 137.5],
            [-96.798686, 32.782698, 137.5],
            [-96.798687, 32.782697, 137.5],
            [-96.798687, 32.782697, 137.5],
            [-96.798688, 32.782697, 137.5],
            [-96.798688, 32.782697, 137.5],
            [-96.798688, 32.782697, 137.5],
            [-96.798688, 32.782697, 137.5],
            [-96.798688, 32.782697, 137.5],
            [-96.798685, 32.782696, 137.5],
            [-96.798686, 32.782693, 137.5],
            [-96.798683, 32.782693, 137.5],
            [-96.798683, 32.782693, 137.5],
            [-96.798681, 32.782692, 137.5],
            [-96.798681, 32.782692, 137.5],
            [-96.798681, 32.782693, 137.5],
            [-96.798681, 32.782693, 137.5],
            [-96.798681, 32.782693, 137.5],
            [-96.798681, 32.782692, 137.5],
            [-96.798682, 32.782692, 137.5],
            [-96.798682, 32.782692, 137.5],
            [-96.798683, 32.782692, 137.5],
            [-96.798683, 32.782692, 137.5],
            [-96.798683, 32.782691, 137.5],
            [-96.798683, 32.782691, 137.5],
            [-96.798685, 32.782691, 137.5],
            [-96.798685, 32.78269, 137.5],
            [-96.798685, 32.78269, 137.5],
            [-96.798684, 32.78269, 137.5],
            [-96.798683, 32.78269, 137.5],
            [-96.798684, 32.782689, 137.5],
            [-96.798684, 32.78269, 137.5],
            [-96.798683, 32.78269, 137.5],
            [-96.798682, 32.78269, 137.5],
            [-96.798681, 32.782691, 137.5],
            [-96.798682, 32.78269, 137.5],
            [-96.798682, 32.78269, 137.5],
            [-96.798681, 32.782689, 137.5],
            [-96.79868, 32.782688, 137.5],
            [-96.79868, 32.782686, 137.5],
            [-96.79868, 32.782686, 137.5],
            [-96.79868, 32.782686, 137.5],
            [-96.79868, 32.782686, 137.5],
            [-96.79868, 32.782686, 137.5],
            [-96.79868, 32.782686, 137.5],
            [-96.79868, 32.782686, 137.5],
            [-96.79868, 32.782687, 137.5],
            [-96.79868, 32.782686, 137.5],
            [-96.79868, 32.782687, 137.5],
            [-96.79868, 32.782687, 137.5],
            [-96.798681, 32.782686, 137.5],
            [-96.79868, 32.782687, 137.5],
            [-96.798681, 32.782686, 137.5],
            [-96.798682, 32.782686, 137.5],
            [-96.798682, 32.782686, 137.5],
            [-96.798682, 32.782686, 137.5],
            [-96.798679, 32.782686, 137.5],
            [-96.798679, 32.782686, 137.5],
            [-96.798679, 32.782687, 137.5],
            [-96.798679, 32.782687, 137.5],
            [-96.798679, 32.782687, 137.5],
            [-96.798679, 32.782687, 137.5],
            [-96.798679, 32.782687, 137.5],
            [-96.79868, 32.782686, 137.5],
            [-96.798681, 32.782686, 137.5],
            [-96.798682, 32.782685, 137.5],
            [-96.798682, 32.782685, 137.5],
            [-96.798682, 32.782686, 137.5],
            [-96.798682, 32.782686, 137.5],
            [-96.798684, 32.782685, 137.5],
            [-96.798684, 32.782685, 137.5],
            [-96.798684, 32.782684, 137.5],
            [-96.798684, 32.782684, 137.5],
            [-96.798684, 32.782684, 137.5],
            [-96.798685, 32.782684, 137.5],
            [-96.798685, 32.782684, 137.5],
            [-96.798685, 32.782684, 137.5],
            [-96.798685, 32.782684, 137.5],
            [-96.798685, 32.782684, 137.5],
            [-96.798685, 32.782684, 137.5],
            [-96.798685, 32.782684, 137.5],
            [-96.798686, 32.782685, 137.5],
            [-96.798685, 32.782684, 137.5],
            [-96.798684, 32.782684, 137.5],
            [-96.798685, 32.782684, 137.5],
            [-96.798687, 32.782684, 137.5],
            [-96.798687, 32.782684, 137.5],
            [-96.798687, 32.782683, 137.5],
            [-96.798687, 32.782683, 137.5],
            [-96.798687, 32.782683, 137.5],
            [-96.798687, 32.782683, 137.5],
            [-96.798687, 32.782683, 137.5],
            [-96.798686, 32.782682, 137.5],
            [-96.798686, 32.782683, 137.5],
            [-96.798686, 32.782683, 137.5],
            [-96.798686, 32.782683, 137.5],
            [-96.798686, 32.782683, 137.5],
            [-96.798686, 32.782683, 137.5],
            [-96.798686, 32.782683, 137.5],
            [-96.798686, 32.782683, 137.5],
            [-96.798686, 32.782682, 137.5],
            [-96.798686, 32.782682, 137.5],
            [-96.798686, 32.782683, 137.5],
            [-96.798686, 32.782683, 137.5],
            [-96.798686, 32.782682, 137.5],
            [-96.798685, 32.782682, 137.5],
            [-96.798685, 32.782682, 137.5],
            [-96.798686, 32.782682, 137.5],
            [-96.798686, 32.782682, 137.5],
            [-96.798686, 32.782682, 137.5],
            [-96.798685, 32.782683, 137.5],
            [-96.798682, 32.782683, 137.5],
            [-96.798681, 32.782683, 137.5],
            [-96.798681, 32.782683, 137.5],
            [-96.79868, 32.782683, 137.5],
            [-96.79868, 32.782684, 137.5],
            [-96.79868, 32.782684, 137.5],
            [-96.798679, 32.782684, 137.5],
            [-96.798678, 32.782684, 137.5],
            [-96.798674, 32.782686, 137.5],
            [-96.798673, 32.782686, 137.5],
            [-96.798673, 32.782686, 137.5],
            [-96.798673, 32.782687, 137.5],
            [-96.798673, 32.782687, 137.5],
            [-96.798673, 32.782687, 137.5],
            [-96.798674, 32.782688, 137.5],
            [-96.798674, 32.782688, 137.5],
            [-96.798673, 32.782688, 137.5],
            [-96.798673, 32.782688, 137.5],
            [-96.798673, 32.782689, 137.5],
            [-96.798673, 32.782689, 137.5],
            [-96.798673, 32.782689, 137.5],
            [-96.798673, 32.782688, 137.5],
            [-96.798673, 32.782688, 137.5],
            [-96.798673, 32.782688, 137.5],
            [-96.798673, 32.782689, 137.5],
            [-96.798673, 32.782689, 137.5],
            [-96.798673, 32.782689, 137.5],
            [-96.798674, 32.782688, 137.5],
            [-96.798674, 32.782688, 137.5],
            [-96.798674, 32.782688, 137.5],
            [-96.798674, 32.782688, 137.5],
            [-96.798674, 32.782688, 137.5],
            [-96.798674, 32.782688, 137.5],
            [-96.798674, 32.782688, 137.5],
            [-96.798674, 32.782689, 137.5],
            [-96.798674, 32.782689, 137.5],
            [-96.798674, 32.782689, 137.5],
            [-96.798674, 32.782689, 137.5],
            [-96.798674, 32.782689, 137.5],
            [-96.798674, 32.782689, 137.5],
            [-96.798674, 32.782689, 137.5],
            [-96.798674, 32.782688, 137.5],
            [-96.798674, 32.782688, 137.5],
            [-96.798674, 32.782688, 137.5],
            [-96.798674, 32.782688, 137.5],
            [-96.798674, 32.782688, 137.5],
            [-96.798674, 32.782688, 137.5],
            [-96.798674, 32.782688, 137.5],
            [-96.798674, 32.782687, 137.5],
            [-96.798675, 32.782687, 137.5],
            [-96.798675, 32.782688, 137.5],
            [-96.798675, 32.782688, 137.5],
            [-96.798675, 32.782687, 137.5],
            [-96.798675, 32.782687, 137.5],
            [-96.798675, 32.782687, 137.5],
            [-96.798675, 32.782687, 137.5],
            [-96.798676, 32.782687, 137.5],
            [-96.798677, 32.782687, 137.5],
            [-96.798677, 32.782687, 137.5],
            [-96.798677, 32.782687, 137.5],
            [-96.798678, 32.782687, 137.5],
            [-96.798678, 32.782687, 137.5],
            [-96.798678, 32.782686, 137.5],
            [-96.798678, 32.782686, 137.5],
            [-96.798678, 32.782686, 137.5],
            [-96.798678, 32.782686, 137.5],
            [-96.798679, 32.782686, 137.5],
            [-96.798679, 32.782686, 137.5],
            [-96.798679, 32.782686, 137.5],
            [-96.798679, 32.782686, 137.5],
            [-96.798681, 32.782686, 137.5],
            [-96.798681, 32.782686, 137.5],
            [-96.798681, 32.782686, 137.5],
            [-96.798681, 32.782686, 137.5],
            [-96.798681, 32.782686, 137.5],
            [-96.798681, 32.782686, 137.5],
            [-96.798681, 32.782686, 137.5],
            [-96.798681, 32.782687, 137.5],
            [-96.79868, 32.782687, 137.5],
            [-96.79868, 32.782687, 137.5],
            [-96.79868, 32.782687, 137.5],
            [-96.798679, 32.782687, 137.5],
            [-96.798678, 32.782688, 137.5],
            [-96.798678, 32.782688, 137.5],
            [-96.798678, 32.782688, 137.5],
            [-96.798679, 32.782688, 137.5],
            [-96.798679, 32.782688, 137.5],
            [-96.79868, 32.782688, 137.5],
            [-96.79868, 32.782688, 137.5],
            [-96.798681, 32.782687, 137.5],
            [-96.798682, 32.782687, 137.5],
            [-96.798682, 32.782687, 137.5],
            [-96.798682, 32.782687, 137.5],
            [-96.798683, 32.782687, 137.5],
            [-96.798683, 32.782687, 137.5],
            [-96.798683, 32.782686, 137.5],
            [-96.798683, 32.782686, 137.5],
            [-96.798683, 32.782686, 137.5],
            [-96.798683, 32.782686, 137.5],
            [-96.798683, 32.782687, 137.5],
            [-96.798683, 32.782687, 137.5],
            [-96.798684, 32.782688, 137.5],
            [-96.798685, 32.782688, 137.5],
            [-96.798687, 32.782688, 137.5],
            [-96.798688, 32.782688, 137.5],
            [-96.798688, 32.782688, 137.5],
            [-96.798688, 32.782688, 137.5],
            [-96.798688, 32.782688, 137.5],
            [-96.798688, 32.782688, 137.5],
            [-96.798689, 32.782688, 137.5],
            [-96.798688, 32.782688, 137.5],
            [-96.798688, 32.782688, 137.5],
            [-96.798688, 32.782688, 137.5],
            [-96.798689, 32.782688, 137.5],
            [-96.79869, 32.782688, 137.5],
            [-96.79869, 32.782688, 137.5],
            [-96.798691, 32.782688, 137.5],
            [-96.798691, 32.782688, 137.5],
            [-96.798691, 32.782688, 137.5],
            [-96.798692, 32.782688, 137.5],
            [-96.798692, 32.782688, 137.5],
            [-96.798693, 32.782688, 137.5],
            [-96.798693, 32.782688, 137.5],
            [-96.798693, 32.782688, 137.5],
            [-96.798694, 32.782688, 137.5],
            [-96.798694, 32.782688, 137.5],
            [-96.798694, 32.782689, 137.5],
            [-96.798694, 32.782689, 137.5],
            [-96.798694, 32.782689, 137.5],
            [-96.798694, 32.782689, 137.5],
            [-96.798695, 32.782689, 137.5],
            [-96.798695, 32.782689, 137.5],
            [-96.798695, 32.782689, 137.5],
            [-96.798695, 32.782689, 137.5],
            [-96.798695, 32.782689, 137.5],
            [-96.798695, 32.782689, 137.5],
            [-96.798695, 32.78269, 137.5],
            [-96.798695, 32.78269, 137.5],
            [-96.798695, 32.78269, 137.5],
            [-96.798694, 32.782689, 137.5],
            [-96.798694, 32.782689, 137.5],
            [-96.798694, 32.782689, 137.5],
            [-96.798694, 32.782689, 137.5],
            [-96.798694, 32.782689, 137.5],
            [-96.798693, 32.782689, 137.5],
            [-96.798692, 32.782689, 137.5],
            [-96.798692, 32.782688, 137.5],
            [-96.798691, 32.782688, 137.5],
            [-96.79869, 32.782688, 137.5],
            [-96.798689, 32.782689, 137.5],
            [-96.798691, 32.782688, 137.5],
            [-96.798691, 32.782688, 137.5],
            [-96.798691, 32.782688, 137.5],
            [-96.798691, 32.782688, 137.5],
            [-96.798691, 32.782688, 137.5],
            [-96.798691, 32.782688, 137.5],
            [-96.798691, 32.782688, 137.5],
            [-96.798692, 32.782687, 137.5],
            [-96.798692, 32.782687, 137.5],
            [-96.798691, 32.782688, 137.5],
            [-96.798691, 32.782688, 137.5],
            [-96.798692, 32.782688, 137.5],
            [-96.798692, 32.782688, 137.5],
            [-96.798692, 32.782688, 137.5],
            [-96.798692, 32.782688, 137.5],
            [-96.798692, 32.782688, 137.5],
            [-96.798692, 32.782688, 137.5],
            [-96.798693, 32.782688, 137.5],
            [-96.798693, 32.782688, 137.5],
            [-96.798693, 32.782688, 137.5],
            [-96.798693, 32.782688, 137.5],
            [-96.798692, 32.782688, 137.5],
            [-96.798692, 32.782688, 137.5],
            [-96.798693, 32.782688, 137.5],
            [-96.798693, 32.782688, 137.5],
            [-96.798693, 32.782688, 137.5],
            [-96.798696, 32.782686, 137.5],
            [-96.798698, 32.782684, 137.5],
            [-96.798701, 32.782683, 137.5],
            [-96.798705, 32.782684, 137.5],
            [-96.798709, 32.782684, 137.5],
            [-96.79871, 32.782683, 137.5],
            [-96.798714, 32.78268, 137.5],
            [-96.798715, 32.782676, 137.5],
            [-96.79872, 32.782673, 137.5],
            [-96.798726, 32.78267, 137.5],
            [-96.798736, 32.782667, 137.5],
            [-96.798747, 32.782662, 137.5],
            [-96.798764, 32.78266, 137.5],
            [-96.798769, 32.782662, 137.5],
            [-96.798775, 32.782664, 137.5],
            [-96.798781, 32.782665, 137.5],
            [-96.798787, 32.782667, 137.5],
            [-96.798792, 32.782669, 137.5],
            [-96.798798, 32.782671, 137.5],
            [-96.798839, 32.782679, 137.5],
            [-96.79888, 32.782689, 137.5],
            [-96.798891, 32.782691, 137.5],
            [-96.798877, 32.782692, 137.5],
            [-96.798854, 32.78269, 137.5],
            [-96.798832, 32.782688, 137.5],
            [-96.798809, 32.782686, 137.5],
            [-96.798814, 32.7827, 137.6],
            [-96.798818, 32.782705, 137.6],
            [-96.798816, 32.78271, 137.6],
            [-96.798814, 32.782714, 137.6],
            [-96.798812, 32.782717, 137.6],
            [-96.798816, 32.78274, 137.6],
            [-96.798822, 32.782745, 137.6],
            [-96.798838, 32.782747, 137.6],
            [-96.79885, 32.782746, 137.6],
            [-96.798862, 32.782744, 137.6],
            [-96.798874, 32.782743, 137.6],
            [-96.79889, 32.78274, 137.6],
            [-96.7989, 32.782739, 137.6],
            [-96.798907, 32.782738, 137.6],
            [-96.79891, 32.782738, 137.6],
            [-96.798926, 32.782754, 137.6],
            [-96.798934, 32.782758, 137.6],
            [-96.798938, 32.782751, 137.6],
            [-96.798937, 32.782741, 137.6],
            [-96.798936, 32.782731, 137.6],
            [-96.798935, 32.782721, 137.5],
            [-96.798935, 32.782707, 137.5],
            [-96.798935, 32.782697, 137.5],
            [-96.798936, 32.78269, 137.4],
            [-96.798937, 32.782686, 137.4],
            [-96.798932, 32.782716, 137.5],
            [-96.798934, 32.782722, 137.5],
            [-96.798922, 32.782733, 137.6],
            [-96.798909, 32.78274, 137.6],
            [-96.798896, 32.782746, 137.6],
            [-96.798883, 32.782753, 137.6],
            [-96.798865, 32.782761, 137.6],
            [-96.798849, 32.782768, 137.7],
            [-96.798833, 32.782775, 137.7],
            [-96.798821, 32.78278, 137.7],
            [-96.798842, 32.782744, 137.6],
            [-96.79885, 32.782732, 137.6],
            [-96.798864, 32.782749, 137.6],
            [-96.798874, 32.782775, 137.7],
            [-96.798883, 32.7828, 137.7],
            [-96.798893, 32.782826, 137.8],
            [-96.798902, 32.782852, 137.8],
            [-96.798906, 32.782866, 137.8],
            [-96.798909, 32.782875, 137.9],
            [-96.798911, 32.78288, 137.9],
            [-96.798858, 32.782844, 137.8],
            [-96.79883, 32.782826, 137.8],
            [-96.798823, 32.78282, 137.8],
            [-96.798812, 32.782812, 137.8],
            [-96.798806, 32.782807, 137.8],
            [-96.798808, 32.782851, 137.9],
            [-96.798809, 32.782908, 137.9],
            [-96.798747, 32.782857, 137.9],
            [-96.798684, 32.782783, 137.7],
            [-96.798621, 32.782708, 137.7],
            [-96.798591, 32.782674, 137.7],
            [-96.798583, 32.782665, 137.7],
            [-96.79858, 32.782659, 137.7],
            [-96.798586, 32.782656, 137.6],
            [-96.798594, 32.782655, 137.6],
            [-96.798603, 32.782654, 137.6],
            [-96.798616, 32.782655, 137.6],
            [-96.798636, 32.782658, 137.6],
            [-96.798648, 32.782659, 137.6],
            [-96.79866, 32.782661, 137.6],
            [-96.798672, 32.782662, 137.6],
            [-96.798684, 32.782664, 137.6],
            [-96.79872, 32.782668, 137.6],
            [-96.798729, 32.782669, 137.6],
            [-96.798742, 32.78267, 137.5],
            [-96.798752, 32.782671, 137.5],
            [-96.798762, 32.782672, 137.5],
            [-96.798766, 32.782672, 137.5],
            [-96.79877, 32.782672, 137.5],
            [-96.798772, 32.782672, 137.5],
            [-96.798773, 32.782671, 137.5],
            [-96.798773, 32.782671, 137.5],
            [-96.798774, 32.782697, 137.6],
            [-96.798774, 32.782733, 137.7],
            [-96.798775, 32.782748, 137.7],
            [-96.798775, 32.782761, 137.7],
            [-96.798774, 32.782771, 137.7],
            [-96.798773, 32.782779, 137.7],
            [-96.79876, 32.782734, 137.7],
            [-96.798753, 32.782714, 137.6],
            [-96.798749, 32.782703, 137.6],
            [-96.798755, 32.782715, 137.6],
            [-96.798749, 32.782714, 137.6],
            [-96.798743, 32.782714, 137.6],
            [-96.798737, 32.782714, 137.6],
            [-96.79873, 32.782713, 137.6],
            [-96.798724, 32.782713, 137.6],
            [-96.798718, 32.782713, 137.7],
            [-96.798712, 32.782712, 137.7],
            [-96.798706, 32.782712, 137.7],
            [-96.79869, 32.782718, 137.7],
            [-96.798678, 32.782728, 137.7],
            [-96.798664, 32.782763, 137.7],
            [-96.798665, 32.782784, 137.8],
            [-96.79864, 32.782788, 137.8],
            [-96.79863, 32.782787, 137.8],
            [-96.798619, 32.782787, 137.8],
            [-96.798602, 32.782786, 137.8],
            [-96.798582, 32.782785, 137.9],
            [-96.798564, 32.782786, 137.9],
            [-96.798547, 32.782788, 137.9],
            [-96.798529, 32.782792, 137.9],
            [-96.798518, 32.782799, 137.9],
            [-96.798516, 32.782806, 137.9],
            [-96.798527, 32.782809, 137.9],
            [-96.798541, 32.782814, 138],
            [-96.798553, 32.782823, 138],
            [-96.798561, 32.782835, 138],
            [-96.798558, 32.782843, 138],
            [-96.798556, 32.782854, 138],
            [-96.798553, 32.782876, 138.1],
            [-96.79855, 32.782885, 138.1],
            [-96.798547, 32.782894, 138.1],
            [-96.798528, 32.782904, 138.1],
            [-96.798512, 32.782912, 138.1],
            [-96.798499, 32.782922, 138.1],
            [-96.798487, 32.782932, 138.2],
            [-96.798475, 32.782941, 138.2],
            [-96.79845, 32.782944, 138.2],
            [-96.798437, 32.782952, 138.2],
            [-96.798433, 32.782963, 138.2],
            [-96.798428, 32.782975, 138.2],
            [-96.79842, 32.782985, 138.3],
            [-96.798415, 32.783003, 138.3],
            [-96.798408, 32.783014, 138.3],
            [-96.7984, 32.783022, 138.3],
            [-96.798394, 32.783029, 138.3],
            [-96.798388, 32.783035, 138.3],
            [-96.798379, 32.783048, 138.3],
            [-96.798372, 32.783059, 138.4],
            [-96.798366, 32.783068, 138.4],
            [-96.798361, 32.783076, 138.4],
            [-96.798359, 32.783082, 138.4],
            [-96.798356, 32.783093, 138.4],
            [-96.798358, 32.783099, 138.4],
            [-96.798362, 32.783105, 138.4],
            [-96.798367, 32.783111, 138.4],
            [-96.798372, 32.783117, 138.4],
            [-96.798381, 32.783124, 138.4],
            [-96.798388, 32.783132, 138.4],
            [-96.798397, 32.783139, 138.4],
            [-96.798404, 32.783147, 138.4],
            [-96.798409, 32.783154, 138.4],
            [-96.798409, 32.783161, 138.4],
            [-96.798408, 32.783165, 138.4],
            [-96.798406, 32.783161, 138.4],
            [-96.798405, 32.783162, 138.4],
            [-96.798405, 32.783164, 138.4],
            [-96.798404, 32.783167, 138.4],
            [-96.798405, 32.783171, 138.4],
            [-96.798416, 32.783177, 138.4],
            [-96.798433, 32.783189, 138.4],
            [-96.798455, 32.78321, 138.4],
            [-96.798463, 32.783217, 138.4],
            [-96.798486, 32.78324, 138.4],
            [-96.798492, 32.783246, 138.4],
            [-96.798504, 32.783257, 138.4],
            [-96.798515, 32.783267, 138.4],
            [-96.798536, 32.783281, 138.4],
            [-96.798543, 32.783286, 138.4],
            [-96.798551, 32.783291, 138.4],
            [-96.798571, 32.783303, 138.5],
            [-96.798583, 32.783314, 138.5],
            [-96.798597, 32.783325, 138.5],
            [-96.798611, 32.783337, 138.5],
            [-96.798624, 32.783344, 138.5],
            [-96.798638, 32.783352, 138.5],
            [-96.798647, 32.783363, 138.5],
            [-96.79866, 32.783373, 138.5],
            [-96.798673, 32.783382, 138.6],
            [-96.798686, 32.783392, 138.6],
            [-96.798702, 32.783407, 138.6],
            [-96.798708, 32.783414, 138.6],
            [-96.798715, 32.78342, 138.6],
            [-96.798732, 32.783435, 138.6],
            [-96.798738, 32.783441, 138.6],
            [-96.798744, 32.783448, 138.6],
            [-96.798753, 32.783456, 138.6],
            [-96.798753, 32.783457, 138.6],
            [-96.798754, 32.783457, 138.6],
            [-96.798754, 32.783457, 138.6],
            [-96.798755, 32.783457, 138.6],
            [-96.798756, 32.783458, 138.6],
            [-96.798756, 32.783458, 138.6],
            [-96.798757, 32.783458, 138.6],
            [-96.798757, 32.783458, 138.6],
            [-96.798758, 32.783459, 138.6],
            [-96.798758, 32.783459, 138.6],
            [-96.798759, 32.783459, 138.6],
            [-96.79876, 32.783459, 138.6],
            [-96.79876, 32.78346, 138.6],
            [-96.798761, 32.78346, 138.6],
            [-96.798761, 32.78346, 138.6],
            [-96.798762, 32.783461, 138.6],
            [-96.798763, 32.783461, 138.6],
            [-96.798763, 32.783461, 138.6],
            [-96.798764, 32.783461, 138.6],
            [-96.798764, 32.783462, 138.6],
            [-96.798765, 32.783462, 138.6],
            [-96.798766, 32.783462, 138.6],
            [-96.798766, 32.783462, 138.6],
            [-96.798767, 32.783463, 138.6],
            [-96.798767, 32.783463, 138.6],
            [-96.798768, 32.783463, 138.6],
            [-96.798768, 32.783464, 138.6],
            [-96.798769, 32.783464, 138.6],
            [-96.79877, 32.783464, 138.6],
            [-96.79877, 32.783464, 138.6],
            [-96.798771, 32.783465, 138.6],
            [-96.798771, 32.783465, 138.6],
            [-96.798772, 32.783465, 138.6],
            [-96.798773, 32.783465, 138.6],
            [-96.798773, 32.783466, 138.6],
            [-96.798774, 32.783466, 138.7],
            [-96.798774, 32.783466, 138.7],
            [-96.798775, 32.783466, 138.7],
            [-96.798776, 32.783467, 138.7],
            [-96.798776, 32.783467, 138.7],
            [-96.798777, 32.783467, 138.7],
            [-96.798777, 32.783468, 138.7],
            [-96.798778, 32.783468, 138.7],
            [-96.798779, 32.783468, 138.7],
            [-96.798779, 32.783468, 138.7],
            [-96.79878, 32.783469, 138.7],
            [-96.79878, 32.783469, 138.7],
            [-96.798781, 32.783469, 138.7],
            [-96.798781, 32.783469, 138.7],
            [-96.798782, 32.78347, 138.7],
            [-96.798783, 32.78347, 138.7],
            [-96.798783, 32.78347, 138.7],
            [-96.798784, 32.78347, 138.7],
            [-96.798784, 32.783471, 138.7],
            [-96.798785, 32.783471, 138.7],
            [-96.79881, 32.783496, 138.7],
            [-96.798817, 32.7835, 138.7],
            [-96.798838, 32.783514, 138.7],
            [-96.798847, 32.78352, 138.7],
            [-96.798855, 32.783527, 138.7],
            [-96.798868, 32.78354, 138.7],
            [-96.798879, 32.783553, 138.7],
            [-96.798896, 32.78357, 138.7],
            [-96.798905, 32.783576, 138.8],
            [-96.798913, 32.783582, 138.8],
            [-96.798925, 32.783593, 138.8],
            [-96.798937, 32.783603, 138.8],
            [-96.798952, 32.783615, 138.8],
            [-96.798967, 32.783629, 138.8],
            [-96.798981, 32.783641, 138.8],
            [-96.798992, 32.783651, 138.8],
            [-96.799001, 32.783662, 138.8],
            [-96.799008, 32.783671, 138.8],
            [-96.799011, 32.783677, 138.8],
            [-96.799007, 32.783685, 138.8],
            [-96.798994, 32.783689, 138.8],
            [-96.798988, 32.783693, 138.8],
            [-96.798986, 32.783695, 138.8],
            [-96.79898, 32.783698, 138.9],
            [-96.798976, 32.783699, 138.9],
            [-96.798973, 32.783701, 138.9],
            [-96.79897, 32.783703, 138.9],
            [-96.798967, 32.783704, 138.9],
            [-96.798963, 32.783706, 138.9],
            [-96.79896, 32.783707, 138.9],
            [-96.798957, 32.783709, 138.9],
            [-96.798954, 32.783711, 138.9],
            [-96.79895, 32.783712, 138.9],
            [-96.798947, 32.783714, 138.9],
            [-96.798924, 32.783737, 138.9],
            [-96.798916, 32.783744, 138.9],
            [-96.798894, 32.783766, 138.9],
            [-96.798885, 32.783773, 138.9],
            [-96.798857, 32.783797, 138.9],
            [-96.798847, 32.783804, 138.9],
            [-96.798821, 32.783823, 139],
            [-96.798812, 32.783828, 139],
            [-96.798798, 32.783838, 139],
            [-96.798778, 32.783849, 139.1],
            [-96.79876, 32.783861, 139.1],
            [-96.798745, 32.783872, 139.1],
            [-96.798729, 32.783884, 139.2],
            [-96.798713, 32.783897, 139.2],
            [-96.798701, 32.783908, 139.2],
            [-96.798685, 32.783919, 139.2],
            [-96.798669, 32.783928, 139.3],
            [-96.798651, 32.783937, 139.3],
            [-96.798635, 32.783947, 139.3],
            [-96.798619, 32.783956, 139.4],
            [-96.798602, 32.783968, 139.4],
            [-96.798586, 32.783978, 139.4],
            [-96.798561, 32.783998, 139.5],
            [-96.798552, 32.784005, 139.5],
            [-96.798527, 32.784025, 139.5],
            [-96.798517, 32.784032, 139.5],
            [-96.798499, 32.784041, 139.6],
            [-96.798484, 32.784049, 139.6],
            [-96.798471, 32.784058, 139.6],
            [-96.798458, 32.784068, 139.7],
            [-96.79845, 32.784075, 139.7],
            [-96.798439, 32.784084, 139.7],
            [-96.798432, 32.784091, 139.7],
            [-96.798423, 32.7841, 139.7],
            [-96.798412, 32.784108, 139.7],
            [-96.798401, 32.784116, 139.8],
            [-96.79839, 32.784122, 139.8],
            [-96.798379, 32.784129, 139.8],
            [-96.798368, 32.784138, 139.8],
            [-96.798352, 32.784154, 139.9],
            [-96.798345, 32.784161, 139.9],
            [-96.798339, 32.784167, 139.9],
            [-96.798324, 32.78418, 139.9],
            [-96.79832, 32.784185, 139.9],
            [-96.798315, 32.784191, 139.9],
            [-96.798311, 32.784196, 140],
            [-96.798303, 32.784208, 140],
            [-96.798296, 32.784225, 140],
            [-96.798288, 32.784242, 140],
            [-96.798278, 32.784255, 140.1],
            [-96.798257, 32.784269, 140.1],
            [-96.798251, 32.784275, 140.1],
            [-96.798244, 32.78428, 140.1],
            [-96.798237, 32.784287, 140.1],
            [-96.798233, 32.784295, 140.2],
            [-96.798234, 32.784302, 140.2],
            [-96.798238, 32.784301, 140.2],
            [-96.798241, 32.784296, 140.2],
            [-96.798242, 32.784291, 140.2],
            [-96.798242, 32.78429, 140.2],
            [-96.798242, 32.784289, 140.2],
            [-96.798239, 32.784285, 140.2],
            [-96.798239, 32.784284, 140.2],
            [-96.798241, 32.784283, 140.2],
            [-96.798243, 32.784282, 140.2],
            [-96.798243, 32.784283, 140.2],
            [-96.798242, 32.784283, 140.2],
            [-96.798242, 32.784284, 140.2],
            [-96.798241, 32.784281, 140.2],
            [-96.79824, 32.78428, 140.2],
            [-96.79824, 32.78428, 140.2],
            [-96.798241, 32.784279, 140.2],
            [-96.798243, 32.78428, 140.2],
            [-96.798247, 32.784277, 140.2],
            [-96.79825, 32.784277, 140.2],
            [-96.798248, 32.784284, 140.2],
            [-96.798234, 32.784299, 140.2],
            [-96.798219, 32.784306, 140.2],
            [-96.798198, 32.784302, 140.2],
            [-96.798183, 32.784298, 140.2],
            [-96.798176, 32.784295, 140.2],
            [-96.798169, 32.784291, 140.2],
            [-96.798166, 32.784287, 140.2],
            [-96.798163, 32.784281, 140.2],
            [-96.798157, 32.784275, 140.2],
            [-96.798153, 32.784292, 140.2],
            [-96.798155, 32.784307, 140.2],
            [-96.798156, 32.784323, 140.2],
            [-96.798169, 32.784362, 140.3],
            [-96.798197, 32.784405, 140.2],
            [-96.798222, 32.784437, 140.1],
            [-96.798236, 32.784451, 140.1],
            [-96.798245, 32.784463, 140.1],
            [-96.798258, 32.784482, 140],
            [-96.798263, 32.78449, 140],
            [-96.798267, 32.784497, 140],
            [-96.798271, 32.784508, 140],
            [-96.798276, 32.784513, 140],
            [-96.798279, 32.784514, 140],
            [-96.798275, 32.784512, 140],
            [-96.798269, 32.784511, 140],
            [-96.798264, 32.784513, 140],
            [-96.79826, 32.784515, 140],
            [-96.798258, 32.784517, 140],
            [-96.798258, 32.784519, 140],
            [-96.798256, 32.784521, 140],
            [-96.798255, 32.784522, 140],
            [-96.798254, 32.784523, 140],
            [-96.798252, 32.784526, 140],
            [-96.798251, 32.784529, 140],
            [-96.798249, 32.78453, 140],
            [-96.798248, 32.784531, 140],
            [-96.798248, 32.784533, 140],
            [-96.798249, 32.784533, 140],
            [-96.79825, 32.784533, 140],
            [-96.798252, 32.784534, 140],
            [-96.798252, 32.784534, 140],
            [-96.798252, 32.784532, 140],
            [-96.798253, 32.784532, 140],
            [-96.798255, 32.784532, 140],
            [-96.798254, 32.784535, 140],
            [-96.798252, 32.784543, 140],
            [-96.798249, 32.78455, 140],
            [-96.798248, 32.784554, 140],
            [-96.798246, 32.784555, 140],
            [-96.798245, 32.784555, 140],
            [-96.798243, 32.784553, 140],
            [-96.798242, 32.784551, 140],
            [-96.79824, 32.784547, 140],
            [-96.798239, 32.784546, 140],
            [-96.798239, 32.784545, 140],
            [-96.798239, 32.784543, 140],
            [-96.798237, 32.784543, 140],
            [-96.798249, 32.784527, 140],
            [-96.798263, 32.784519, 140.1],
            [-96.798253, 32.784532, 140.1],
            [-96.798254, 32.784534, 140.1],
            [-96.79826, 32.784533, 140.1],
            [-96.798267, 32.784536, 140.1],
            [-96.798275, 32.784545, 140.1],
            [-96.798307, 32.784567, 140.1],
            [-96.798321, 32.784573, 140.1],
            [-96.798345, 32.784586, 140.1],
            [-96.798347, 32.78459, 140.1],
            [-96.79835, 32.784595, 140.1],
            [-96.798353, 32.784599, 140.1],
            [-96.798378, 32.78462, 140.2],
            [-96.798386, 32.784627, 140.2],
            [-96.798397, 32.784638, 140.2],
            [-96.798407, 32.784647, 140.2],
            [-96.798416, 32.784653, 140.2],
            [-96.798427, 32.784654, 140.2],
            [-96.798438, 32.784653, 140.2],
            [-96.798443, 32.784654, 140.2],
            [-96.798439, 32.784658, 140.2],
            [-96.79842, 32.784664, 140.2],
            [-96.798414, 32.784668, 140.2],
            [-96.798413, 32.78467, 140.2],
            [-96.798413, 32.784673, 140.2],
            [-96.798414, 32.784674, 140.2],
            [-96.798415, 32.784676, 140.2],
            [-96.798418, 32.784681, 140.2],
            [-96.798424, 32.784688, 140.2],
            [-96.798427, 32.784692, 140.2],
            [-96.798429, 32.784695, 140.2],
            [-96.798432, 32.784699, 140.2],
            [-96.798434, 32.784702, 140.2],
            [-96.798437, 32.784705, 140.2],
            [-96.798439, 32.784709, 140.2],
            [-96.798442, 32.784712, 140.2],
            [-96.798444, 32.784716, 140.3],
            [-96.798447, 32.784719, 140.3],
            [-96.798457, 32.784734, 140.3],
            [-96.798465, 32.784746, 140.3],
            [-96.798467, 32.784749, 140.3],
            [-96.798469, 32.78475, 140.3],
            [-96.798469, 32.784751, 140.3],
            [-96.798455, 32.784723, 140.3],
            [-96.798459, 32.784726, 140.3],
            [-96.798463, 32.784729, 140.3],
            [-96.798468, 32.784733, 140.3],
            [-96.798479, 32.784742, 140.3],
            [-96.798496, 32.784756, 140.4],
            [-96.798525, 32.784778, 140.4],
            [-96.798534, 32.784784, 140.4],
            [-96.798561, 32.784801, 140.4],
            [-96.798571, 32.784807, 140.4],
            [-96.798608, 32.78483, 140.4],
            [-96.798622, 32.784838, 140.4],
            [-96.798651, 32.78486, 140.4],
            [-96.798658, 32.784865, 140.4],
            [-96.798666, 32.784879, 140.4],
            [-96.798669, 32.784885, 140.4],
            [-96.798671, 32.784891, 140.4],
            [-96.798674, 32.784897, 140.4],
            [-96.798676, 32.784903, 140.3],
            [-96.798686, 32.784914, 140.3],
            [-96.798697, 32.784931, 140.3],
            [-96.798717, 32.784957, 140.3],
            [-96.798725, 32.784964, 140.3],
            [-96.798737, 32.784977, 140.3],
            [-96.798751, 32.784989, 140.3],
            [-96.798763, 32.785001, 140.3],
            [-96.798775, 32.785013, 140.3],
            [-96.798785, 32.785023, 140.3],
            [-96.798795, 32.785034, 140.3],
            [-96.798815, 32.78505, 140.3],
            [-96.798823, 32.785056, 140.3],
            [-96.798832, 32.785063, 140.3],
            [-96.798846, 32.785076, 140.3],
            [-96.79886, 32.785089, 140.3],
            [-96.798875, 32.785103, 140.3],
            [-96.798887, 32.785114, 140.3],
            [-96.798898, 32.785123, 140.3],
            [-96.798918, 32.785138, 140.3],
            [-96.79893, 32.785147, 140.3],
            [-96.798939, 32.785153, 140.3],
            [-96.798948, 32.78516, 140.3],
            [-96.798956, 32.785168, 140.3],
            [-96.798966, 32.785177, 140.4],
            [-96.798974, 32.785183, 140.4],
            [-96.798982, 32.785189, 140.4],
            [-96.798991, 32.785198, 140.4],
            [-96.799001, 32.785206, 140.4],
            [-96.79902, 32.78522, 140.4],
            [-96.799029, 32.785226, 140.4],
            [-96.799038, 32.785233, 140.4],
            [-96.799064, 32.785254, 140.4],
            [-96.799094, 32.785277, 140.5],
            [-96.799103, 32.785282, 140.5],
            [-96.799121, 32.785296, 140.5],
            [-96.799128, 32.785301, 140.5],
            [-96.799135, 32.785307, 140.5],
            [-96.799153, 32.785321, 140.5],
            [-96.799159, 32.785327, 140.5],
            [-96.799166, 32.785333, 140.5],
            [-96.799177, 32.785343, 140.5],
            [-96.799185, 32.78535, 140.5],
            [-96.799194, 32.785357, 140.5],
            [-96.799206, 32.785365, 140.5],
            [-96.799221, 32.785376, 140.5],
            [-96.799257, 32.785404, 140.5],
            [-96.799284, 32.785426, 140.6],
            [-96.799292, 32.785432, 140.6],
            [-96.799305, 32.785445, 140.6],
            [-96.799317, 32.785457, 140.6],
            [-96.799329, 32.785468, 140.6],
            [-96.799342, 32.785479, 140.6],
            [-96.799358, 32.785492, 140.6],
            [-96.799369, 32.7855, 140.6],
            [-96.799389, 32.785516, 140.7],
            [-96.799397, 32.785523, 140.7],
            [-96.799405, 32.785529, 140.7],
            [-96.799426, 32.785547, 140.7],
            [-96.799436, 32.785556, 140.7],
            [-96.799455, 32.78557, 140.7],
            [-96.799462, 32.785575, 140.7],
            [-96.79947, 32.785581, 140.7],
            [-96.799492, 32.785592, 140.8],
            [-96.799501, 32.785596, 140.8],
            [-96.79951, 32.7856, 140.8],
            [-96.799521, 32.785608, 140.8],
            [-96.799534, 32.785619, 140.8],
            [-96.799545, 32.785626, 140.8],
            [-96.799556, 32.785632, 140.8],
            [-96.79957, 32.785639, 140.8],
            [-96.799579, 32.785645, 140.8],
            [-96.799597, 32.785664, 140.9],
            [-96.79961, 32.785676, 140.9],
            [-96.799624, 32.785687, 140.9],
            [-96.799635, 32.785691, 140.9],
            [-96.799648, 32.7857, 140.9],
            [-96.79966, 32.785704, 140.9],
            [-96.799678, 32.785717, 140.9],
            [-96.799686, 32.785724, 140.9],
            [-96.799694, 32.785732, 140.9],
            [-96.79971, 32.785747, 140.9],
            [-96.799717, 32.785755, 140.9],
            [-96.799724, 32.785763, 140.9],
            [-96.799732, 32.785772, 140.9],
            [-96.79974, 32.785781, 140.9],
            [-96.799749, 32.785788, 140.9],
            [-96.799768, 32.7858, 140.9],
            [-96.799774, 32.785811, 140.9],
            [-96.79978, 32.78582, 140.9],
            [-96.799788, 32.785829, 140.9],
            [-96.799797, 32.785837, 140.9],
            [-96.79981, 32.785851, 140.9],
            [-96.799822, 32.785862, 140.9],
            [-96.799838, 32.785877, 140.9],
            [-96.799844, 32.785883, 140.9],
            [-96.79985, 32.785889, 140.9],
            [-96.799875, 32.785913, 140.9],
            [-96.799891, 32.785929, 140.9],
            [-96.79991, 32.78594, 140.9],
            [-96.79991, 32.78594, 140.9],
            [-96.79992, 32.785945, 140.9],
            [-96.79994, 32.785962, 140.9],
            [-96.799949, 32.78597, 140.9],
            [-96.799957, 32.785977, 140.9],
            [-96.799981, 32.786002, 140.9],
            [-96.799995, 32.78602, 140.8],
            [-96.800004, 32.786026, 140.8],
            [-96.800011, 32.786032, 140.8],
            [-96.800017, 32.786039, 140.8],
            [-96.800028, 32.786043, 140.8],
            [-96.800048, 32.786057, 140.8],
            [-96.800059, 32.786064, 140.8],
            [-96.800069, 32.786072, 140.8],
            [-96.800083, 32.78608, 140.8],
            [-96.800097, 32.786088, 140.8],
            [-96.800115, 32.786105, 140.8],
            [-96.800122, 32.786111, 140.8],
            [-96.800128, 32.786118, 140.8],
            [-96.800136, 32.786126, 140.8],
            [-96.800145, 32.786135, 140.8],
            [-96.800152, 32.786145, 140.7],
            [-96.800162, 32.786157, 140.7],
            [-96.80017, 32.78617, 140.7],
            [-96.800179, 32.786184, 140.6],
            [-96.800184, 32.786198, 140.6],
            [-96.800185, 32.786213, 140.5],
            [-96.800181, 32.786227, 140.5],
            [-96.800172, 32.786241, 140.5],
            [-96.800161, 32.786253, 140.4],
            [-96.800146, 32.786283, 140.4],
            [-96.800141, 32.786292, 140.4],
            [-96.800123, 32.786316, 140.5],
            [-96.800117, 32.786323, 140.5],
            [-96.800112, 32.786341, 140.5],
            [-96.800107, 32.786358, 140.5],
            [-96.800101, 32.786373, 140.6],
            [-96.800098, 32.786386, 140.6],
            [-96.800098, 32.786395, 140.6],
            [-96.800097, 32.786406, 140.6],
            [-96.800093, 32.786415, 140.6],
            [-96.800085, 32.786422, 140.6],
            [-96.800071, 32.786428, 140.7],
            [-96.800057, 32.786434, 140.7],
            [-96.800033, 32.786441, 140.7],
            [-96.800025, 32.786447, 140.8],
            [-96.800016, 32.786452, 140.8],
            [-96.799994, 32.786467, 140.8],
            [-96.799984, 32.786475, 140.8],
            [-96.799974, 32.786483, 140.9],
            [-96.799967, 32.786493, 140.9],
            [-96.799963, 32.786501, 140.9],
            [-96.799962, 32.78651, 140.9],
            [-96.799962, 32.786519, 140.9],
            [-96.799965, 32.786529, 141],
            [-96.799972, 32.786538, 141],
            [-96.799981, 32.786548, 141],
            [-96.79999, 32.786557, 141],
            [-96.799992, 32.786562, 141],
            [-96.79999, 32.786558, 141],
            [-96.799992, 32.78656, 141.1],
            [-96.799989, 32.786562, 141.1],
            [-96.799983, 32.786564, 141.1],
            [-96.799973, 32.786567, 141.1],
            [-96.79996, 32.786562, 141.1],
            [-96.799949, 32.786564, 141.1],
            [-96.79993, 32.786578, 141.2],
            [-96.799923, 32.786584, 141.2],
            [-96.799915, 32.786589, 141.2],
            [-96.799902, 32.786607, 141.2],
            [-96.799898, 32.786615, 141.3],
            [-96.799893, 32.786622, 141.3],
            [-96.799881, 32.786639, 141.3],
            [-96.799876, 32.786646, 141.3],
            [-96.799872, 32.786654, 141.4],
            [-96.799864, 32.786674, 141.2],
            [-96.799863, 32.786683, 141.1],
            [-96.799862, 32.786692, 141],
            [-96.799869, 32.786703, 141],
            [-96.799876, 32.786708, 141],
            [-96.799884, 32.786716, 140.9],
            [-96.799891, 32.78672, 140.9],
            [-96.799896, 32.786724, 140.9],
            [-96.799901, 32.786728, 140.9],
            [-96.799902, 32.786729, 140.9],
            [-96.7999, 32.78673, 140.9],
            [-96.799897, 32.786728, 140.9],
            [-96.799895, 32.786727, 140.8],
            [-96.799896, 32.786726, 140.8],
            [-96.799897, 32.786726, 140.8],
            [-96.799898, 32.786726, 140.8],
            [-96.799899, 32.786726, 140.8],
            [-96.7999, 32.786725, 140.8],
            [-96.799901, 32.786726, 140.8],
            [-96.7999, 32.786727, 140.8],
            [-96.799901, 32.786728, 140.8],
            [-96.799909, 32.786734, 140.8],
            [-96.799934, 32.786751, 140.7],
            [-96.799944, 32.786757, 140.7],
            [-96.799959, 32.786769, 140.6],
            [-96.799973, 32.786781, 140.6],
            [-96.799988, 32.786795, 140.5],
            [-96.800001, 32.786808, 140.5],
            [-96.800016, 32.786821, 140.4],
            [-96.80003, 32.786834, 140.4],
            [-96.800044, 32.786846, 140.3],
            [-96.800058, 32.786857, 140.3],
            [-96.800072, 32.78687, 140.2],
            [-96.800087, 32.786883, 140.2],
            [-96.800103, 32.786897, 140.1],
            [-96.80013, 32.786922, 140],
            [-96.800147, 32.786936, 140],
            [-96.800162, 32.786946, 139.9],
            [-96.800177, 32.786955, 139.9],
            [-96.800194, 32.786963, 139.8],
            [-96.800212, 32.78697, 139.8],
            [-96.800229, 32.786973, 139.7],
            [-96.800248, 32.786971, 139.7],
            [-96.800265, 32.78697, 139.6],
            [-96.800285, 32.786969, 139.6],
            [-96.800304, 32.786967, 139.5],
            [-96.80032, 32.786965, 139.5],
            [-96.800335, 32.786967, 139.5],
            [-96.800345, 32.786972, 139.4],
            [-96.800356, 32.786981, 139.4],
            [-96.800364, 32.786991, 139.4],
            [-96.800369, 32.787002, 139.3],
            [-96.800371, 32.787011, 139.3],
            [-96.800373, 32.787018, 139.3],
            [-96.800378, 32.787016, 139.3],
            [-96.800378, 32.787013, 139.3],
            [-96.800376, 32.787011, 139.2],
            [-96.800375, 32.787009, 139.2],
            [-96.800375, 32.787009, 139.2],
            [-96.800376, 32.787008, 139.2],
            [-96.800377, 32.787005, 139.2],
            [-96.800376, 32.787004, 139.2],
            [-96.800378, 32.787003, 139.2],
            [-96.800379, 32.787003, 139.2],
            [-96.800379, 32.787002, 139.2],
            [-96.800379, 32.787002, 139.2],
            [-96.800379, 32.787003, 139.2],
            [-96.80038, 32.787003, 139.2],
            [-96.80038, 32.787001, 139.2],
            [-96.800382, 32.787001, 139.2],
            [-96.800382, 32.786998, 139.2],
            [-96.800383, 32.786997, 139.2],
            [-96.800383, 32.786997, 139.2],
            [-96.80039, 32.786989, 139.2],
            [-96.800391, 32.786988, 139.2],
            [-96.800391, 32.786988, 139.2],
            [-96.800391, 32.786988, 139.2],
            [-96.800391, 32.786988, 139.2],
            [-96.800391, 32.786988, 139.2],
            [-96.800391, 32.786988, 139.2],
            [-96.800391, 32.786988, 139.2],
            [-96.800391, 32.786988, 139.2],
            [-96.800391, 32.786989, 139.1],
            [-96.800391, 32.786988, 139.1],
            [-96.800391, 32.786989, 139.1],
            [-96.800391, 32.786988, 139.1],
            [-96.800391, 32.786988, 139.1],
            [-96.800391, 32.786988, 139.1],
            [-96.800391, 32.786988, 139.1],
            [-96.800391, 32.786989, 139.1],
            [-96.800391, 32.786989, 139.1],
            [-96.800391, 32.786989, 139.1],
            [-96.800391, 32.786988, 139.1],
            [-96.800391, 32.786988, 139.1],
            [-96.800391, 32.786988, 139.1],
            [-96.800391, 32.786989, 139.1],
            [-96.800391, 32.786989, 139.1],
            [-96.800391, 32.786989, 139.1],
            [-96.800391, 32.786989, 139.1],
            [-96.800391, 32.786989, 139.1],
            [-96.800391, 32.786989, 139.1],
            [-96.800391, 32.786989, 139.1],
            [-96.80039, 32.78699, 139.1],
            [-96.80039, 32.78699, 139.1],
            [-96.80039, 32.78699, 139.1],
            [-96.80039, 32.78699, 139.1],
            [-96.80039, 32.78699, 139.1],
            [-96.80039, 32.78699, 139.1],
            [-96.80039, 32.78699, 139.1],
            [-96.80039, 32.78699, 139.1],
            [-96.800389, 32.786991, 139.1],
            [-96.800389, 32.786991, 139.1],
            [-96.800389, 32.786991, 139.1],
            [-96.800389, 32.786991, 139.1],
            [-96.800389, 32.786991, 139.1],
            [-96.800389, 32.786991, 139.1],
            [-96.800389, 32.786991, 139.1],
            [-96.800389, 32.786991, 139.1],
            [-96.800389, 32.786991, 139.1],
            [-96.800388, 32.786992, 139.1],
            [-96.800388, 32.786992, 139.1],
            [-96.800388, 32.786992, 139.1],
            [-96.800388, 32.786992, 139.1],
            [-96.800388, 32.786992, 139.1],
            [-96.800388, 32.786992, 139.1],
            [-96.800388, 32.786992, 139.1],
            [-96.800388, 32.786993, 139.1],
            [-96.800388, 32.786993, 139.1],
            [-96.800388, 32.786993, 139.1],
            [-96.800388, 32.786993, 139.1],
            [-96.800388, 32.786993, 139.1],
            [-96.800388, 32.786993, 139.1],
            [-96.800388, 32.786994, 139.1],
            [-96.800388, 32.786994, 139.1],
            [-96.800388, 32.786994, 139.1],
            [-96.800388, 32.786994, 139.1],
            [-96.800388, 32.786994, 139.1],
            [-96.800388, 32.786994, 139.1],
            [-96.800388, 32.786994, 139.1],
            [-96.800388, 32.786995, 139.1],
            [-96.800388, 32.786995, 139.1],
            [-96.800388, 32.786995, 139.1],
            [-96.800387, 32.786995, 139.1],
            [-96.800387, 32.786995, 139.1],
            [-96.800387, 32.786996, 139.1],
            [-96.800387, 32.786996, 139.1],
            [-96.800387, 32.786996, 139.1],
            [-96.800387, 32.786996, 139.1],
            [-96.800386, 32.786996, 139.1],
            [-96.800386, 32.786996, 139.1],
            [-96.800386, 32.786997, 139.1],
            [-96.800386, 32.786998, 139.1],
            [-96.800386, 32.786998, 139.1],
            [-96.800386, 32.786998, 139.1],
            [-96.800386, 32.786999, 139.1],
            [-96.800386, 32.786999, 139.1],
            [-96.800386, 32.786999, 139.1],
            [-96.800386, 32.786999, 139.1],
            [-96.800386, 32.786999, 139.1],
            [-96.800386, 32.787, 139.1],
            [-96.800386, 32.787, 139.1],
            [-96.800386, 32.787, 139.1],
            [-96.800386, 32.787, 139.1],
            [-96.800386, 32.787, 139.1],
            [-96.800386, 32.787001, 139.1],
            [-96.800386, 32.787001, 139.1],
            [-96.800386, 32.787001, 139.1],
            [-96.800385, 32.787001, 139.1],
            [-96.800385, 32.787001, 139.1],
            [-96.800385, 32.787001, 139.1],
            [-96.800385, 32.787002, 139.1],
            [-96.800385, 32.787002, 139.1],
            [-96.800385, 32.787002, 139.1],
            [-96.800385, 32.787002, 139.1],
            [-96.800384, 32.787002, 139.1],
            [-96.800384, 32.787002, 139.1],
            [-96.800384, 32.787002, 139.1],
            [-96.800384, 32.787002, 139.1],
            [-96.800384, 32.787002, 139.1],
            [-96.800383, 32.787002, 139.1],
            [-96.800383, 32.787002, 139.1],
            [-96.800384, 32.787003, 139.1],
            [-96.800383, 32.787003, 139.1],
            [-96.800383, 32.787003, 139.1],
            [-96.800382, 32.787002, 139.1],
            [-96.800381, 32.787001, 139.1],
            [-96.800379, 32.787001, 139.1],
            [-96.800376, 32.787001, 139.1],
            [-96.800375, 32.787002, 139],
            [-96.80037, 32.787003, 139],
            [-96.800367, 32.787001, 139],
            [-96.800365, 32.787, 139],
            [-96.800363, 32.786999, 139],
            [-96.800361, 32.787, 139],
            [-96.80036, 32.786998, 139],
            [-96.800359, 32.786996, 139],
            [-96.800358, 32.786996, 139],
            [-96.800358, 32.786995, 139],
            [-96.800358, 32.786995, 139],
            [-96.800358, 32.786995, 139],
            [-96.800358, 32.786996, 139],
            [-96.800358, 32.786996, 139],
            [-96.800358, 32.786997, 139],
            [-96.800358, 32.786997, 139],
            [-96.800358, 32.786997, 139],
            [-96.800357, 32.786997, 139],
            [-96.800357, 32.786997, 139],
            [-96.800357, 32.786997, 139],
            [-96.800358, 32.786997, 139],
            [-96.800358, 32.786997, 139],
            [-96.800358, 32.786997, 139],
            [-96.800358, 32.786997, 139],
            [-96.800358, 32.786997, 139],
            [-96.800358, 32.786997, 139],
            [-96.800358, 32.786997, 139],
            [-96.800358, 32.786997, 139],
            [-96.800358, 32.786997, 139],
            [-96.800357, 32.786997, 139],
            [-96.800357, 32.786997, 139],
            [-96.800357, 32.786998, 139],
            [-96.800357, 32.786998, 139],
            [-96.800357, 32.786998, 139],
            [-96.800356, 32.786997, 139],
            [-96.800355, 32.786997, 139],
            [-96.800354, 32.786997, 139],
            [-96.800354, 32.786997, 139],
            [-96.800354, 32.786997, 139],
            [-96.800354, 32.786997, 139],
            [-96.800354, 32.786997, 139],
            [-96.800354, 32.786997, 139],
            [-96.800353, 32.786997, 139],
            [-96.800353, 32.786997, 139],
            [-96.800354, 32.786997, 139],
            [-96.800354, 32.786997, 139],
            [-96.800353, 32.786997, 139],
            [-96.800351, 32.786996, 139],
            [-96.80035, 32.786996, 138.9],
            [-96.80035, 32.786995, 138.9],
            [-96.80035, 32.786995, 138.9],
            [-96.800349, 32.786995, 138.9],
            [-96.800349, 32.786995, 138.9],
            [-96.800349, 32.786995, 138.9],
            [-96.80035, 32.786996, 138.9],
            [-96.80035, 32.786996, 138.9],
            [-96.80035, 32.786996, 138.9],
            [-96.800352, 32.786996, 138.9],
            [-96.800353, 32.786996, 138.9],
            [-96.800353, 32.786995, 138.9],
            [-96.800353, 32.786995, 138.9],
            [-96.800353, 32.786995, 138.9],
            [-96.800353, 32.786996, 138.9],
            [-96.800353, 32.786996, 138.9],
            [-96.800353, 32.786996, 138.9],
            [-96.800352, 32.786996, 138.9],
            [-96.800352, 32.786996, 138.9],
            [-96.800351, 32.786996, 138.9],
            [-96.800351, 32.786996, 138.9],
            [-96.80035, 32.786996, 138.9],
            [-96.80035, 32.786996, 138.9],
            [-96.80035, 32.786996, 138.9],
            [-96.80035, 32.786995, 138.9],
            [-96.800348, 32.786994, 138.9],
            [-96.800347, 32.786993, 138.9],
            [-96.800346, 32.786993, 138.9],
            [-96.800346, 32.786993, 138.9],
            [-96.800346, 32.786993, 138.9],
            [-96.800346, 32.786993, 138.9],
            [-96.800346, 32.786993, 138.9],
            [-96.800346, 32.786994, 138.9],
            [-96.800346, 32.786994, 138.9],
            [-96.800346, 32.786994, 138.9],
            [-96.800345, 32.786995, 138.9],
            [-96.800344, 32.786995, 138.9],
            [-96.800344, 32.786995, 138.9],
            [-96.800344, 32.786995, 138.9],
            [-96.800344, 32.786995, 138.9],
            [-96.800344, 32.786995, 138.9],
            [-96.800344, 32.786995, 138.9],
            [-96.800343, 32.786996, 138.9],
            [-96.800344, 32.786996, 138.9],
            [-96.800344, 32.786996, 138.9],
            [-96.800343, 32.786997, 138.9],
            [-96.800343, 32.786997, 138.9],
            [-96.800344, 32.786997, 138.9],
            [-96.800344, 32.786997, 138.9],
            [-96.800344, 32.786997, 138.9],
            [-96.800343, 32.786997, 138.9],
            [-96.800343, 32.786997, 138.9],
            [-96.800344, 32.786998, 138.9],
            [-96.800345, 32.786997, 138.9],
            [-96.800347, 32.786998, 138.9],
            [-96.800347, 32.786998, 138.9],
            [-96.800349, 32.787001, 138.9],
            [-96.80035, 32.787002, 138.9],
            [-96.800351, 32.787005, 138.8],
            [-96.800349, 32.787005, 138.8],
            [-96.800345, 32.787004, 138.8],
            [-96.800344, 32.787004, 138.8],
            [-96.800343, 32.787004, 138.8],
            [-96.800342, 32.787004, 138.8],
            [-96.800341, 32.787004, 138.8],
            [-96.800341, 32.787004, 138.8],
            [-96.80034, 32.787005, 138.8],
            [-96.80034, 32.787005, 138.8],
            [-96.80034, 32.787005, 138.8],
            [-96.80034, 32.787004, 138.8],
            [-96.80034, 32.787004, 138.8],
            [-96.800339, 32.787004, 138.8],
            [-96.800338, 32.787004, 138.8],
            [-96.800338, 32.787004, 138.8],
            [-96.800337, 32.787004, 138.8],
            [-96.800337, 32.787004, 138.8],
            [-96.800337, 32.787004, 138.8],
            [-96.800336, 32.787004, 138.8],
            [-96.800336, 32.787005, 138.8],
            [-96.800335, 32.787004, 138.8],
            [-96.800335, 32.787005, 138.8],
            [-96.800335, 32.787005, 138.8],
            [-96.800335, 32.787005, 138.8],
            [-96.800334, 32.787005, 138.8],
            [-96.800334, 32.787004, 138.8],
            [-96.800334, 32.787004, 138.8],
            [-96.800333, 32.787004, 138.8],
            [-96.800333, 32.787004, 138.8],
            [-96.800333, 32.787004, 138.8],
            [-96.800332, 32.787004, 138.8],
            [-96.800332, 32.787004, 138.8],
            [-96.800332, 32.787003, 138.8],
            [-96.800331, 32.787003, 138.8],
            [-96.800331, 32.787002, 138.8],
            [-96.800331, 32.787002, 138.8],
            [-96.800331, 32.787002, 138.8],
            [-96.800331, 32.787002, 138.8],
            [-96.800331, 32.787001, 138.8],
            [-96.800332, 32.787, 138.8],
            [-96.800333, 32.787, 138.8],
            [-96.800332, 32.787, 138.8],
            [-96.800332, 32.787, 138.8],
            [-96.800332, 32.787, 138.8],
            [-96.800332, 32.787, 138.8],
            [-96.800331, 32.787, 138.8],
            [-96.800331, 32.787, 138.8],
            [-96.800331, 32.787, 138.8],
            [-96.800331, 32.787, 138.8],
            [-96.800331, 32.787, 138.8],
            [-96.80033, 32.787, 138.8],
            [-96.80033, 32.787, 138.8],
            [-96.80033, 32.787001, 138.8],
            [-96.80033, 32.787001, 138.8],
            [-96.800329, 32.787001, 138.8],
            [-96.800329, 32.787001, 138.8],
            [-96.800329, 32.787001, 138.8],
            [-96.800329, 32.787001, 138.8],
            [-96.800328, 32.787001, 138.7],
            [-96.800328, 32.787001, 138.7],
            [-96.800328, 32.787002, 138.7],
            [-96.800328, 32.787001, 138.7],
            [-96.800328, 32.787001, 138.7],
            [-96.800328, 32.787001, 138.7],
            [-96.800328, 32.787001, 138.7],
            [-96.800328, 32.787002, 138.7],
            [-96.800328, 32.787002, 138.7],
            [-96.800328, 32.787002, 138.7],
            [-96.800327, 32.787002, 138.7],
            [-96.800327, 32.787002, 138.7],
            [-96.800327, 32.787002, 138.7],
            [-96.800326, 32.787002, 138.7],
            [-96.800326, 32.787002, 138.7],
            [-96.800326, 32.787002, 138.7],
            [-96.800325, 32.787002, 138.7],
            [-96.800325, 32.787003, 138.7],
            [-96.800324, 32.787003, 138.7],
            [-96.800324, 32.787003, 138.7],
            [-96.800324, 32.787003, 138.7],
            [-96.800324, 32.787003, 138.7],
            [-96.800324, 32.787004, 138.7],
            [-96.800324, 32.787004, 138.7],
            [-96.800324, 32.787003, 138.7],
            [-96.800324, 32.787, 138.7],
            [-96.800324, 32.786999, 138.7],
            [-96.800325, 32.786997, 138.7],
            [-96.800327, 32.786997, 138.7],
            [-96.800334, 32.786999, 138.7],
            [-96.800341, 32.787004, 138.7],
            [-96.800336, 32.786999, 138.6],
            [-96.800335, 32.786999, 138.6],
            [-96.800341, 32.787002, 138.6],
            [-96.800346, 32.787004, 138.6],
            [-96.800347, 32.787008, 138.6],
            [-96.800348, 32.787009, 138.6],
            [-96.800349, 32.78701, 138.6],
            [-96.800352, 32.787008, 138.6],
            [-96.800353, 32.787007, 138.6],
            [-96.800355, 32.787007, 138.6],
            [-96.800357, 32.787007, 138.6],
            [-96.800358, 32.787006, 138.6],
            [-96.800358, 32.787005, 138.6],
            [-96.800359, 32.787003, 138.5],
            [-96.80036, 32.787004, 138.5],
            [-96.800361, 32.787007, 138.5],
            [-96.800362, 32.787009, 138.5],
            [-96.800364, 32.787012, 138.5],
            [-96.800367, 32.787016, 138.5],
            [-96.800373, 32.78702, 138.5],
            [-96.800385, 32.78703, 138.4],
            [-96.800392, 32.787044, 138.4],
            [-96.800391, 32.787056, 138.4],
            [-96.800389, 32.787066, 138.3],
            [-96.800386, 32.787075, 138.3],
            [-96.800388, 32.787083, 138.3],
            [-96.800393, 32.787091, 138.3],
            [-96.800408, 32.787096, 138.2],
            [-96.800402, 32.787102, 138.2],
            [-96.800402, 32.787101, 138.2],
            [-96.800407, 32.787101, 138.2],
            [-96.800411, 32.787098, 138.2],
            [-96.800418, 32.787096, 138.1],
            [-96.80042, 32.787094, 138.1],
            [-96.800425, 32.787095, 138.1],
            [-96.800427, 32.787096, 138.1],
            [-96.800429, 32.787097, 138.1],
            [-96.800431, 32.7871, 138.1],
            [-96.800416, 32.787112, 138.1],
            [-96.800416, 32.787115, 138],
            [-96.800418, 32.787116, 138],
            [-96.800421, 32.787117, 138],
            [-96.800423, 32.787118, 138],
            [-96.800419, 32.787125, 138],
            [-96.800411, 32.78713, 138],
            [-96.800405, 32.787133, 138],
            [-96.800399, 32.787136, 137.9],
            [-96.800392, 32.787138, 137.9],
            [-96.800386, 32.787141, 137.9],
            [-96.80038, 32.787144, 137.9],
            [-96.800374, 32.787147, 137.9],
            [-96.800368, 32.78715, 137.9],
            [-96.800368, 32.78715, 137.9],
            [-96.800365, 32.787153, 137.8],
            [-96.800367, 32.787166, 137.8],
            [-96.800368, 32.787168, 137.8],
            [-96.80037, 32.787171, 137.8],
            [-96.800375, 32.787181, 137.8],
            [-96.8004, 32.787211, 137.7],
            [-96.800421, 32.787233, 137.6],
            [-96.800443, 32.787258, 137.5],
            [-96.80045, 32.787265, 137.5],
            [-96.800466, 32.78727, 137.3],
            [-96.800481, 32.787274, 137.3],
            [-96.800497, 32.787279, 137.2],
            [-96.800515, 32.787286, 137.2],
            [-96.800531, 32.787293, 137.2],
            [-96.800568, 32.787298, 137.1],
            [-96.800581, 32.787299, 137],
            [-96.8006, 32.787306, 137],
            [-96.800617, 32.787314, 137],
            [-96.800645, 32.787328, 136.9],
            [-96.800656, 32.787334, 136.9],
            [-96.800673, 32.787344, 136.7],
            [-96.800689, 32.787353, 136.8],
            [-96.800689, 32.787353, 136.8],
            [-96.800703, 32.787364, 136.8],
            [-96.800718, 32.787377, 136.6],
            [-96.800732, 32.787388, 136.6],
            [-96.800746, 32.787397, 136.6],
            [-96.800758, 32.787407, 136.3],
            [-96.800769, 32.787422, 136.3],
            [-96.800777, 32.787437, 136.3],
            [-96.800777, 32.787437, 136.3],
            [-96.800788, 32.787453, 136.3],
            [-96.800798, 32.787468, 136],
            [-96.800808, 32.787483, 136],
            [-96.800818, 32.787512, 136],
            [-96.800831, 32.787542, 136],
            [-96.800836, 32.78755, 136],
            [-96.800854, 32.78758, 135.6],
            [-96.800864, 32.787594, 135.6],
            [-96.800885, 32.78762, 135.2],
            [-96.800892, 32.787628, 135.2],
            [-96.800913, 32.787656, 135.2],
            [-96.800922, 32.787669, 135.2],
            [-96.800922, 32.787669, 135.2],
            [-96.800937, 32.787694, 134.9],
            [-96.800959, 32.787718, 134.9],
            [-96.800967, 32.787726, 134.8],
            [-96.800987, 32.787756, 134.7],
            [-96.80101, 32.787782, 134.7],
            [-96.801017, 32.787789, 134.7],
            [-96.801033, 32.787802, 134.7],
            [-96.801047, 32.787811, 134.7],
            [-96.801064, 32.787828, 134.7],
            [-96.801077, 32.78784, 134.7],
            [-96.801096, 32.787859, 134.8],
            [-96.801104, 32.787868, 134.8],
            [-96.801111, 32.787876, 134.8],
            [-96.801124, 32.787892, 134.9],
            [-96.801138, 32.787911, 134.9],
            [-96.801166, 32.787936, 135.1],
            [-96.80118, 32.787945, 135.1],
            [-96.801205, 32.787961, 135.4],
            [-96.801212, 32.787963, 135.4],
            [-96.801218, 32.787966, 135.4],
            [-96.80125, 32.787977, 135.6],
            [-96.801266, 32.78798, 135.6],
            [-96.801284, 32.78799, 135.8],
            [-96.801298, 32.788001, 135.9],
            [-96.801298, 32.788001, 135.9],
            [-96.801309, 32.788012, 135.9],
            [-96.801311, 32.788017, 136.1],
            [-96.801318, 32.788028, 136.1],
            [-96.801329, 32.78804, 136.3],
            [-96.801341, 32.788052, 136.3],
            [-96.801341, 32.788052, 136.3],
            [-96.801343, 32.788053, 136.3],
            [-96.801345, 32.788057, 136.3],
            [-96.801352, 32.788066, 136.3],
            [-96.801362, 32.788076, 136.6],
            [-96.801364, 32.788091, 136.6],
            [-96.801364, 32.788106, 136.7],
            [-96.801369, 32.788122, 136.7],
            [-96.801376, 32.788135, 136.7],
            [-96.801383, 32.788145, 136.8],
            [-96.801376, 32.788154, 136.8],
            [-96.80138, 32.788166, 136.8],
            [-96.801388, 32.788179, 136.9],
            [-96.801397, 32.788193, 137],
            [-96.801423, 32.788183, 137],
            [-96.801436, 32.788188, 137],
            [-96.801448, 32.788197, 137.1],
            [-96.801458, 32.788207, 137.1],
            [-96.801482, 32.788201, 137.2],
            [-96.801478, 32.788215, 137.2],
            [-96.801468, 32.788221, 137.2],
            [-96.801457, 32.788227, 137.2],
            [-96.801446, 32.788233, 137.2],
            [-96.801446, 32.788233, 137.2],
            [-96.801435, 32.788233, 137.1],
            [-96.801428, 32.788233, 137.1],
            [-96.801403, 32.788248, 137.1],
            [-96.801403, 32.788248, 137.1],
            [-96.801402, 32.788246, 137.1],
            [-96.801402, 32.788246, 137.1],
            [-96.801402, 32.788246, 137.1],
            [-96.801401, 32.788243, 137.1],
            [-96.801391, 32.788251, 137.1],
            [-96.801391, 32.788251, 137.1],
            [-96.80139, 32.788252, 137.1],
            [-96.801391, 32.788253, 137.1],
            [-96.801387, 32.788254, 137.1],
            [-96.801376, 32.788261, 137.1],
            [-96.801359, 32.788267, 137.1],
            [-96.801336, 32.788268, 137],
            [-96.80133, 32.788269, 137],
            [-96.801325, 32.788269, 137],
            [-96.801319, 32.78827, 137],
            [-96.801313, 32.78827, 137],
            [-96.801307, 32.788268, 136.9],
            [-96.801301, 32.788267, 136.9],
            [-96.801295, 32.788265, 136.9],
            [-96.801289, 32.788263, 136.9],
            [-96.801283, 32.788262, 136.9],
            [-96.801278, 32.78826, 136.9],
            [-96.801272, 32.788258, 136.9],
            [-96.801266, 32.788256, 136.8],
            [-96.80126, 32.788255, 136.8],
            [-96.801254, 32.788253, 136.8],
            [-96.801254, 32.788253, 136.8],
            [-96.801254, 32.788253, 136.8],
            [-96.801251, 32.788252, 136.8],
            [-96.801265, 32.788258, 136.8],
            [-96.801265, 32.788258, 136.8],
            [-96.801269, 32.78826, 136.9],
            [-96.801272, 32.78826, 136.9],
            [-96.801286, 32.78826, 136.9],
            [-96.8013, 32.788259, 136.9],
            [-96.801327, 32.788253, 137],
            [-96.801369, 32.788246, 137],
            [-96.801383, 32.788244, 137],
            [-96.801417, 32.788238, 137.1],
            [-96.801428, 32.788235, 137.1],
            [-96.801448, 32.788233, 137.2],
            [-96.801455, 32.788216, 137.2],
            [-96.80146, 32.788195, 137.1],
            [-96.801468, 32.788176, 137],
            [-96.80146, 32.788155, 137],
            [-96.801452, 32.78814, 136.9],
            [-96.801449, 32.788128, 136.9],
            [-96.801456, 32.788124, 136.9],
            [-96.801464, 32.788122, 136.9],
            [-96.801468, 32.788106, 136.9],
            [-96.801479, 32.788097, 136.7],
            [-96.801479, 32.788097, 136.7],
            [-96.801485, 32.78808, 136.8],
            [-96.801485, 32.78808, 136.8],
            [-96.801485, 32.78808, 136.8],
            [-96.801449, 32.788091, 136.7],
            [-96.801449, 32.788091, 136.7],
            [-96.801449, 32.788091, 136.7],
            [-96.801438, 32.788116, 136.7],
            [-96.801438, 32.788116, 136.7],
            [-96.801438, 32.788116, 136.7],
            [-96.80142, 32.788107, 136.7],
            [-96.801412, 32.788106, 136.7],
            [-96.801405, 32.788104, 136.6],
            [-96.801397, 32.788103, 136.6],
            [-96.801389, 32.788102, 136.5],
            [-96.801382, 32.7881, 136.5],
            [-96.801374, 32.788099, 136.5],
            [-96.801374, 32.788099, 136.5],
            [-96.801374, 32.788099, 136.5],
            [-96.801384, 32.788085, 136.5],
            [-96.801384, 32.788085, 136.5],
            [-96.801384, 32.788085, 136.5],
            [-96.801348, 32.788079, 136.3],
            [-96.801341, 32.7881, 136.3],
            [-96.801334, 32.78812, 136.5],
            [-96.801327, 32.788141, 136.6],
            [-96.80132, 32.788162, 136.6],
            [-96.801313, 32.788182, 136.7],
            [-96.801306, 32.788203, 136.6],
            [-96.801306, 32.788203, 136.6],
            [-96.801306, 32.788203, 136.6],
            [-96.801378, 32.788087, 136.5],
            [-96.801378, 32.788087, 136.5],
            [-96.801378, 32.788087, 136.5],
            [-96.801378, 32.788087, 136.5],
            [-96.801357, 32.788055, 136.3],
            [-96.801357, 32.788055, 136.3],
            [-96.801357, 32.788055, 136.3],
            [-96.801361, 32.788068, 136.3],
            [-96.801361, 32.788068, 136.3],
            [-96.801361, 32.788068, 136.3],
            [-96.801355, 32.788088, 136.5],
            [-96.801355, 32.788088, 136.5],
            [-96.801355, 32.788088, 136.5],
            [-96.801346, 32.78804, 136.2],
            [-96.801346, 32.78804, 136.2],
            [-96.801346, 32.78804, 136.2],
            [-96.801335, 32.788069, 136.3],
            [-96.801342, 32.788071, 136.3],
            [-96.801348, 32.788074, 136.3],
            [-96.801355, 32.788076, 136.4],
            [-96.801362, 32.788078, 136.4],
            [-96.801368, 32.788081, 136.4],
            [-96.801375, 32.788083, 136.4],
            [-96.801375, 32.788083, 136.4],
            [-96.801375, 32.788083, 136.4],
            [-96.801339, 32.78808, 136.3],
            [-96.801339, 32.78808, 136.3],
            [-96.801339, 32.78808, 136.3],
            [-96.801366, 32.788062, 136.3],
            [-96.801368, 32.788066, 136.3],
            [-96.801371, 32.788071, 136.4],
            [-96.801373, 32.788075, 136.4],
            [-96.801376, 32.788079, 136.4],
            [-96.801378, 32.788083, 136.4],
            [-96.801381, 32.788088, 136.4],
            [-96.801383, 32.788092, 136.4],
            [-96.801386, 32.788096, 136.4],
            [-96.801388, 32.7881, 136.4],
            [-96.801391, 32.788105, 136.6],
            [-96.801393, 32.788109, 136.6],
            [-96.801396, 32.788113, 136.7],
            [-96.801375, 32.788164, 136.7],
            [-96.801353, 32.788216, 136.9],
            [-96.801332, 32.788267, 136.9],
            [-96.801339, 32.788206, 136.7],
            [-96.801345, 32.788144, 136.6],
            [-96.801352, 32.788083, 136.3],
            [-96.801344, 32.788071, 136.3],
            [-96.801336, 32.788067, 136.1],
            [-96.801329, 32.788064, 136.1],
            [-96.801321, 32.78806, 136.1],
            [-96.801313, 32.788057, 136.1],
            [-96.801313, 32.788057, 136.1],
            [-96.801295, 32.788054, 136],
            [-96.801283, 32.788044, 136],
            [-96.801275, 32.788038, 136],
            [-96.801259, 32.78804, 135.8],
            [-96.801246, 32.788048, 135.8],
            [-96.801238, 32.788059, 135.8],
            [-96.801238, 32.788059, 135.8],
            [-96.801231, 32.78807, 136],
            [-96.801229, 32.788069, 136],
            [-96.801229, 32.788069, 136],
            [-96.801227, 32.788076, 136],
            [-96.801227, 32.788076, 136],
            [-96.801225, 32.788078, 136],
            [-96.801225, 32.788078, 136],
            [-96.801225, 32.788078, 136],
            [-96.801216, 32.788087, 135.9],
            [-96.801216, 32.788087, 135.9],
            [-96.801216, 32.788087, 135.9],
            [-96.801214, 32.788098, 135.9],
            [-96.801214, 32.788098, 135.9],
            [-96.801214, 32.788098, 135.9],
            [-96.801208, 32.788103, 135.9],
            [-96.801208, 32.788103, 135.9],
            [-96.801208, 32.788103, 135.9],
            [-96.801233, 32.788114, 136.2],
            [-96.801233, 32.788114, 136.2],
            [-96.801233, 32.788114, 136.2],
            [-96.801211, 32.788118, 136.1],
            [-96.801211, 32.788118, 136.1],
            [-96.801211, 32.788118, 136.1],
            [-96.801186, 32.788182, 136.4],
            [-96.801186, 32.78817, 136.2],
            [-96.801187, 32.788157, 136.2],
            [-96.801187, 32.788145, 136.2],
            [-96.801207, 32.78814, 136.1],
            [-96.801228, 32.788135, 136.2],
            [-96.801248, 32.78813, 136.2],
            [-96.801269, 32.788125, 136.3],
            [-96.801289, 32.78812, 136.3],
            [-96.80131, 32.788115, 136.4],
            [-96.80133, 32.78811, 136.4],
            [-96.801324, 32.788108, 136.4],
            [-96.801318, 32.788107, 136.4],
            [-96.801312, 32.788105, 136.4],
            [-96.801305, 32.788104, 136.1],
            [-96.801299, 32.788102, 136.1],
            [-96.801293, 32.788101, 136.1],
            [-96.801287, 32.788099, 136.1],
            [-96.80129, 32.7881, 136.1],
            [-96.801293, 32.788101, 136.1],
            [-96.801296, 32.788102, 136.1],
            [-96.801299, 32.788103, 136.1],
            [-96.801302, 32.788104, 136.1],
            [-96.801305, 32.788105, 136.3],
            [-96.801308, 32.788106, 136.3],
            [-96.801311, 32.788107, 136.4],
            [-96.801314, 32.788108, 136.4],
            [-96.801316, 32.788109, 136.4],
            [-96.801319, 32.78811, 136.4],
            [-96.801322, 32.788111, 136.4],
            [-96.801325, 32.788112, 136.4],
            [-96.801328, 32.788113, 136.4],
            [-96.801331, 32.788114, 136.4],
            [-96.801334, 32.788115, 136.4],
            [-96.801337, 32.788116, 136.4],
            [-96.80134, 32.788117, 136.4],
            [-96.801343, 32.788118, 136.4],
            [-96.801337, 32.788118, 136.4],
            [-96.801332, 32.788117, 136.4],
            [-96.801326, 32.788117, 136.4],
            [-96.80132, 32.788117, 136.4],
            [-96.801315, 32.788116, 136.4],
            [-96.801309, 32.788116, 136.2],
            [-96.801303, 32.788116, 136.2],
            [-96.801298, 32.788115, 136.2],
            [-96.801292, 32.788115, 136.2],
            [-96.801286, 32.788115, 136.2],
            [-96.801281, 32.788114, 136.2],
            [-96.801275, 32.788114, 136.2],
            [-96.801275, 32.788114, 136.2],
            [-96.801275, 32.788114, 136.2],
            [-96.801344, 32.788084, 136.2],
            [-96.801362, 32.788088, 136.3],
            [-96.801381, 32.788091, 136.3],
            [-96.801399, 32.788095, 136.5],
            [-96.801395, 32.788098, 136.3],
            [-96.801401, 32.788101, 136.5],
            [-96.801408, 32.788104, 136.5],
            [-96.801415, 32.788108, 136.6],
            [-96.801422, 32.788111, 136.6],
            [-96.801428, 32.788114, 136.6],
            [-96.801435, 32.788117, 136.6],
            [-96.801443, 32.788128, 136.7],
            [-96.801443, 32.788128, 136.7],
            [-96.801454, 32.788139, 136.7],
            [-96.801451, 32.788176, 136.8],
            [-96.801448, 32.788189, 136.9],
            [-96.801448, 32.788189, 136.9],
            [-96.801452, 32.788207, 136.9],
            [-96.801462, 32.788221, 137],
            [-96.801455, 32.78824, 137],
            [-96.801453, 32.788249, 137.1],
            [-96.80145, 32.788257, 137.1],
            [-96.80145, 32.788257, 137.1],
            [-96.801454, 32.788271, 137.1],
            [-96.80146, 32.788285, 137.1],
            [-96.801466, 32.7883, 137.1],
            [-96.801471, 32.788309, 137.1],
            [-96.80148, 32.788323, 137.1],
            [-96.801488, 32.788324, 137.2],
            [-96.801493, 32.788318, 137.2],
            [-96.801497, 32.788312, 137.2],
            [-96.801502, 32.788307, 137.2],
            [-96.801506, 32.788301, 137.2],
            [-96.801511, 32.788295, 137.2],
            [-96.801515, 32.788289, 137.2],
            [-96.80152, 32.788283, 137.1],
            [-96.801524, 32.788277, 137.1],
            [-96.801528, 32.788271, 137.2],
            [-96.801533, 32.788265, 137.2],
            [-96.801537, 32.78826, 137.2],
            [-96.801542, 32.788254, 137.2],
            [-96.801546, 32.788248, 137.2],
            [-96.801551, 32.788242, 137.2],
            [-96.801555, 32.788236, 137.2],
            [-96.801603, 32.788198, 137.2],
            [-96.801651, 32.788161, 137.2],
            [-96.801699, 32.788123, 137.2],
            [-96.801829, 32.788118, 137.4],
            [-96.801958, 32.788113, 137.5],
            [-96.802088, 32.788108, 137.6],
            [-96.802088, 32.788108, 137.6],
            [-96.802088, 32.788108, 137.6],
            [-96.802235, 32.78816, 137.7],
            [-96.802305, 32.788186, 137.8],
            [-96.802375, 32.788213, 137.8],
            [-96.802445, 32.788239, 137.8],
            [-96.802362, 32.788332, 138],
            [-96.802279, 32.788426, 138],
            [-96.802196, 32.788519, 138.1],
            [-96.802058, 32.788427, 137.9],
            [-96.801921, 32.788334, 137.7],
            [-96.801788, 32.78833, 137.5],
            [-96.801768, 32.788332, 137.5],
            [-96.801747, 32.788335, 137.5],
            [-96.801727, 32.788337, 137.5],
            [-96.801704, 32.788342, 137.5],
            [-96.8017, 32.788345, 137.5],
            [-96.801699, 32.788352, 137.5],
            [-96.801709, 32.788358, 137.5],
            [-96.801721, 32.788363, 137.5],
            [-96.801734, 32.788369, 137.5],
            [-96.801751, 32.788395, 137.6],
            [-96.801758, 32.788401, 137.6],
            [-96.801766, 32.788406, 137.6],
            [-96.801785, 32.788413, 137.6],
            [-96.801799, 32.788413, 137.6],
            [-96.801808, 32.788414, 137.6],
            [-96.801811, 32.788417, 137.6],
            [-96.80181, 32.788421, 137.6],
            [-96.801811, 32.788422, 137.6],
            [-96.801814, 32.788424, 137.6],
            [-96.801817, 32.788425, 137.6],
            [-96.801818, 32.788425, 137.6],
            [-96.80182, 32.788425, 137.6],
            [-96.801822, 32.788426, 137.6],
            [-96.801823, 32.788426, 137.6],
            [-96.801824, 32.788427, 137.6],
            [-96.801824, 32.788427, 137.6],
            [-96.801825, 32.788428, 137.7],
            [-96.801825, 32.788427, 137.7],
            [-96.801823, 32.788427, 137.7],
            [-96.801822, 32.788427, 137.7],
            [-96.80182, 32.788427, 137.7],
            [-96.801819, 32.788427, 137.7],
            [-96.801819, 32.788427, 137.7],
            [-96.801806, 32.788429, 137.6],
            [-96.801802, 32.78843, 137.6],
            [-96.801804, 32.788434, 137.6],
            [-96.801804, 32.788434, 137.6],
            [-96.801805, 32.788435, 137.6],
            [-96.801802, 32.788443, 137.6],
            [-96.801797, 32.788455, 137.6],
            [-96.801788, 32.788469, 137.6],
            [-96.801775, 32.788484, 137.6],
            [-96.801765, 32.788496, 137.6],
            [-96.801751, 32.788509, 137.6],
            [-96.801737, 32.788521, 137.6],
            [-96.801721, 32.788533, 137.6],
            [-96.801706, 32.788543, 137.6],
            [-96.801679, 32.788562, 137.7],
            [-96.801667, 32.78857, 137.7],
            [-96.801639, 32.788591, 137.7],
            [-96.801631, 32.788598, 137.7],
            [-96.801618, 32.788611, 137.7],
            [-96.801605, 32.788623, 137.7],
            [-96.801594, 32.788634, 137.7],
            [-96.801582, 32.788645, 137.8],
            [-96.80157, 32.788656, 137.8],
            [-96.80156, 32.788665, 137.8],
            [-96.801546, 32.788683, 137.8],
            [-96.801542, 32.78869, 137.9],
            [-96.801538, 32.788698, 137.9],
            [-96.801539, 32.788709, 137.9],
            [-96.801544, 32.78872, 137.9],
            [-96.801546, 32.788729, 137.9],
            [-96.801547, 32.788741, 137.9],
            [-96.801551, 32.78875, 137.9],
            [-96.801559, 32.788758, 138],
            [-96.801566, 32.788764, 138],
            [-96.801569, 32.788767, 138],
            [-96.801571, 32.788767, 138],
            [-96.801571, 32.788764, 138],
            [-96.801568, 32.788761, 138],
            [-96.801565, 32.788759, 138],
            [-96.801565, 32.788758, 138],
            [-96.801565, 32.788758, 138],
            [-96.801566, 32.788759, 138],
            [-96.801566, 32.78876, 138],
            [-96.801566, 32.788761, 138],
            [-96.801566, 32.788761, 138],
            [-96.801567, 32.788762, 138],
            [-96.801569, 32.788763, 138],
            [-96.801569, 32.788762, 138],
            [-96.801571, 32.788763, 138],
            [-96.801571, 32.788763, 138],
            [-96.801572, 32.788763, 138],
            [-96.801571, 32.788763, 138],
            [-96.80157, 32.788763, 138],
            [-96.801571, 32.788763, 138],
            [-96.801584, 32.788778, 138.1],
            [-96.801586, 32.788782, 138.1],
            [-96.801588, 32.788783, 138.1],
            [-96.801587, 32.788784, 138.1],
            [-96.801587, 32.788784, 138.1],
            [-96.801586, 32.788785, 138.1],
            [-96.801587, 32.788786, 138.1],
            [-96.801587, 32.788787, 138.1],
            [-96.801587, 32.788787, 138.1],
            [-96.801589, 32.788792, 138.1],
            [-96.801593, 32.788796, 138.1],
            [-96.801594, 32.788797, 138.1],
            [-96.801595, 32.788797, 138.1],
            [-96.801595, 32.788798, 138.1],
            [-96.801594, 32.788798, 138.1],
            [-96.801594, 32.788798, 138.1],
            [-96.801594, 32.788798, 138.1],
            [-96.801594, 32.788798, 138.1],
            [-96.801593, 32.788799, 138.1],
            [-96.801592, 32.7888, 138.1],
            [-96.80159, 32.788802, 138.1],
            [-96.801588, 32.788804, 138.1],
            [-96.801587, 32.788804, 138.1],
            [-96.801587, 32.788805, 138.1],
            [-96.801587, 32.788805, 138.1],
            [-96.801587, 32.788805, 138.1],
            [-96.801587, 32.788806, 138.1],
            [-96.801586, 32.788806, 138.1],
            [-96.801586, 32.788806, 138.1],
            [-96.801586, 32.788807, 138.1],
            [-96.801586, 32.788807, 138.1],
            [-96.801586, 32.788808, 138.1],
            [-96.801588, 32.78881, 138.1],
            [-96.80159, 32.788816, 138.1],
            [-96.801594, 32.788826, 138.2],
            [-96.8016, 32.788838, 138.2],
            [-96.801617, 32.788852, 138.2],
            [-96.801611, 32.788848, 138.2],
            [-96.801617, 32.788856, 138.3],
            [-96.801626, 32.788866, 138.3],
            [-96.801639, 32.788879, 138.3],
            [-96.801654, 32.788889, 138.3],
            [-96.80167, 32.788895, 138.4],
            [-96.801685, 32.7889, 138.4],
            [-96.801701, 32.788903, 138.4],
            [-96.801712, 32.788905, 138.4],
            [-96.801722, 32.788908, 138.4],
            [-96.801733, 32.788909, 138.4],
            [-96.801744, 32.788905, 138.4],
            [-96.801755, 32.788898, 138.4],
            [-96.80177, 32.788888, 138.4],
            [-96.801785, 32.788877, 138.5],
            [-96.801801, 32.788865, 138.5],
            [-96.80182, 32.788844, 138.5],
            [-96.801828, 32.788834, 138.5],
            [-96.801838, 32.788828, 138.5],
            [-96.801844, 32.788822, 138.5],
            [-96.801854, 32.788815, 138.5],
            [-96.801864, 32.788808, 138.5],
            [-96.801872, 32.788799, 138.5],
            [-96.801882, 32.788791, 138.6],
            [-96.801891, 32.788781, 138.6],
            [-96.8019, 32.78877, 138.6],
            [-96.801908, 32.788758, 138.6],
            [-96.801915, 32.788743, 138.6],
            [-96.801923, 32.788732, 138.6],
            [-96.801931, 32.788723, 138.6],
            [-96.80194, 32.788715, 138.6],
            [-96.801947, 32.788708, 138.6],
            [-96.801959, 32.788701, 138.7],
            [-96.801972, 32.788694, 138.7],
            [-96.801982, 32.788687, 138.7],
            [-96.801991, 32.78868, 138.7],
            [-96.802, 32.788674, 138.7],
            [-96.802016, 32.788671, 138.7],
            [-96.802032, 32.788668, 138.7],
            [-96.802042, 32.788661, 138.7],
            [-96.802049, 32.788653, 138.7],
            [-96.802053, 32.788645, 138.7],
            [-96.802065, 32.788641, 138.8],
            [-96.802077, 32.788638, 138.8],
            [-96.802078, 32.788628, 138.8],
            [-96.802077, 32.788625, 138.8],
            [-96.802077, 32.788623, 138.8],
            [-96.802076, 32.78862, 138.8],
            [-96.802075, 32.788617, 138.8],
            [-96.802074, 32.788614, 138.8],
            [-96.802073, 32.788611, 138.8],
            [-96.802072, 32.788608, 138.8],
            [-96.802072, 32.788606, 138.8],
            [-96.802071, 32.788603, 138.8],
            [-96.80207, 32.7886, 138.8],
            [-96.802083, 32.788569, 138.8],
            [-96.802087, 32.788561, 138.8],
            [-96.80209, 32.788558, 138.8],
            [-96.802096, 32.788559, 138.8],
            [-96.802105, 32.788554, 138.9],
            [-96.802116, 32.788545, 138.9],
            [-96.802127, 32.788537, 138.9],
            [-96.802142, 32.788524, 138.9],
            [-96.802157, 32.788514, 138.9],
            [-96.802174, 32.788505, 138.9],
            [-96.802191, 32.788505, 138.9],
            [-96.802204, 32.788509, 138.9],
            [-96.802217, 32.788513, 138.9],
            [-96.802228, 32.788514, 138.9],
            [-96.802239, 32.788509, 139],
            [-96.802247, 32.788499, 139],
            [-96.802268, 32.788493, 139],
            [-96.802279, 32.788495, 139],
            [-96.802291, 32.788497, 139],
            [-96.802312, 32.788487, 139],
            [-96.80232, 32.78848, 139],
            [-96.802327, 32.788474, 139],
            [-96.802337, 32.788462, 139],
            [-96.802346, 32.788452, 139],
            [-96.80236, 32.788434, 139],
            [-96.802365, 32.788427, 139],
            [-96.80237, 32.78842, 139],
            [-96.802369, 32.788401, 139],
            [-96.802366, 32.788393, 139],
            [-96.802362, 32.788384, 139],
            [-96.80236, 32.788363, 139],
            [-96.802363, 32.788355, 139],
            [-96.802365, 32.788347, 139],
            [-96.802373, 32.788336, 139],
            [-96.802382, 32.788323, 139],
            [-96.802393, 32.788313, 139],
            [-96.802406, 32.788303, 139],
            [-96.80242, 32.788293, 139],
            [-96.802438, 32.788281, 139],
            [-96.802455, 32.788273, 139],
            [-96.802471, 32.788269, 139],
            [-96.802497, 32.788269, 139],
            [-96.802508, 32.78827, 139],
            [-96.802519, 32.788271, 139],
            [-96.80253, 32.788276, 139],
            [-96.802537, 32.788281, 139],
            [-96.802541, 32.788279, 139],
            [-96.80254, 32.788277, 139],
            [-96.802539, 32.788276, 139],
            [-96.802539, 32.788274, 139],
            [-96.80254, 32.788274, 139],
            [-96.80254, 32.788274, 139],
            [-96.802541, 32.788274, 139],
            [-96.802545, 32.788274, 139],
            [-96.802547, 32.788274, 139],
            [-96.802548, 32.788274, 139],
            [-96.802547, 32.788275, 139],
            [-96.802547, 32.788276, 139],
            [-96.802547, 32.78828, 139],
            [-96.802547, 32.788282, 139],
            [-96.802547, 32.788285, 139],
            [-96.802545, 32.78829, 139],
            [-96.802542, 32.788315, 139],
            [-96.802542, 32.788332, 139],
            [-96.802538, 32.788348, 139],
            [-96.802535, 32.78836, 139],
            [-96.802529, 32.78838, 139],
            [-96.802526, 32.788388, 139],
            [-96.802523, 32.788396, 139],
            [-96.802519, 32.788407, 139],
            [-96.802522, 32.788422, 139],
            [-96.802535, 32.788427, 139],
            [-96.802547, 32.788422, 139],
            [-96.802557, 32.788418, 139],
            [-96.802565, 32.788416, 139],
            [-96.802575, 32.788418, 139],
            [-96.802583, 32.788416, 139],
            [-96.802583, 32.78841, 139],
            [-96.802578, 32.788405, 139],
            [-96.802575, 32.788404, 139],
            [-96.802571, 32.788407, 139],
            [-96.80257, 32.788408, 139],
            [-96.802569, 32.788409, 139],
            [-96.802568, 32.788409, 139],
            [-96.802566, 32.78841, 139],
            [-96.802567, 32.788414, 139],
            [-96.802568, 32.788415, 139],
            [-96.802567, 32.788416, 139],
            [-96.802565, 32.788416, 139],
            [-96.802563, 32.788416, 139],
            [-96.802563, 32.788416, 139],
            [-96.802543, 32.788419, 139],
            [-96.802541, 32.788419, 139],
            [-96.80254, 32.78842, 139],
            [-96.80254, 32.78842, 139],
            [-96.802539, 32.78842, 139],
            [-96.802539, 32.78842, 139],
            [-96.802541, 32.788422, 139],
            [-96.802541, 32.788423, 139],
            [-96.802541, 32.788424, 139],
            [-96.80254, 32.788425, 139],
            [-96.802535, 32.788426, 139],
            [-96.802534, 32.788426, 139],
            [-96.802534, 32.788426, 139],
            [-96.802534, 32.788429, 139],
            [-96.802533, 32.788432, 139],
            [-96.802533, 32.788432, 139],
            [-96.802532, 32.788433, 139],
            [-96.802532, 32.788433, 139],
            [-96.802532, 32.788434, 139],
            [-96.802532, 32.788434, 139],
            [-96.802532, 32.788434, 139],
            [-96.802532, 32.788434, 139],
            [-96.802532, 32.788434, 139],
            [-96.802532, 32.788434, 139],
            [-96.802532, 32.788434, 139],
            [-96.802532, 32.788434, 139],
            [-96.802532, 32.788434, 139],
            [-96.802532, 32.788434, 139],
            [-96.802533, 32.788434, 139],
            [-96.802533, 32.788434, 139],
            [-96.802533, 32.788434, 139],
            [-96.802534, 32.788435, 139],
            [-96.802534, 32.788435, 139],
            [-96.802538, 32.788439, 139],
            [-96.802536, 32.788426, 139],
            [-96.802535, 32.788418, 139],
            [-96.802534, 32.788415, 139],
            [-96.802535, 32.788415, 139],
            [-96.802536, 32.788416, 139],
            [-96.802536, 32.788416, 139],
            [-96.802536, 32.788416, 139],
            [-96.802536, 32.788416, 139],
            [-96.802536, 32.788417, 139],
            [-96.802537, 32.788417, 139],
            [-96.802537, 32.788418, 139],
            [-96.802537, 32.788418, 139],
            [-96.802538, 32.788418, 139],
            [-96.802538, 32.788418, 139],
            [-96.802538, 32.788419, 139],
            [-96.802538, 32.788419, 139],
            [-96.802539, 32.78842, 139],
            [-96.80254, 32.78842, 139],
            [-96.80254, 32.78842, 139],
            [-96.802541, 32.788421, 139],
            [-96.802541, 32.788421, 139],
            [-96.802542, 32.78842, 139],
            [-96.802543, 32.78842, 139],
            [-96.802543, 32.78842, 139],
            [-96.802543, 32.78842, 139],
            [-96.802543, 32.788419, 139],
            [-96.802544, 32.788418, 139],
            [-96.802545, 32.788418, 139],
            [-96.802545, 32.788418, 139],
            [-96.802545, 32.788418, 139],
            [-96.802545, 32.788419, 139],
            [-96.802545, 32.788419, 139],
            [-96.802545, 32.788419, 139],
            [-96.802545, 32.78842, 139],
            [-96.802545, 32.78842, 139],
            [-96.802545, 32.78842, 139],
            [-96.802545, 32.78842, 139],
            [-96.802545, 32.78842, 139],
            [-96.802546, 32.78842, 139],
            [-96.802546, 32.78842, 139],
            [-96.802546, 32.78842, 139],
            [-96.802546, 32.788419, 139],
            [-96.802546, 32.788419, 139],
            [-96.802546, 32.78842, 139],
            [-96.802546, 32.78842, 139],
            [-96.802546, 32.78842, 139],
            [-96.802547, 32.78842, 139],
            [-96.802547, 32.788421, 139],
            [-96.802548, 32.788421, 139],
            [-96.802548, 32.788421, 139],
            [-96.802548, 32.788421, 139],
            [-96.802549, 32.788421, 139],
            [-96.802549, 32.788421, 139],
            [-96.802549, 32.788421, 139],
            [-96.802549, 32.788421, 139],
            [-96.802549, 32.788421, 139],
            [-96.802549, 32.788421, 139],
            [-96.802549, 32.788421, 139],
            [-96.802549, 32.788421, 139],
            [-96.802549, 32.788421, 139],
            [-96.80255, 32.788421, 139],
            [-96.80255, 32.788421, 139],
            [-96.80255, 32.788421, 139],
            [-96.80255, 32.788421, 139],
            [-96.802549, 32.788421, 139],
            [-96.802549, 32.788421, 139],
            [-96.802549, 32.788421, 139],
            [-96.802549, 32.788421, 139],
            [-96.802549, 32.788421, 139],
            [-96.802549, 32.788421, 139],
            [-96.80255, 32.788421, 139],
            [-96.80255, 32.788421, 139],
            [-96.80255, 32.788421, 139],
            [-96.802548, 32.78842, 139],
            [-96.802549, 32.788418, 139],
            [-96.802549, 32.788418, 139],
            [-96.802549, 32.788418, 139],
            [-96.802548, 32.788418, 139],
            [-96.802547, 32.788422, 139],
            [-96.802546, 32.788418, 139],
            [-96.802543, 32.788421, 139],
            [-96.80254, 32.788426, 139],
            [-96.802533, 32.788433, 139],
            [-96.80253, 32.788456, 139.1],
            [-96.80253, 32.788473, 139.1],
            [-96.802525, 32.788489, 139.1],
            [-96.80252, 32.78851, 139.1],
            [-96.802518, 32.788519, 139.1],
            [-96.802516, 32.788528, 139.1],
            [-96.80251, 32.788541, 139.1],
            [-96.802511, 32.78856, 139.1],
            [-96.802505, 32.788574, 139.1],
            [-96.802498, 32.788586, 139.1],
            [-96.802489, 32.788599, 139.1],
            [-96.80248, 32.788612, 139.1],
            [-96.802477, 32.788643, 139.1],
            [-96.802474, 32.788651, 139.1],
            [-96.802466, 32.788663, 139.1],
            [-96.802457, 32.788675, 139.1],
            [-96.802448, 32.788686, 139.1],
            [-96.802441, 32.7887, 139.1],
            [-96.802436, 32.788717, 139],
            [-96.802429, 32.788728, 139],
            [-96.802417, 32.788747, 139],
            [-96.802412, 32.788755, 139],
            [-96.802408, 32.788764, 139],
            [-96.802405, 32.788779, 139],
            [-96.802397, 32.788789, 139],
            [-96.802387, 32.788807, 139],
            [-96.802385, 32.788815, 139],
            [-96.802382, 32.788823, 139],
            [-96.802377, 32.788834, 139],
            [-96.802371, 32.788843, 139],
            [-96.802365, 32.788852, 139],
            [-96.802358, 32.788857, 139],
            [-96.802353, 32.788868, 139],
            [-96.80235, 32.788877, 139],
            [-96.802345, 32.788885, 139],
            [-96.802336, 32.78889, 139],
            [-96.802323, 32.788893, 139],
            [-96.802299, 32.788895, 139],
            [-96.802289, 32.788896, 139],
            [-96.802279, 32.788898, 139],
            [-96.802271, 32.788905, 139],
            [-96.802261, 32.788913, 139],
            [-96.802255, 32.788927, 139],
            [-96.802242, 32.788947, 139],
            [-96.802236, 32.788954, 139],
            [-96.802229, 32.78896, 139],
            [-96.802219, 32.788968, 139],
            [-96.802212, 32.788984, 139],
            [-96.802207, 32.789, 139],
            [-96.802197, 32.789011, 139],
            [-96.802177, 32.789026, 139],
            [-96.802169, 32.789033, 139],
            [-96.80216, 32.78904, 139],
            [-96.802148, 32.789053, 139],
            [-96.802135, 32.789062, 139],
            [-96.802122, 32.789071, 139],
            [-96.802109, 32.789079, 139],
            [-96.802096, 32.789088, 139],
            [-96.802084, 32.789097, 139],
            [-96.802065, 32.789112, 139],
            [-96.802059, 32.789119, 139],
            [-96.802052, 32.789125, 139],
            [-96.802045, 32.789139, 139],
            [-96.802037, 32.789149, 139],
            [-96.802027, 32.78916, 139],
            [-96.802015, 32.789165, 139],
            [-96.802004, 32.789173, 139],
            [-96.802002, 32.789185, 139],
            [-96.802, 32.789197, 139.1],
            [-96.802003, 32.789207, 139.1],
            [-96.801999, 32.789215, 139.1],
            [-96.801989, 32.789221, 139.1],
            [-96.801982, 32.789227, 139.1],
            [-96.801971, 32.789235, 139.1],
            [-96.80196, 32.789242, 139.1],
            [-96.80195, 32.789251, 139.1],
            [-96.801939, 32.78926, 139.1],
            [-96.801947, 32.789268, 139.1],
            [-96.801936, 32.789278, 139.1],
            [-96.801923, 32.789286, 139.1],
            [-96.801909, 32.789295, 139.1],
            [-96.801894, 32.789301, 139.1],
            [-96.801885, 32.789307, 139.1],
            [-96.801872, 32.789313, 139.1],
            [-96.80185, 32.789325, 139.1],
            [-96.801842, 32.789329, 139.1],
            [-96.801833, 32.789334, 139.1],
            [-96.801811, 32.789342, 139.1],
            [-96.801797, 32.789352, 139.1],
            [-96.801782, 32.789369, 139.1],
            [-96.801776, 32.789377, 139.1],
            [-96.80177, 32.789384, 139.1],
            [-96.801757, 32.789401, 139.1],
            [-96.801752, 32.789407, 139.1],
            [-96.801746, 32.789414, 139.1],
            [-96.801737, 32.789424, 139.1],
            [-96.801721, 32.789443, 139.1],
            [-96.801715, 32.789452, 139.1],
            [-96.801708, 32.78946, 139.1],
            [-96.801702, 32.789469, 139.1],
            [-96.801695, 32.789477, 139.1],
            [-96.801687, 32.789487, 139.1],
            [-96.801662, 32.789496, 139.1],
            [-96.801646, 32.789504, 139.1],
            [-96.801633, 32.789508, 139.1],
            [-96.801621, 32.789508, 139.1],
            [-96.801607, 32.789508, 139],
            [-96.801593, 32.789519, 139],
            [-96.80158, 32.78953, 139],
            [-96.80157, 32.789539, 139],
            [-96.801545, 32.789549, 139],
            [-96.801531, 32.789552, 139],
            [-96.801518, 32.789556, 139],
            [-96.801497, 32.789562, 139],
            [-96.801484, 32.789564, 139],
            [-96.801464, 32.789575, 139],
            [-96.801457, 32.789582, 138.9],
            [-96.801449, 32.789588, 138.9],
            [-96.801434, 32.789596, 138.9],
            [-96.801421, 32.789604, 138.9],
            [-96.801408, 32.789612, 138.9],
            [-96.801394, 32.789622, 138.8],
            [-96.801374, 32.789638, 138.8],
            [-96.801367, 32.789642, 138.8],
            [-96.80136, 32.789647, 138.8],
            [-96.80135, 32.789654, 138.8],
            [-96.80134, 32.789665, 138.8],
            [-96.801332, 32.789673, 138.8],
            [-96.801332, 32.789684, 138.8],
            [-96.801339, 32.789697, 138.8],
            [-96.801349, 32.789706, 138.8],
            [-96.801367, 32.789723, 138.9],
            [-96.801373, 32.789729, 138.9],
            [-96.80138, 32.789736, 138.9],
            [-96.801393, 32.789746, 138.9],
            [-96.801406, 32.789755, 139],
            [-96.801421, 32.789768, 139],
            [-96.801432, 32.789778, 139],
            [-96.801444, 32.789788, 139.1],
            [-96.801458, 32.789799, 139.1],
            [-96.80147, 32.789809, 139.1],
            [-96.801484, 32.789821, 139.1],
            [-96.801492, 32.789832, 139.2],
            [-96.801501, 32.789845, 139.2],
            [-96.801505, 32.789865, 139.3],
            [-96.801504, 32.789875, 139.3],
            [-96.801503, 32.789884, 139.3],
            [-96.801495, 32.789899, 139.3],
            [-96.801484, 32.789915, 139.3],
            [-96.801472, 32.789926, 139.2],
            [-96.801456, 32.789938, 139.2],
            [-96.801442, 32.78995, 139.2],
            [-96.801429, 32.78996, 139.2],
            [-96.80142, 32.789973, 139.1],
            [-96.801397, 32.789979, 139],
            [-96.801381, 32.789984, 139],
            [-96.801368, 32.78999, 139],
            [-96.801353, 32.789992, 138.9],
            [-96.80134, 32.789994, 138.9],
            [-96.801327, 32.790001, 138.9],
            [-96.801309, 32.790014, 138.9],
            [-96.801301, 32.790019, 138.9],
            [-96.801294, 32.790024, 138.9],
            [-96.801283, 32.790032, 138.8],
            [-96.801272, 32.790041, 138.8],
            [-96.801264, 32.79005, 138.8],
            [-96.801258, 32.790056, 138.8],
            [-96.801252, 32.790062, 138.8],
            [-96.801247, 32.790065, 138.8],
            [-96.801238, 32.790069, 138.8],
            [-96.801229, 32.790075, 138.7],
            [-96.80122, 32.790081, 138.7],
            [-96.801206, 32.790087, 138.7],
            [-96.801194, 32.790093, 138.7],
            [-96.801183, 32.790101, 138.7],
            [-96.801172, 32.790109, 138.7],
            [-96.801162, 32.790117, 138.7],
            [-96.801152, 32.790125, 138.7],
            [-96.801139, 32.790132, 138.6],
            [-96.801122, 32.790146, 138.6],
            [-96.801114, 32.790152, 138.6],
            [-96.801107, 32.790157, 138.6],
            [-96.801083, 32.790167, 138.6],
            [-96.801073, 32.790169, 138.6],
            [-96.801062, 32.790172, 138.6],
            [-96.801043, 32.79018, 138.5],
            [-96.801033, 32.790186, 138.5],
            [-96.801024, 32.790191, 138.5],
            [-96.801009, 32.790201, 138.5],
            [-96.800997, 32.79021, 138.5],
            [-96.800984, 32.790221, 138.5],
            [-96.800974, 32.790232, 138.5],
            [-96.800963, 32.790242, 138.5],
            [-96.800952, 32.790253, 138.5],
            [-96.800932, 32.790269, 138.4],
            [-96.800925, 32.790274, 138.4],
            [-96.800917, 32.790279, 138.4],
            [-96.800909, 32.790286, 138.4],
            [-96.800899, 32.790295, 138.4],
            [-96.800889, 32.790303, 138.4],
            [-96.800869, 32.790316, 138.4],
            [-96.800861, 32.790321, 138.4],
            [-96.800853, 32.790326, 138.4],
            [-96.800842, 32.790331, 138.4],
            [-96.800828, 32.790338, 138.4],
            [-96.800817, 32.790345, 138.4],
            [-96.800806, 32.790353, 138.4],
            [-96.800795, 32.790361, 138.4],
            [-96.800786, 32.790369, 138.4],
            [-96.800777, 32.790378, 138.4],
            [-96.800769, 32.790386, 138.4],
            [-96.800758, 32.790395, 138.4],
            [-96.800741, 32.790411, 138.4],
            [-96.800734, 32.790416, 138.4],
            [-96.800727, 32.790422, 138.4],
            [-96.800716, 32.790429, 138.4],
            [-96.800707, 32.790437, 138.4],
            [-96.800697, 32.790443, 138.4],
            [-96.800686, 32.790447, 138.4],
            [-96.800676, 32.790446, 138.4],
            [-96.800668, 32.790443, 138.4],
            [-96.800663, 32.790444, 138.4],
            [-96.800668, 32.790452, 138.4],
            [-96.800668, 32.790452, 138.4],
            [-96.800668, 32.790452, 138.4],
            [-96.800668, 32.790452, 138.4],
            [-96.800668, 32.790452, 138.4],
            [-96.800668, 32.790451, 138.4],
            [-96.800668, 32.790451, 138.4],
            [-96.800668, 32.790451, 138.4],
            [-96.800668, 32.790451, 138.4],
            [-96.800668, 32.790451, 138.4],
            [-96.800668, 32.790451, 138.4],
            [-96.800668, 32.790451, 138.4],
            [-96.800668, 32.790451, 138.4],
            [-96.800668, 32.790451, 138.4],
            [-96.800668, 32.790451, 138.4],
            [-96.800667, 32.79045, 138.4],
            [-96.800667, 32.79045, 138.4],
            [-96.800667, 32.79045, 138.4],
            [-96.800667, 32.79045, 138.4],
            [-96.800667, 32.79045, 138.4],
            [-96.800667, 32.79045, 138.4],
            [-96.800667, 32.79045, 138.4],
            [-96.800667, 32.79045, 138.4],
            [-96.800667, 32.79045, 138.4],
            [-96.800667, 32.79045, 138.4],
            [-96.800667, 32.79045, 138.4],
            [-96.800667, 32.790449, 138.4],
            [-96.800667, 32.790449, 138.4],
            [-96.800667, 32.790449, 138.4],
            [-96.800667, 32.790449, 138.4],
            [-96.800667, 32.790449, 138.4],
            [-96.800667, 32.790449, 138.4],
            [-96.800667, 32.790449, 138.4],
            [-96.800667, 32.790449, 138.4],
            [-96.800667, 32.790449, 138.4],
            [-96.800667, 32.790449, 138.4],
            [-96.800667, 32.790448, 138.4],
            [-96.800667, 32.790448, 138.4],
            [-96.800667, 32.790448, 138.4],
            [-96.800667, 32.790448, 138.4],
            [-96.800667, 32.790448, 138.4],
            [-96.800667, 32.790448, 138.4],
            [-96.800667, 32.790448, 138.4],
            [-96.800667, 32.790448, 138.4],
            [-96.800667, 32.790448, 138.4],
            [-96.800666, 32.790448, 138.4],
            [-96.800666, 32.790448, 138.4],
            [-96.800666, 32.790447, 138.4],
            [-96.800666, 32.790447, 138.4],
            [-96.800666, 32.790447, 138.4],
            [-96.800666, 32.790447, 138.4],
            [-96.800666, 32.790447, 138.4],
            [-96.800666, 32.790447, 138.4],
            [-96.800666, 32.790447, 138.4],
            [-96.800666, 32.790447, 138.4],
            [-96.800666, 32.790447, 138.4],
            [-96.800666, 32.790447, 138.4],
            [-96.800666, 32.790446, 138.4],
            [-96.800666, 32.790446, 138.4],
            [-96.800666, 32.790446, 138.4],
            [-96.800666, 32.790446, 138.4],
            [-96.800666, 32.790446, 138.4],
            [-96.800666, 32.790446, 138.4],
            [-96.800666, 32.790446, 138.4],
            [-96.800666, 32.790446, 138.4],
            [-96.800666, 32.790446, 138.4],
            [-96.800666, 32.790446, 138.4],
            [-96.800666, 32.790445, 138.4],
            [-96.800666, 32.790445, 138.4],
            [-96.800666, 32.790445, 138.4],
            [-96.800666, 32.790445, 138.4],
            [-96.800666, 32.790445, 138.4],
            [-96.800666, 32.790445, 138.4],
            [-96.800666, 32.790445, 138.4],
            [-96.800666, 32.790445, 138.4],
            [-96.800665, 32.790445, 138.4],
            [-96.800665, 32.790445, 138.4],
            [-96.800665, 32.790445, 138.4],
            [-96.800665, 32.790444, 138.4],
            [-96.800665, 32.790444, 138.4],
            [-96.800665, 32.790444, 138.4],
            [-96.800665, 32.790444, 138.4],
            [-96.800665, 32.790444, 138.4],
            [-96.800665, 32.790444, 138.4],
            [-96.800665, 32.790444, 138.4],
            [-96.800665, 32.790444, 138.4],
            [-96.800665, 32.790444, 138.4],
            [-96.800665, 32.790444, 138.4],
            [-96.800665, 32.790443, 138.4],
            [-96.800665, 32.790443, 138.4],
            [-96.800665, 32.790443, 138.4],
            [-96.800665, 32.790443, 138.4],
            [-96.800665, 32.790443, 138.4],
            [-96.800665, 32.790443, 138.4],
            [-96.800665, 32.790443, 138.4],
            [-96.800665, 32.790443, 138.4],
            [-96.800665, 32.790443, 138.4],
            [-96.800665, 32.790443, 138.4],
            [-96.800665, 32.790443, 138.4],
            [-96.800665, 32.790442, 138.4],
            [-96.800665, 32.790442, 138.4],
            [-96.800665, 32.790442, 138.4],
            [-96.800665, 32.790442, 138.4],
            [-96.800665, 32.790442, 138.4],
            [-96.800665, 32.790442, 138.4],
            [-96.800664, 32.790442, 138.4],
            [-96.800664, 32.790442, 138.4],
            [-96.800664, 32.790442, 138.4],
            [-96.800664, 32.790442, 138.4],
            [-96.800664, 32.790441, 138.4],
            [-96.800664, 32.790441, 138.4],
            [-96.800664, 32.790441, 138.4],
            [-96.800664, 32.790441, 138.4],
            [-96.800664, 32.790441, 138.4],
            [-96.800664, 32.790441, 138.4],
            [-96.800664, 32.790441, 138.4],
            [-96.800664, 32.790441, 138.4],
            [-96.800664, 32.790441, 138.4],
            [-96.800664, 32.790441, 138.4],
            [-96.800664, 32.790441, 138.4],
            [-96.800664, 32.79044, 138.4],
            [-96.800664, 32.79044, 138.4],
            [-96.800664, 32.79044, 138.4],
            [-96.800664, 32.79044, 138.4],
            [-96.800664, 32.79044, 138.4],
            [-96.800664, 32.79044, 138.4],
            [-96.800664, 32.79044, 138.4],
            [-96.800664, 32.79044, 138.4],
            [-96.800664, 32.79044, 138.4],
            [-96.800664, 32.79044, 138.4],
            [-96.800664, 32.790439, 138.4],
            [-96.800664, 32.790439, 138.4],
            [-96.800664, 32.790439, 138.4],
            [-96.800664, 32.790439, 138.4],
            [-96.800664, 32.790439, 138.4],
            [-96.800663, 32.790439, 138.4],
            [-96.800663, 32.790439, 138.4],
            [-96.800663, 32.790439, 138.4],
            [-96.800663, 32.790439, 138.4],
            [-96.800663, 32.790439, 138.4],
            [-96.800663, 32.790439, 138.4],
            [-96.800663, 32.790438, 138.4],
            [-96.800663, 32.790438, 138.4],
            [-96.800663, 32.790438, 138.4],
            [-96.800663, 32.790438, 138.4],
            [-96.800663, 32.790438, 138.4],
            [-96.800663, 32.790438, 138.4],
            [-96.800663, 32.790438, 138.4],
            [-96.800663, 32.790438, 138.4],
            [-96.800663, 32.790438, 138.4],
            [-96.800663, 32.790438, 138.4],
            [-96.800663, 32.790437, 138.4],
            [-96.800663, 32.790437, 138.4],
            [-96.800663, 32.790437, 138.4],
            [-96.800663, 32.790437, 138.4],
            [-96.800663, 32.790437, 138.4],
            [-96.800663, 32.790437, 138.4],
            [-96.800663, 32.790437, 138.4],
            [-96.800663, 32.790437, 138.4],
            [-96.800663, 32.790437, 138.4],
            [-96.800663, 32.790437, 138.4],
            [-96.800663, 32.790437, 138.4],
            [-96.800663, 32.790436, 138.4],
            [-96.800663, 32.790436, 138.4],
            [-96.800663, 32.790436, 138.4],
            [-96.800662, 32.790436, 138.4],
            [-96.800662, 32.790436, 138.4],
            [-96.800662, 32.790436, 138.4],
            [-96.800662, 32.790436, 138.4],
            [-96.800662, 32.790436, 138.4],
            [-96.800662, 32.790436, 138.4],
            [-96.800662, 32.790436, 138.4],
            [-96.800662, 32.790435, 138.4],
            [-96.800662, 32.790435, 138.4],
            [-96.800662, 32.790435, 138.4],
            [-96.800662, 32.790435, 138.4],
            [-96.800662, 32.790435, 138.4],
            [-96.800662, 32.790435, 138.4],
            [-96.800662, 32.790435, 138.4],
            [-96.800662, 32.790435, 138.4],
            [-96.800662, 32.790435, 138.4],
            [-96.800662, 32.790435, 138.4],
            [-96.800662, 32.790434, 138.4],
            [-96.800662, 32.790434, 138.4],
            [-96.800662, 32.790434, 138.4],
            [-96.800662, 32.790434, 138.4],
            [-96.800662, 32.790434, 138.4],
            [-96.800662, 32.790434, 138.4],
            [-96.800662, 32.790434, 138.4],
            [-96.800662, 32.790434, 138.4],
            [-96.800662, 32.790434, 138.4],
            [-96.800662, 32.790434, 138.4],
            [-96.800662, 32.790434, 138.4],
            [-96.800662, 32.790433, 138.4],
            [-96.800662, 32.790433, 138.4],
            [-96.800661, 32.790433, 138.4],
            [-96.800661, 32.790433, 138.4],
            [-96.800661, 32.790433, 138.4],
            [-96.800661, 32.790433, 138.4],
            [-96.800661, 32.790433, 138.4],
            [-96.800661, 32.790433, 138.4],
            [-96.800661, 32.790433, 138.4],
            [-96.800661, 32.790433, 138.4],
            [-96.800661, 32.790432, 138.4],
            [-96.800661, 32.790432, 138.4],
            [-96.800661, 32.790432, 138.4],
            [-96.800661, 32.790432, 138.4],
            [-96.800661, 32.790432, 138.4],
            [-96.800661, 32.790432, 138.4],
            [-96.800661, 32.790432, 138.4],
            [-96.800661, 32.790432, 138.4],
            [-96.800661, 32.790432, 138.4],
            [-96.800661, 32.790432, 138.4],
            [-96.800661, 32.790432, 138.4],
            [-96.800661, 32.790431, 138.4],
            [-96.800661, 32.790431, 138.4],
            [-96.800661, 32.790431, 138.4],
            [-96.800661, 32.790431, 138.4],
            [-96.800661, 32.790431, 138.4],
            [-96.800661, 32.790431, 138.4],
            [-96.800661, 32.790431, 138.4],
            [-96.800661, 32.790431, 138.4],
            [-96.800661, 32.790431, 138.4],
            [-96.800661, 32.790431, 138.4],
            [-96.800661, 32.79043, 138.4],
            [-96.80066, 32.79043, 138.4],
            [-96.80066, 32.79043, 138.4],
            [-96.80066, 32.79043, 138.4],
            [-96.80066, 32.79043, 138.4],
            [-96.80066, 32.79043, 138.4],
            [-96.80066, 32.79043, 138.4],
            [-96.80066, 32.79043, 138.4],
            [-96.80066, 32.79043, 138.4],
            [-96.80066, 32.79043, 138.4],
            [-96.80066, 32.79043, 138.4],
            [-96.80066, 32.790429, 138.4],
            [-96.80066, 32.790429, 138.4],
            [-96.80066, 32.790429, 138.4],
            [-96.80066, 32.790429, 138.4],
            [-96.80066, 32.790429, 138.4],
            [-96.80066, 32.790429, 138.4],
            [-96.80066, 32.790429, 138.4],
            [-96.80066, 32.790429, 138.4],
            [-96.80066, 32.790429, 138.4],
            [-96.80066, 32.790429, 138.4],
            [-96.80066, 32.790428, 138.4],
            [-96.80066, 32.790428, 138.4],
            [-96.80066, 32.790428, 138.4],
            [-96.80066, 32.790428, 138.4],
            [-96.80066, 32.790428, 138.4],
            [-96.80066, 32.790428, 138.4],
            [-96.80066, 32.790428, 138.4],
            [-96.80066, 32.790428, 138.4],
            [-96.80066, 32.790428, 138.4],
            [-96.80066, 32.790428, 138.4],
            [-96.800659, 32.790428, 138.4],
            [-96.800659, 32.790427, 138.4],
            [-96.800659, 32.790427, 138.4],
            [-96.800659, 32.790427, 138.4],
            [-96.800659, 32.790427, 138.4],
            [-96.800659, 32.790427, 138.4],
            [-96.800659, 32.790427, 138.4],
            [-96.800659, 32.790427, 138.4],
            [-96.800659, 32.790427, 138.4],
            [-96.800659, 32.790427, 138.4],
            [-96.800659, 32.790427, 138.4],
            [-96.800659, 32.790426, 138.4],
            [-96.800659, 32.790426, 138.4],
            [-96.800659, 32.790426, 138.4],
            [-96.800659, 32.790426, 138.4],
            [-96.800659, 32.790426, 138.4],
            [-96.800659, 32.790426, 138.4],
            [-96.800659, 32.790426, 138.4],
            [-96.800659, 32.790426, 138.4],
            [-96.800659, 32.790426, 138.4],
            [-96.800659, 32.790426, 138.4],
            [-96.800659, 32.790426, 138.4],
            [-96.800659, 32.790425, 138.4],
            [-96.800659, 32.790425, 138.4],
            [-96.800659, 32.790425, 138.4],
            [-96.800659, 32.790425, 138.4],
            [-96.800659, 32.790425, 138.4],
            [-96.800659, 32.790425, 138.4],
            [-96.800659, 32.790425, 138.4],
            [-96.800659, 32.790425, 138.4],
            [-96.800658, 32.790425, 138.4],
            [-96.800658, 32.790425, 138.4],
            [-96.800658, 32.790424, 138.4],
            [-96.800658, 32.790424, 138.4],
            [-96.800658, 32.790424, 138.4],
            [-96.800658, 32.790424, 138.4],
            [-96.800658, 32.790424, 138.4],
            [-96.800658, 32.790424, 138.4],
            [-96.800658, 32.790424, 138.4],
            [-96.800658, 32.790424, 138.4],
            [-96.800658, 32.790424, 138.4],
            [-96.800658, 32.790424, 138.4],
            [-96.800658, 32.790424, 138.4],
            [-96.800658, 32.790423, 138.4],
            [-96.800658, 32.790423, 138.4],
            [-96.800658, 32.790423, 138.4],
            [-96.800658, 32.790423, 138.4],
            [-96.800658, 32.790423, 138.4],
            [-96.800658, 32.790423, 138.4],
            [-96.800658, 32.790423, 138.4],
            [-96.800658, 32.790423, 138.4],
            [-96.800658, 32.790423, 138.4],
            [-96.800658, 32.790423, 138.4],
            [-96.800658, 32.790422, 138.4],
            [-96.800658, 32.790422, 138.4],
            [-96.800658, 32.790422, 138.4],
            [-96.800658, 32.790422, 138.4],
            [-96.800658, 32.790422, 138.4],
            [-96.800658, 32.790422, 138.4],
            [-96.800658, 32.790422, 138.4],
            [-96.800657, 32.790422, 138.4],
            [-96.800657, 32.790422, 138.4],
            [-96.800657, 32.790422, 138.4],
            [-96.800657, 32.790421, 138.4],
            [-96.800657, 32.790421, 138.4],
            [-96.800657, 32.790421, 138.4],
            [-96.800657, 32.790421, 138.4],
            [-96.800657, 32.790421, 138.4],
            [-96.800657, 32.790421, 138.4],
            [-96.800657, 32.790421, 138.4],
            [-96.800657, 32.790421, 138.4],
            [-96.800657, 32.790421, 138.4],
            [-96.800657, 32.790421, 138.4],
            [-96.800657, 32.790421, 138.4],
            [-96.800657, 32.79042, 138.4],
            [-96.800657, 32.79042, 138.4],
            [-96.800657, 32.79042, 138.4],
            [-96.800657, 32.79042, 138.4],
            [-96.800657, 32.79042, 138.4],
            [-96.800657, 32.79042, 138.4],
            [-96.800657, 32.79042, 138.4],
            [-96.800657, 32.79042, 138.4],
            [-96.800657, 32.79042, 138.4],
            [-96.800657, 32.79042, 138.4],
            [-96.800657, 32.790419, 138.4],
            [-96.800657, 32.790419, 138.4],
            [-96.800657, 32.790419, 138.4],
            [-96.800657, 32.790419, 138.4],
            [-96.800657, 32.790419, 138.4],
            [-96.800657, 32.790419, 138.4],
            [-96.800656, 32.790419, 138.4],
            [-96.800656, 32.790419, 138.4],
            [-96.800656, 32.790419, 138.4],
            [-96.800656, 32.790419, 138.4],
            [-96.800656, 32.790419, 138.4],
            [-96.800656, 32.790418, 138.4],
            [-96.800656, 32.790418, 138.4],
            [-96.800656, 32.790418, 138.4],
            [-96.800656, 32.790418, 138.4],
            [-96.800656, 32.790418, 138.4],
            [-96.800656, 32.790418, 138.4],
            [-96.800656, 32.790418, 138.4],
            [-96.800656, 32.790418, 138.4],
            [-96.800656, 32.790418, 138.4],
            [-96.800656, 32.790418, 138.4],
            [-96.800656, 32.790417, 138.4],
            [-96.800656, 32.790417, 138.4],
            [-96.800656, 32.790417, 138.4],
            [-96.800656, 32.790417, 138.4],
            [-96.800656, 32.790417, 138.4],
            [-96.800656, 32.790417, 138.4],
            [-96.800656, 32.790417, 138.4],
            [-96.800656, 32.790417, 138.4],
            [-96.800656, 32.790417, 138.4],
            [-96.800656, 32.790417, 138.4],
            [-96.800656, 32.790417, 138.4],
            [-96.800656, 32.790416, 138.4],
            [-96.800656, 32.790416, 138.4],
            [-96.800656, 32.790416, 138.4],
            [-96.800656, 32.790416, 138.4],
            [-96.800655, 32.790416, 138.4],
            [-96.800655, 32.790416, 138.4],
            [-96.800655, 32.790416, 138.4],
            [-96.800655, 32.790416, 138.4],
            [-96.800655, 32.790416, 138.4],
            [-96.800655, 32.790416, 138.4],
            [-96.800655, 32.790415, 138.4],
            [-96.800655, 32.790415, 138.4],
            [-96.800655, 32.790415, 138.4],
            [-96.800655, 32.790415, 138.4],
            [-96.800655, 32.790415, 138.4],
            [-96.800655, 32.790415, 138.4],
            [-96.800655, 32.790415, 138.4],
            [-96.800655, 32.790415, 138.4],
            [-96.800655, 32.790415, 138.4],
            [-96.800655, 32.790415, 138.4],
            [-96.800655, 32.790415, 138.4],
            [-96.800655, 32.790414, 138.4],
            [-96.800655, 32.790414, 138.4],
            [-96.800655, 32.790414, 138.4],
            [-96.800655, 32.790414, 138.4],
            [-96.800655, 32.790414, 138.4],
            [-96.800655, 32.790414, 138.4],
            [-96.800655, 32.790414, 138.4],
            [-96.800655, 32.790414, 138.4],
            [-96.800655, 32.790414, 138.4],
            [-96.800655, 32.790414, 138.4],
            [-96.800655, 32.790413, 138.4],
            [-96.800655, 32.790413, 138.4],
            [-96.800655, 32.790413, 138.4],
            [-96.800654, 32.790413, 138.4],
            [-96.800654, 32.790413, 138.4],
            [-96.800654, 32.790413, 138.4],
            [-96.800654, 32.790413, 138.4],
            [-96.800654, 32.790413, 138.4],
            [-96.800654, 32.790413, 138.4],
            [-96.800654, 32.790413, 138.4],
            [-96.800654, 32.790413, 138.4],
            [-96.800654, 32.790412, 138.4],
            [-96.800654, 32.790412, 138.4],
            [-96.800654, 32.790412, 138.4],
            [-96.800654, 32.790412, 138.4],
            [-96.800654, 32.790412, 138.4],
            [-96.800654, 32.790412, 138.4],
            [-96.800654, 32.790412, 138.4],
            [-96.800654, 32.790412, 138.4],
            [-96.800654, 32.790412, 138.4],
            [-96.800654, 32.790412, 138.4],
            [-96.800654, 32.790411, 138.4],
            [-96.800654, 32.790411, 138.4],
            [-96.800654, 32.790411, 138.4],
            [-96.800654, 32.790411, 138.4],
            [-96.800654, 32.790411, 138.4],
            [-96.800654, 32.790411, 138.4],
            [-96.800654, 32.790411, 138.4],
            [-96.800654, 32.790411, 138.4],
            [-96.800654, 32.790411, 138.4],
            [-96.800654, 32.790411, 138.4],
            [-96.800654, 32.79041, 138.4],
            [-96.800654, 32.79041, 138.4],
            [-96.800653, 32.79041, 138.4],
            [-96.800653, 32.79041, 138.4],
            [-96.800653, 32.79041, 138.4],
            [-96.800653, 32.79041, 138.4],
            [-96.800653, 32.79041, 138.4],
            [-96.800653, 32.79041, 138.4],
            [-96.800653, 32.79041, 138.4],
            [-96.800653, 32.79041, 138.4],
            [-96.800653, 32.79041, 138.4],
            [-96.800653, 32.790409, 138.4],
            [-96.800653, 32.790409, 138.4],
            [-96.800653, 32.790409, 138.4],
            [-96.800653, 32.790409, 138.4],
            [-96.800653, 32.790409, 138.4],
            [-96.800653, 32.790409, 138.4],
            [-96.800653, 32.790409, 138.4],
            [-96.800653, 32.790409, 138.4],
            [-96.800653, 32.790409, 138.4],
            [-96.800653, 32.790409, 138.4],
            [-96.800653, 32.790408, 138.4],
            [-96.800653, 32.790408, 138.4],
            [-96.800653, 32.790408, 138.4],
            [-96.800653, 32.790408, 138.4],
            [-96.800653, 32.790408, 138.4],
            [-96.800653, 32.790408, 138.4],
            [-96.800653, 32.790408, 138.4],
            [-96.800653, 32.790408, 138.4],
            [-96.800653, 32.790408, 138.4],
            [-96.800653, 32.790408, 138.4],
            [-96.800653, 32.790408, 138.4],
            [-96.800652, 32.790407, 138.4],
            [-96.800652, 32.790407, 138.4],
            [-96.800652, 32.790407, 138.4],
            [-96.800652, 32.790407, 138.4],
            [-96.800652, 32.790407, 138.4],
            [-96.800652, 32.790407, 138.4],
            [-96.800652, 32.790407, 138.4],
            [-96.800652, 32.790407, 138.4],
            [-96.800652, 32.790407, 138.4],
            [-96.800652, 32.790407, 138.4],
            [-96.800652, 32.790406, 138.4],
            [-96.800652, 32.790406, 138.4],
            [-96.800652, 32.790406, 138.4],
            [-96.800652, 32.790406, 138.4],
            [-96.800652, 32.790406, 138.4],
            [-96.800652, 32.790406, 138.4],
            [-96.800647, 32.790388, 138.4],
            [-96.800646, 32.790375, 138.3],
            [-96.800645, 32.790361, 138.3],
            [-96.800642, 32.790345, 138.3],
            [-96.80064, 32.790333, 138.3],
            [-96.800645, 32.790313, 138.3],
            [-96.800648, 32.790285, 138.3],
            [-96.800647, 32.790277, 138.3],
            [-96.800646, 32.790265, 138.3],
            [-96.800644, 32.790252, 138.3],
            [-96.800643, 32.79024, 138.3],
            [-96.80065, 32.79022, 138.3],
            [-96.800646, 32.790206, 138.3],
            [-96.800638, 32.790185, 138.3],
            [-96.800634, 32.790178, 138.3],
            [-96.800629, 32.79017, 138.2],
            [-96.800626, 32.790153, 138.2],
            [-96.800617, 32.790143, 138.2],
            [-96.800597, 32.790139, 138.2],
            [-96.800581, 32.790136, 138.2],
            [-96.800584, 32.79011, 138.2],
            [-96.800576, 32.790097, 138.2],
            [-96.800569, 32.790089, 138.2],
            [-96.800563, 32.790078, 138.2],
            [-96.800571, 32.790067, 138.2],
            [-96.800584, 32.790058, 138.1],
            [-96.800594, 32.790052, 138.1],
            [-96.800603, 32.790044, 138.1],
            [-96.800621, 32.790029, 138.1],
            [-96.800629, 32.790025, 138.1],
            [-96.800637, 32.790021, 138.1],
            [-96.800645, 32.790002, 138.1],
            [-96.800646, 32.789993, 138],
            [-96.800646, 32.789984, 138],
            [-96.800644, 32.789971, 138],
            [-96.800651, 32.789959, 138],
            [-96.800658, 32.789952, 138],
            [-96.800668, 32.789944, 138],
            [-96.800676, 32.789937, 138],
            [-96.800683, 32.78993, 138],
            [-96.800697, 32.78992, 137.9],
            [-96.800707, 32.789911, 137.9],
            [-96.800724, 32.789894, 137.9],
            [-96.800731, 32.789888, 137.9],
            [-96.800738, 32.789882, 137.9],
            [-96.800751, 32.789872, 137.9],
            [-96.800758, 32.789864, 137.9],
            [-96.800766, 32.789857, 137.9],
            [-96.800784, 32.78984, 137.9],
            [-96.800792, 32.789832, 137.9],
            [-96.8008, 32.789825, 137.9],
            [-96.800812, 32.789813, 137.8],
            [-96.800825, 32.789801, 137.8],
            [-96.800838, 32.78979, 137.8],
            [-96.800834, 32.789786, 137.8],
            [-96.800833, 32.789785, 137.8],
            [-96.800844, 32.789777, 137.8],
            [-96.800879, 32.78975, 137.8],
            [-96.800889, 32.789739, 137.8],
            [-96.800913, 32.789712, 137.8],
            [-96.800921, 32.789704, 137.8],
            [-96.800937, 32.789693, 137.7],
            [-96.800952, 32.789682, 137.7],
            [-96.800964, 32.789673, 137.7],
            [-96.800977, 32.789662, 137.7],
            [-96.800987, 32.78965, 137.7],
            [-96.800992, 32.789636, 137.7],
            [-96.800997, 32.789622, 137.7],
            [-96.801003, 32.789608, 137.7],
            [-96.801004, 32.789593, 137.9],
            [-96.800997, 32.789577, 137.9],
            [-96.800982, 32.789562, 137.8],
            [-96.800968, 32.789551, 137.8],
            [-96.800947, 32.789535, 137.8],
            [-96.800937, 32.789531, 137.8],
            [-96.800928, 32.789526, 137.8],
            [-96.800912, 32.789515, 137.8],
            [-96.800895, 32.789505, 137.7],
            [-96.800878, 32.789495, 137.7],
            [-96.800863, 32.789484, 137.7],
            [-96.800842, 32.789467, 137.6],
            [-96.800836, 32.789462, 137.6],
            [-96.800831, 32.789458, 137.6],
            [-96.800817, 32.789446, 137.6],
            [-96.800804, 32.789438, 137.5],
            [-96.800795, 32.789429, 137.5],
            [-96.800797, 32.789419, 137.5],
            [-96.800808, 32.789418, 137.5],
            [-96.800817, 32.789418, 137.5],
            [-96.800819, 32.78942, 137.5],
            [-96.800816, 32.789419, 137.5],
            [-96.800811, 32.789419, 137.5],
            [-96.800809, 32.789419, 137.5],
            [-96.800807, 32.789419, 137.5],
            [-96.800807, 32.789419, 137.5],
            [-96.800807, 32.78942, 137.5],
            [-96.800807, 32.789421, 137.5],
            [-96.800805, 32.789421, 137.5],
            [-96.800803, 32.789422, 137.5],
            [-96.800801, 32.789422, 137.6],
            [-96.800802, 32.789422, 137.6],
            [-96.800803, 32.789423, 137.6],
            [-96.800804, 32.789423, 137.6],
            [-96.800803, 32.789423, 137.6],
            [-96.800802, 32.789424, 137.6],
            [-96.800803, 32.789425, 137.6],
            [-96.8008, 32.789435, 137.6],
            [-96.8008, 32.789435, 137.6],
            [-96.800801, 32.789436, 137.6],
            [-96.800802, 32.789436, 137.6],
            [-96.800802, 32.789436, 137.6],
            [-96.800803, 32.789436, 137.6],
            [-96.800806, 32.789436, 137.6],
            [-96.800806, 32.789436, 137.6],
            [-96.800806, 32.789436, 137.6],
            [-96.800806, 32.789437, 137.6],
            [-96.800807, 32.789437, 137.6],
            [-96.800807, 32.789437, 137.6],
            [-96.800808, 32.789437, 137.6],
            [-96.800808, 32.789437, 137.6],
            [-96.800808, 32.789437, 137.6],
            [-96.800808, 32.789437, 137.6],
            [-96.800808, 32.789437, 137.6],
            [-96.800809, 32.789437, 137.6],
            [-96.800809, 32.789437, 137.6],
            [-96.800809, 32.789437, 137.6],
            [-96.800809, 32.789437, 137.6],
            [-96.800814, 32.789436, 137.6],
            [-96.800819, 32.789434, 137.6],
            [-96.800823, 32.789432, 137.6],
            [-96.80083, 32.789428, 137.6],
            [-96.80084, 32.78942, 137.6],
            [-96.800851, 32.789411, 137.7],
            [-96.800863, 32.789403, 137.7],
            [-96.800881, 32.789409, 137.7],
            [-96.800883, 32.789406, 137.7],
            [-96.800894, 32.78941, 137.7],
            [-96.800906, 32.789413, 137.7],
            [-96.800917, 32.789417, 137.7],
            [-96.800929, 32.78942, 137.8],
            [-96.800967, 32.789434, 137.8],
            [-96.800977, 32.789436, 137.8],
            [-96.801004, 32.789421, 137.8],
            [-96.801015, 32.789402, 137.8],
            [-96.801026, 32.789383, 137.8],
            [-96.801043, 32.789312, 137.8],
            [-96.801063, 32.789281, 137.8],
            [-96.801069, 32.789274, 137.8],
            [-96.801081, 32.789263, 137.8],
            [-96.801092, 32.78925, 137.8],
            [-96.801105, 32.789239, 137.8],
            [-96.801114, 32.789227, 137.8],
            [-96.801124, 32.789215, 137.9],
            [-96.801136, 32.789202, 137.9],
            [-96.801146, 32.789191, 137.9],
            [-96.801158, 32.78918, 137.9],
            [-96.801176, 32.789163, 137.9],
            [-96.801181, 32.789157, 137.9],
            [-96.801187, 32.789151, 137.9],
            [-96.801194, 32.789144, 137.9],
            [-96.801204, 32.789135, 137.9],
            [-96.801216, 32.789125, 137.9],
            [-96.801228, 32.789114, 137.9],
            [-96.801243, 32.789102, 137.9],
            [-96.801256, 32.789091, 138],
            [-96.801267, 32.789081, 138],
            [-96.801282, 32.78907, 138],
            [-96.801293, 32.789063, 138],
            [-96.801306, 32.789055, 138],
            [-96.801318, 32.789044, 138],
            [-96.801329, 32.789032, 138],
            [-96.801341, 32.789024, 138],
            [-96.801353, 32.789005, 138],
            [-96.801356, 32.788996, 138],
            [-96.801359, 32.788988, 138],
            [-96.801374, 32.78898, 138],
            [-96.801386, 32.788972, 138],
            [-96.801399, 32.788963, 138.1],
            [-96.801411, 32.788952, 138.1],
            [-96.801423, 32.788942, 138.1],
            [-96.801435, 32.788931, 138.1],
            [-96.801447, 32.788922, 138.1],
            [-96.80146, 32.788912, 138.1],
            [-96.801472, 32.788902, 138.1],
            [-96.801481, 32.788891, 138.1],
            [-96.801494, 32.788879, 138.1],
            [-96.801507, 32.788869, 138.1],
            [-96.801524, 32.788858, 138.1],
            [-96.801537, 32.788849, 138.1],
            [-96.801541, 32.788833, 138.1],
            [-96.80153, 32.788819, 138.1],
            [-96.80155, 32.788803, 138.1],
            [-96.801569, 32.788798, 138.1],
            [-96.801587, 32.788793, 138.1],
            [-96.801625, 32.788787, 138.1],
            [-96.801634, 32.788783, 138.2],
            [-96.801649, 32.788774, 138.2],
            [-96.801661, 32.788761, 138.2],
            [-96.801673, 32.788747, 138.2],
            [-96.801683, 32.788735, 138.2],
            [-96.801696, 32.788722, 138.3],
            [-96.801707, 32.788712, 138.3],
            [-96.801726, 32.788695, 138.3],
            [-96.801733, 32.78869, 138.3],
            [-96.801741, 32.788684, 138.3],
            [-96.801758, 32.788669, 138.4],
            [-96.801764, 32.788663, 138.4],
            [-96.80177, 32.788657, 138.4],
            [-96.801781, 32.788647, 138.4],
            [-96.801794, 32.788635, 138.4],
            [-96.801812, 32.788619, 138.4],
            [-96.801819, 32.788612, 138.4],
            [-96.801827, 32.788604, 138.5],
            [-96.801843, 32.788591, 138.5],
            [-96.801856, 32.788579, 138.5],
            [-96.80187, 32.788567, 138.5],
            [-96.801883, 32.788556, 138.5],
            [-96.8019, 32.78854, 138.5],
            [-96.801907, 32.788535, 138.5],
            [-96.801913, 32.788529, 138.5],
            [-96.801928, 32.788518, 138.6],
            [-96.801932, 32.788512, 138.6],
            [-96.80193, 32.788507, 138.6],
            [-96.801928, 32.788501, 138.6],
            [-96.801928, 32.788503, 138.6],
            [-96.801929, 32.788502, 138.6],
            [-96.801929, 32.788502, 138.6],
            [-96.80193, 32.788501, 138.6],
            [-96.80193, 32.788501, 138.6],
            [-96.801931, 32.7885, 138.6],
            [-96.801931, 32.7885, 138.6],
            [-96.801932, 32.7885, 138.6],
            [-96.801932, 32.788499, 138.6],
            [-96.801933, 32.788499, 138.6],
            [-96.801933, 32.788498, 138.6],
            [-96.801934, 32.788498, 138.6],
            [-96.801934, 32.788498, 138.6],
            [-96.801935, 32.788497, 138.6],
            [-96.801935, 32.788497, 138.6],
            [-96.801935, 32.788496, 138.6],
            [-96.801936, 32.788496, 138.6],
            [-96.801936, 32.788495, 138.6],
            [-96.801937, 32.788495, 138.6],
            [-96.801937, 32.788495, 138.6],
            [-96.801938, 32.788494, 138.6],
            [-96.801938, 32.788494, 138.6],
            [-96.801939, 32.788493, 138.6],
            [-96.801939, 32.788493, 138.6],
            [-96.80194, 32.788492, 138.6],
            [-96.80194, 32.788492, 138.6],
            [-96.801941, 32.788492, 138.6],
            [-96.801941, 32.788491, 138.6],
            [-96.801941, 32.788491, 138.6],
            [-96.801942, 32.78849, 138.6],
            [-96.801942, 32.78849, 138.6],
            [-96.801943, 32.788489, 138.6],
            [-96.801943, 32.788489, 138.6],
            [-96.801944, 32.788489, 138.6],
            [-96.801944, 32.788488, 138.6],
            [-96.801945, 32.788488, 138.6],
            [-96.801945, 32.788487, 138.6],
            [-96.801946, 32.788487, 138.6],
            [-96.801946, 32.788487, 138.6],
            [-96.801947, 32.788486, 138.6],
            [-96.801947, 32.788486, 138.6],
            [-96.801948, 32.788485, 138.6],
            [-96.801948, 32.788485, 138.6],
            [-96.801948, 32.788484, 138.6],
            [-96.801949, 32.788484, 138.6],
            [-96.801949, 32.788484, 138.6],
            [-96.80195, 32.788483, 138.6],
            [-96.80195, 32.788483, 138.6],
            [-96.801951, 32.788482, 138.6],
            [-96.801951, 32.788482, 138.6],
            [-96.801952, 32.788481, 138.6],
            [-96.801952, 32.788481, 138.6],
            [-96.801953, 32.788481, 138.6],
            [-96.801953, 32.78848, 138.6],
            [-96.801954, 32.78848, 138.6],
            [-96.801954, 32.788479, 138.6],
            [-96.801954, 32.788479, 138.6],
            [-96.801955, 32.788478, 138.6],
            [-96.801955, 32.788478, 138.6],
            [-96.801956, 32.788478, 138.6],
            [-96.801956, 32.788477, 138.6],
            [-96.801957, 32.788477, 138.6],
            [-96.801957, 32.788476, 138.6],
            [-96.801958, 32.788476, 138.6],
            [-96.801958, 32.788476, 138.6],
            [-96.801959, 32.788475, 138.6],
            [-96.801959, 32.788475, 138.6],
            [-96.80196, 32.788474, 138.6],
            [-96.80196, 32.788474, 138.6],
            [-96.801961, 32.788473, 138.6],
            [-96.801961, 32.788473, 138.6],
            [-96.801979, 32.788458, 138.6],
            [-96.801985, 32.788453, 138.6],
            [-96.801991, 32.788449, 138.6],
            [-96.801997, 32.788444, 138.6],
            [-96.802018, 32.78842, 138.7],
            [-96.802024, 32.788414, 138.7],
            [-96.802044, 32.7884, 138.7],
            [-96.802051, 32.788394, 138.7],
            [-96.802059, 32.788389, 138.7],
            [-96.802071, 32.788369, 138.7],
            [-96.802077, 32.788362, 138.7],
            [-96.802083, 32.788355, 138.7],
            [-96.802097, 32.788346, 138.8],
            [-96.80211, 32.788338, 138.8],
            [-96.802123, 32.788327, 138.8],
            [-96.802134, 32.788318, 138.8],
            [-96.802152, 32.788302, 138.8],
            [-96.80216, 32.788296, 138.8],
            [-96.802168, 32.78829, 138.8],
            [-96.802187, 32.788276, 138.8],
            [-96.802195, 32.788269, 138.8],
            [-96.802203, 32.788263, 138.8],
            [-96.802216, 32.788253, 138.8],
            [-96.802227, 32.788244, 138.8],
            [-96.802239, 32.788235, 138.8],
            [-96.802254, 32.788224, 138.8],
            [-96.802265, 32.788213, 138.8],
            [-96.802278, 32.788202, 138.8],
            [-96.80229, 32.788192, 138.8],
            [-96.802303, 32.788182, 138.8],
            [-96.802322, 32.788165, 138.8],
            [-96.802329, 32.78816, 138.7],
            [-96.802336, 32.788154, 138.7],
            [-96.802346, 32.788147, 138.7],
            [-96.802354, 32.788139, 138.7],
            [-96.802361, 32.78813, 138.7],
            [-96.802365, 32.788121, 138.7],
            [-96.802372, 32.788113, 138.7],
            [-96.802383, 32.788106, 138.7],
            [-96.802395, 32.788104, 138.6],
            [-96.802408, 32.7881, 138.6],
            [-96.80242, 32.788097, 138.6],
            [-96.802434, 32.788091, 138.6],
            [-96.802443, 32.788087, 138.6],
            [-96.802453, 32.788082, 138.6],
            [-96.802463, 32.788079, 138.6],
            [-96.802475, 32.788074, 138.6],
            [-96.802488, 32.788068, 138.6],
            [-96.8025, 32.788061, 138.5],
            [-96.802511, 32.788054, 138.5],
            [-96.802524, 32.78805, 138.5],
            [-96.802536, 32.788047, 138.5],
            [-96.802548, 32.788043, 138.4],
            [-96.802559, 32.788041, 138.4],
            [-96.802569, 32.788038, 138.4],
            [-96.802579, 32.788033, 138.4],
            [-96.802586, 32.788029, 138.3],
            [-96.802595, 32.788022, 138.3],
            [-96.80261, 32.788005, 138.3],
            [-96.802617, 32.788, 138.2],
            [-96.802623, 32.787994, 138.2],
            [-96.802634, 32.787988, 138.2],
            [-96.802642, 32.787984, 138.2],
            [-96.802651, 32.787978, 138.1],
            [-96.80266, 32.787972, 138.1],
            [-96.802669, 32.787967, 138.1],
            [-96.802677, 32.787961, 138.1],
            [-96.802691, 32.787946, 138],
            [-96.802698, 32.787937, 138],
            [-96.802704, 32.787929, 138],
            [-96.802712, 32.787921, 137.9],
            [-96.802721, 32.787913, 137.9],
            [-96.802728, 32.787905, 137.9],
            [-96.802735, 32.787896, 137.9],
            [-96.802742, 32.787886, 137.8],
            [-96.802752, 32.787875, 137.8],
            [-96.802765, 32.787862, 137.7],
            [-96.802775, 32.787853, 137.7],
            [-96.802786, 32.787842, 137.7],
            [-96.802795, 32.787833, 137.6],
            [-96.802802, 32.787828, 137.6],
            [-96.802806, 32.78782, 137.6],
            [-96.802808, 32.787808, 137.5],
            [-96.802814, 32.787796, 137.5],
            [-96.802824, 32.787787, 137.5],
            [-96.802834, 32.787779, 137.4],
            [-96.802844, 32.787771, 137.4],
            [-96.802852, 32.787765, 137.4],
            [-96.802861, 32.787758, 137.3],
            [-96.80287, 32.78775, 137.3],
            [-96.802879, 32.787742, 137.2],
            [-96.802886, 32.787735, 137.2],
            [-96.802894, 32.787728, 137.2],
            [-96.802912, 32.78771, 137.1],
            [-96.802917, 32.787705, 137.1],
            [-96.802922, 32.787699, 137],
            [-96.802936, 32.787679, 136.9],
            [-96.802941, 32.787668, 136.9],
            [-96.802947, 32.787658, 136.8],
            [-96.802956, 32.787645, 136.8],
            [-96.802958, 32.787638, 136.7],
            [-96.802959, 32.78763, 136.7],
            [-96.80296, 32.787622, 136.7],
            [-96.80295, 32.787603, 136.6],
            [-96.802941, 32.78759, 136.6],
            [-96.802929, 32.787577, 136.6],
            [-96.802917, 32.787565, 136.5],
            [-96.802905, 32.787554, 136.5],
            [-96.802896, 32.787541, 136.4],
            [-96.802886, 32.787529, 136.4],
            [-96.802873, 32.787518, 136.3],
            [-96.802861, 32.787507, 136.3],
            [-96.80285, 32.787495, 136.3],
            [-96.80284, 32.787482, 136.2],
            [-96.802829, 32.787471, 136.2],
            [-96.802808, 32.78745, 136.1],
            [-96.8028, 32.787443, 136.1],
            [-96.802787, 32.787432, 136],
            [-96.802773, 32.78742, 136],
            [-96.802761, 32.787408, 136],
            [-96.80275, 32.787397, 135.9],
            [-96.802732, 32.78738, 135.9],
            [-96.802724, 32.787372, 135.9],
            [-96.802717, 32.787365, 135.8],
            [-96.802699, 32.787349, 135.8],
            [-96.802691, 32.787343, 135.8],
            [-96.802683, 32.787336, 135.8],
            [-96.802671, 32.787327, 135.8],
            [-96.802659, 32.787315, 135.7],
            [-96.802647, 32.787304, 135.7],
            [-96.802635, 32.787292, 135.7],
            [-96.802623, 32.787279, 135.6],
            [-96.802612, 32.787267, 135.6],
            [-96.8026, 32.787255, 135.6],
            [-96.802589, 32.787245, 135.6],
            [-96.802579, 32.787233, 135.6],
            [-96.802569, 32.787222, 135.5],
            [-96.802556, 32.78721, 135.5],
            [-96.802549, 32.7872, 135.5],
            [-96.802541, 32.787191, 135.5],
            [-96.802529, 32.787176, 135.4],
            [-96.802519, 32.787164, 135.4],
            [-96.802513, 32.787148, 135.4],
            [-96.802507, 32.787135, 135.4],
            [-96.802494, 32.787121, 135.3],
            [-96.802481, 32.787107, 135.3],
            [-96.802469, 32.787094, 135.2],
            [-96.802458, 32.787081, 135.2],
            [-96.802446, 32.787067, 135.2],
            [-96.802435, 32.787055, 135.1],
            [-96.802424, 32.787041, 135.1],
            [-96.802414, 32.787029, 135.1],
            [-96.802403, 32.787016, 135],
            [-96.802394, 32.787004, 135],
            [-96.802384, 32.786992, 135],
            [-96.802373, 32.786978, 134.9],
            [-96.802366, 32.786967, 134.9],
            [-96.802358, 32.786953, 134.9],
            [-96.802349, 32.786941, 134.9],
            [-96.802339, 32.786929, 134.8],
            [-96.80233, 32.786917, 134.8],
            [-96.802327, 32.786905, 134.8],
            [-96.802326, 32.786897, 134.8],
            [-96.802309, 32.786886, 134.8],
            [-96.802301, 32.78688, 134.8],
            [-96.802292, 32.786874, 134.7],
            [-96.802278, 32.786857, 134.7],
            [-96.802273, 32.786849, 134.7],
            [-96.802267, 32.786842, 134.7],
            [-96.802255, 32.786825, 134.7],
            [-96.80225, 32.786818, 134.6],
            [-96.802245, 32.78681, 134.6],
            [-96.802232, 32.786791, 134.6],
            [-96.802228, 32.786783, 134.6],
            [-96.802223, 32.786775, 134.6],
            [-96.802218, 32.786761, 134.5],
            [-96.802218, 32.786748, 134.5],
            [-96.802203, 32.78673, 134.5],
            [-96.802196, 32.786724, 134.5],
            [-96.802188, 32.786717, 134.4],
            [-96.802175, 32.786707, 134.4],
            [-96.802162, 32.786694, 134.4],
            [-96.802155, 32.786684, 134.4],
            [-96.802148, 32.786675, 134.4],
            [-96.802141, 32.786668, 134.4],
            [-96.802135, 32.786659, 134.4],
            [-96.802127, 32.786648, 134.3],
            [-96.802124, 32.786639, 134.3],
            [-96.802118, 32.786621, 134.3],
            [-96.802112, 32.786613, 134.3],
            [-96.802106, 32.786606, 134.3],
            [-96.802094, 32.786595, 134.3],
            [-96.802079, 32.78658, 134.3],
            [-96.802058, 32.786557, 134.3],
            [-96.80205, 32.786547, 134.3],
            [-96.80203, 32.786524, 134.3],
            [-96.802022, 32.786516, 134.3],
            [-96.802022, 32.786516, 134.3],
            [-96.802008, 32.786503, 134.3],
            [-96.801995, 32.786489, 134.4],
            [-96.80199, 32.786476, 134.4],
            [-96.801979, 32.786466, 134.4],
            [-96.801964, 32.786458, 134.4],
            [-96.801949, 32.786453, 134.4],
            [-96.801937, 32.786446, 134.4],
            [-96.801927, 32.786439, 134.4],
            [-96.801918, 32.78643, 134.5],
            [-96.801908, 32.786421, 134.5],
            [-96.801895, 32.786411, 134.5],
            [-96.801875, 32.786394, 134.5],
            [-96.801868, 32.786388, 134.5],
            [-96.80186, 32.786381, 134.6],
            [-96.801848, 32.78637, 134.6],
            [-96.801835, 32.786358, 134.6],
            [-96.801819, 32.786341, 134.7],
            [-96.801811, 32.786333, 134.7],
            [-96.801804, 32.786325, 134.7],
            [-96.801793, 32.786313, 134.7],
            [-96.801786, 32.786307, 134.8],
            [-96.801777, 32.786299, 134.8],
            [-96.801759, 32.78628, 134.8],
            [-96.801751, 32.78627, 134.9],
            [-96.801739, 32.78626, 134.9],
            [-96.801727, 32.78625, 135],
            [-96.801715, 32.786239, 135],
            [-96.801702, 32.786228, 135],
            [-96.801668, 32.786196, 135.2],
            [-96.801655, 32.786183, 135.2],
            [-96.801642, 32.78617, 135.3],
            [-96.801631, 32.786159, 135.3],
            [-96.80162, 32.786149, 135.4],
            [-96.801605, 32.786137, 135.5],
            [-96.801592, 32.786126, 135.5],
            [-96.801579, 32.786115, 135.6],
            [-96.801564, 32.786102, 135.7],
            [-96.801552, 32.786091, 135.7],
            [-96.80154, 32.786079, 135.8],
            [-96.801527, 32.786067, 135.9],
            [-96.801515, 32.786057, 135.9],
            [-96.801504, 32.786047, 136],
            [-96.801491, 32.786036, 136.1],
            [-96.801478, 32.786026, 136.1],
            [-96.801465, 32.786015, 136.2],
            [-96.801453, 32.786003, 136.3],
            [-96.801441, 32.785993, 136.3],
            [-96.801428, 32.785981, 136.4],
            [-96.801415, 32.78597, 136.5],
            [-96.8014, 32.785959, 136.6],
            [-96.801384, 32.785948, 136.6],
            [-96.801372, 32.78594, 136.7],
            [-96.801358, 32.785932, 136.8],
            [-96.801347, 32.785923, 136.8],
            [-96.801334, 32.785914, 136.9],
            [-96.801319, 32.785906, 137],
            [-96.801308, 32.785894, 137],
            [-96.801294, 32.78588, 137.1],
            [-96.801284, 32.785871, 137.2],
            [-96.801271, 32.78586, 137.3],
            [-96.801258, 32.78585, 137.3],
            [-96.801245, 32.785839, 137.4],
            [-96.801234, 32.785828, 137.5],
            [-96.801221, 32.785818, 137.6],
            [-96.801208, 32.785807, 137.6],
            [-96.801197, 32.785797, 137.7],
            [-96.801184, 32.785786, 137.8],
            [-96.801172, 32.785776, 137.8],
            [-96.801158, 32.785764, 137.9],
            [-96.801143, 32.785752, 138],
            [-96.801128, 32.785738, 138.1],
            [-96.801115, 32.785727, 138.2],
            [-96.801103, 32.785715, 138.3],
            [-96.801103, 32.785715, 138.3],
            [-96.801091, 32.785703, 138.3],
            [-96.801082, 32.785693, 138.4],
            [-96.801071, 32.785682, 138.5],
            [-96.801061, 32.785673, 138.5],
            [-96.801044, 32.785655, 138.6],
            [-96.801037, 32.785649, 138.7],
            [-96.801031, 32.785642, 138.7],
            [-96.801021, 32.785632, 138.8],
            [-96.801009, 32.78562, 138.8],
            [-96.801003, 32.7856, 138.8],
            [-96.801006, 32.785591, 138.8],
            [-96.801008, 32.785582, 138.8],
            [-96.801021, 32.785564, 138.8],
            [-96.801025, 32.785556, 138.8],
            [-96.80103, 32.785548, 138.8],
            [-96.801039, 32.785536, 138.7],
            [-96.801051, 32.785526, 138.7],
            [-96.801062, 32.785515, 138.7],
            [-96.801077, 32.785506, 138.7],
            [-96.801094, 32.785495, 138.6],
            [-96.801112, 32.785487, 138.6],
            [-96.801132, 32.785477, 138.6],
            [-96.801145, 32.785467, 138.5],
            [-96.801155, 32.785457, 138.5],
            [-96.801153, 32.785447, 138.5],
            [-96.801141, 32.785443, 138.5],
            [-96.801131, 32.785441, 138.5],
            [-96.801131, 32.785439, 138.5],
            [-96.801133, 32.785443, 138.5],
            [-96.801134, 32.785448, 138.5],
            [-96.801135, 32.785451, 138.5],
            [-96.801137, 32.785457, 138.5],
            [-96.801137, 32.785458, 138.5],
            [-96.801137, 32.785458, 138.5],
            [-96.801137, 32.785458, 138.5],
            [-96.801138, 32.785458, 138.5],
            [-96.801137, 32.785459, 138.5],
            [-96.801137, 32.785459, 138.5],
            [-96.801136, 32.785459, 138.5],
            [-96.801138, 32.785458, 138.5],
            [-96.801139, 32.785449, 138.5],
            [-96.801138, 32.785429, 138.5],
            [-96.801116, 32.785414, 138.6],
            [-96.801085, 32.785405, 138.6],
            [-96.801047, 32.785398, 138.6],
            [-96.80101, 32.785384, 138.6],
            [-96.801003, 32.785378, 138.6],
            [-96.800997, 32.785364, 138.6],
            [-96.800996, 32.785346, 138.6],
            [-96.800994, 32.785317, 138.7],
            [-96.800993, 32.785308, 138.7],
            [-96.800992, 32.785293, 138.7],
            [-96.800988, 32.785279, 138.8],
            [-96.800983, 32.785262, 138.8],
            [-96.800978, 32.78525, 138.8],
            [-96.800973, 32.785236, 138.8],
            [-96.800968, 32.785221, 138.8],
            [-96.800964, 32.785207, 138.8],
            [-96.80096, 32.785192, 138.8],
            [-96.800956, 32.785179, 138.8],
            [-96.800952, 32.785165, 138.8],
            [-96.800947, 32.78515, 138.8],
            [-96.800941, 32.785134, 138.8],
            [-96.800937, 32.785119, 138.8],
            [-96.800933, 32.785104, 138.8],
            [-96.800928, 32.78509, 138.8],
            [-96.800923, 32.785074, 138.8],
            [-96.800919, 32.78506, 138.8],
            [-96.800914, 32.785047, 138.8],
            [-96.800909, 32.785034, 138.9],
            [-96.800905, 32.785021, 138.9],
            [-96.800902, 32.785009, 138.9],
            [-96.800898, 32.784994, 138.9],
            [-96.800883, 32.784968, 138.9],
            [-96.800877, 32.784952, 138.9],
            [-96.800875, 32.784938, 138.9],
            [-96.800872, 32.784923, 138.9],
            [-96.800869, 32.78491, 138.9],
            [-96.800863, 32.784893, 138.9],
            [-96.800859, 32.784881, 138.9],
            [-96.800854, 32.784867, 138.9],
            [-96.800847, 32.784855, 138.9],
            [-96.800835, 32.784836, 138.9],
            [-96.80083, 32.78483, 138.9],
            [-96.800824, 32.784823, 138.9],
            [-96.800816, 32.784803, 138.9],
            [-96.800813, 32.784795, 138.8],
            [-96.80081, 32.784786, 138.8],
            [-96.800807, 32.784779, 138.8],
            [-96.8008, 32.78476, 138.8],
            [-96.800798, 32.784745, 138.8],
            [-96.8008, 32.784729, 138.8],
            [-96.800801, 32.784714, 138.8],
            [-96.800799, 32.784702, 138.8],
            [-96.800799, 32.784691, 138.8],
            [-96.800799, 32.784689, 138.8],
            [-96.800799, 32.784688, 138.8],
            [-96.800799, 32.784686, 138.8],
            [-96.8008, 32.784685, 138.8],
            [-96.8008, 32.784684, 138.8],
            [-96.8008, 32.784682, 138.8],
            [-96.8008, 32.784681, 138.8],
            [-96.8008, 32.78468, 138.8],
            [-96.8008, 32.784678, 138.8],
            [-96.8008, 32.784677, 138.8],
            [-96.8008, 32.784675, 138.8],
            [-96.800801, 32.784674, 138.8],
            [-96.800801, 32.784673, 138.8],
            [-96.800801, 32.784671, 138.8],
            [-96.800801, 32.78467, 138.8],
            [-96.800801, 32.784668, 138.8],
            [-96.800801, 32.784667, 138.8],
            [-96.800801, 32.784666, 138.8],
            [-96.800801, 32.784664, 138.8],
            [-96.800801, 32.784663, 138.8],
            [-96.800802, 32.784662, 138.8],
            [-96.800802, 32.78466, 138.8],
            [-96.800802, 32.784659, 138.8],
            [-96.800802, 32.784657, 138.8],
            [-96.800802, 32.784656, 138.8],
            [-96.800802, 32.784639, 138.9],
            [-96.800802, 32.784625, 138.9],
            [-96.8008, 32.78461, 138.9],
            [-96.800795, 32.784594, 138.9],
            [-96.800783, 32.784568, 138.9],
            [-96.800779, 32.784559, 138.9],
            [-96.800772, 32.784543, 138.9],
            [-96.800767, 32.784527, 138.9],
            [-96.800764, 32.784513, 139],
            [-96.80076, 32.784499, 139],
            [-96.800751, 32.784469, 139],
            [-96.800749, 32.784455, 139],
            [-96.800743, 32.784438, 139],
            [-96.800737, 32.784425, 139],
            [-96.800718, 32.784408, 139],
            [-96.800707, 32.784404, 139],
            [-96.800697, 32.784399, 139],
            [-96.800687, 32.784389, 139],
            [-96.800682, 32.78438, 139],
            [-96.800675, 32.784372, 139],
            [-96.800671, 32.784365, 139],
            [-96.800671, 32.784356, 139],
            [-96.800672, 32.784357, 139],
            [-96.800675, 32.784361, 139],
            [-96.800678, 32.784365, 139],
            [-96.80068, 32.784368, 139],
            [-96.800681, 32.784369, 139],
            [-96.800682, 32.78437, 139],
            [-96.800683, 32.78437, 139],
            [-96.800683, 32.784369, 139],
            [-96.800685, 32.78437, 139],
            [-96.800686, 32.78437, 139],
            [-96.800687, 32.784371, 139],
            [-96.800686, 32.78436, 139],
            [-96.800686, 32.784352, 139],
            [-96.800687, 32.784348, 139],
            [-96.800714, 32.784358, 139],
            [-96.800726, 32.784362, 139],
            [-96.800726, 32.784362, 139],
            [-96.800725, 32.784361, 139],
            [-96.800725, 32.78436, 139],
            [-96.800724, 32.78436, 139],
            [-96.800724, 32.784359, 139],
            [-96.800723, 32.784358, 139],
            [-96.800723, 32.784358, 139],
            [-96.800722, 32.784357, 139],
            [-96.800722, 32.784356, 139],
            [-96.800721, 32.784356, 139],
            [-96.800721, 32.784355, 139],
            [-96.80072, 32.784354, 139],
            [-96.80072, 32.784354, 139],
            [-96.800719, 32.784353, 139],
            [-96.800719, 32.784352, 139],
            [-96.800718, 32.784352, 139],
            [-96.800718, 32.784351, 139],
            [-96.800717, 32.78435, 139],
            [-96.800717, 32.78435, 139],
            [-96.800716, 32.784349, 139],
            [-96.800715, 32.784349, 139],
            [-96.800715, 32.784348, 139],
            [-96.800714, 32.784347, 139],
            [-96.800714, 32.784347, 139],
            [-96.800713, 32.784346, 139],
            [-96.800713, 32.784345, 139],
            [-96.800712, 32.784345, 139],
            [-96.800712, 32.784344, 139],
            [-96.800711, 32.784343, 139],
            [-96.800711, 32.784343, 139],
            [-96.80071, 32.784342, 139],
            [-96.80071, 32.784341, 139],
            [-96.800709, 32.784341, 139],
            [-96.800709, 32.78434, 139],
            [-96.800708, 32.784339, 139],
            [-96.800708, 32.784339, 139],
            [-96.800707, 32.784338, 139],
            [-96.800707, 32.784337, 139],
            [-96.800706, 32.784337, 139],
            [-96.800705, 32.784336, 139],
            [-96.800705, 32.784335, 139],
            [-96.800704, 32.784335, 139],
            [-96.800704, 32.784334, 139],
            [-96.800703, 32.784333, 139],
            [-96.800703, 32.784333, 139],
            [-96.800702, 32.784332, 139],
            [-96.800702, 32.784331, 139],
            [-96.800701, 32.784331, 139],
            [-96.800701, 32.78433, 139],
            [-96.8007, 32.784329, 139],
            [-96.8007, 32.784329, 139],
            [-96.800699, 32.784328, 139],
            [-96.800699, 32.784327, 139],
            [-96.800698, 32.784327, 139],
            [-96.800698, 32.784326, 139],
            [-96.800697, 32.784325, 139],
            [-96.800697, 32.784325, 139],
            [-96.800696, 32.784324, 139],
            [-96.800696, 32.784323, 139],
            [-96.800695, 32.784323, 139],
            [-96.800694, 32.784322, 139],
            [-96.800694, 32.784322, 139],
            [-96.800693, 32.784321, 139],
            [-96.800693, 32.78432, 139],
            [-96.800692, 32.78432, 139],
            [-96.800692, 32.784319, 139],
            [-96.800691, 32.784318, 139],
            [-96.800691, 32.784318, 139],
            [-96.80069, 32.784317, 139],
            [-96.80069, 32.784316, 139],
            [-96.800689, 32.784316, 139],
            [-96.800689, 32.784315, 139],
            [-96.800688, 32.784314, 139],
            [-96.800688, 32.784314, 139],
            [-96.800687, 32.784313, 139],
            [-96.800687, 32.784312, 139],
            [-96.800686, 32.784312, 139],
            [-96.800686, 32.784311, 139],
            [-96.800685, 32.78431, 139],
            [-96.800685, 32.78431, 139],
            [-96.800684, 32.784309, 139],
            [-96.800675, 32.784326, 139],
            [-96.800669, 32.784318, 139],
            [-96.800665, 32.784304, 139],
            [-96.800657, 32.784283, 139],
            [-96.800644, 32.78425, 139],
            [-96.800628, 32.784225, 139],
            [-96.800622, 32.784218, 139],
            [-96.800613, 32.784205, 139],
            [-96.800603, 32.784192, 139],
            [-96.800591, 32.784178, 139],
            [-96.80058, 32.784165, 139],
            [-96.800565, 32.784141, 139],
            [-96.800559, 32.784131, 139],
            [-96.800553, 32.784118, 139],
            [-96.800548, 32.784103, 139],
            [-96.800545, 32.784089, 139],
            [-96.80054, 32.784074, 139.1],
            [-96.800537, 32.784059, 139.1],
            [-96.800537, 32.784045, 139.1],
            [-96.800541, 32.784029, 139.1],
            [-96.800551, 32.784015, 139.1],
            [-96.800565, 32.784001, 139.1],
            [-96.80057, 32.783987, 139.1],
            [-96.800568, 32.783975, 139.1],
            [-96.800569, 32.78396, 139.1],
            [-96.800578, 32.783954, 139.1],
            [-96.800587, 32.783949, 139.1],
            [-96.800593, 32.783944, 139.1],
            [-96.800602, 32.78394, 139.1],
            [-96.800614, 32.783944, 139.1],
            [-96.800623, 32.783952, 139],
            [-96.80063, 32.78396, 139.1],
            [-96.800631, 32.783968, 139.1],
            [-96.800632, 32.783971, 139.1],
            [-96.800633, 32.783972, 139.1],
            [-96.800635, 32.783972, 139.1],
            [-96.800636, 32.783973, 139.1],
            [-96.800638, 32.783973, 139.1],
            [-96.80064, 32.783973, 139.1],
            [-96.800641, 32.783974, 139],
            [-96.800643, 32.783974, 139],
            [-96.800645, 32.783975, 139],
            [-96.800646, 32.783975, 139],
            [-96.800648, 32.783976, 139],
            [-96.800649, 32.783976, 139],
            [-96.800651, 32.783976, 139],
            [-96.800653, 32.783977, 139],
            [-96.800654, 32.783977, 139],
            [-96.800656, 32.783978, 139],
            [-96.800658, 32.783978, 139],
            [-96.800659, 32.783978, 139],
            [-96.800661, 32.783979, 139],
            [-96.800662, 32.783979, 139],
            [-96.800664, 32.78398, 139],
            [-96.800666, 32.78398, 139],
            [-96.800667, 32.783981, 139],
            [-96.800669, 32.783981, 139],
            [-96.800671, 32.783981, 139],
            [-96.800672, 32.783982, 138.9],
            [-96.800674, 32.783982, 138.9],
            [-96.800675, 32.783983, 138.9],
            [-96.800677, 32.783983, 138.9],
            [-96.800693, 32.783987, 138.9],
            [-96.800696, 32.783986, 138.9],
            [-96.800694, 32.783981, 138.9],
            [-96.800701, 32.783976, 138.9],
            [-96.800701, 32.783976, 138.9],
            [-96.800701, 32.783976, 138.9],
            [-96.800713, 32.783981, 138.9],
            [-96.800713, 32.783981, 138.9],
            [-96.800713, 32.783981, 138.9],
            [-96.800753, 32.783987, 138.8],
            [-96.800759, 32.78399, 138.8],
            [-96.800759, 32.78399, 138.8],
            [-96.80076, 32.783992, 138.8],
            [-96.80076, 32.783992, 138.8],
            [-96.800761, 32.783996, 138.8],
            [-96.800766, 32.784001, 138.8],
            [-96.800772, 32.784005, 138.8],
            [-96.800772, 32.784005, 138.8],
            [-96.800786, 32.784008, 138.8],
            [-96.800797, 32.784008, 138.8],
            [-96.800828, 32.784012, 138.8],
            [-96.800828, 32.784012, 138.8],
            [-96.800841, 32.783999, 138.7],
            [-96.800853, 32.783991, 138.7],
            [-96.800853, 32.783991, 138.7],
            [-96.800853, 32.783991, 138.7],
            [-96.800853, 32.783991, 138.7],
            [-96.80086, 32.784007, 138.7],
            [-96.80086, 32.784007, 138.7],
            [-96.80086, 32.784007, 138.7],
            [-96.800854, 32.784013, 138.7],
            [-96.800854, 32.784013, 138.7],
            [-96.800854, 32.784013, 138.7],
            [-96.800877, 32.784016, 138.7],
            [-96.80087, 32.784017, 138.7],
            [-96.800867, 32.784019, 138.7],
            [-96.800864, 32.78402, 138.7],
            [-96.800861, 32.784021, 138.7],
            [-96.800858, 32.784022, 138.7],
            [-96.800856, 32.784024, 138.7],
            [-96.800853, 32.784025, 138.7],
            [-96.80085, 32.784026, 138.6],
            [-96.800847, 32.784027, 138.6],
            [-96.800844, 32.784029, 138.7],
            [-96.800841, 32.78403, 138.7],
            [-96.800838, 32.784031, 138.7],
            [-96.800835, 32.784032, 138.7],
            [-96.800832, 32.784034, 138.7],
            [-96.800829, 32.784035, 138.7],
            [-96.800826, 32.784036, 138.7],
            [-96.800823, 32.784037, 138.7],
            [-96.800821, 32.784039, 138.7],
            [-96.800818, 32.78404, 138.7],
            [-96.800815, 32.784041, 138.7],
            [-96.800812, 32.784042, 138.7],
            [-96.800809, 32.784044, 138.7],
            [-96.800806, 32.784045, 138.7],
            [-96.800803, 32.784046, 138.7],
            [-96.8008, 32.784047, 138.7],
            [-96.800797, 32.784049, 138.7],
            [-96.800794, 32.78405, 138.7],
            [-96.800791, 32.784051, 138.7],
            [-96.800788, 32.784052, 138.7],
            [-96.800786, 32.784054, 138.7],
            [-96.800783, 32.784055, 138.7],
            [-96.80078, 32.784056, 138.7],
            [-96.800777, 32.784057, 138.7],
            [-96.800774, 32.784059, 138.7],
            [-96.800771, 32.78406, 138.7],
            [-96.800768, 32.784061, 138.7],
            [-96.800768, 32.784061, 138.7],
            [-96.80076, 32.784063, 138.7],
            [-96.800752, 32.784066, 138.7],
            [-96.800747, 32.784069, 138.8],
            [-96.800779, 32.784052, 138.7],
            [-96.800779, 32.784052, 138.7],
            [-96.800791, 32.784048, 138.7],
            [-96.800791, 32.784048, 138.7],
            [-96.800791, 32.784048, 138.7],
            [-96.800822, 32.784039, 138.6],
            [-96.800822, 32.784039, 138.6],
            [-96.800822, 32.784039, 138.6],
            [-96.800864, 32.784033, 138.6],
            [-96.800857, 32.784028, 138.6],
            [-96.800849, 32.784023, 138.5],
            [-96.800842, 32.784018, 138.5],
            [-96.800835, 32.784013, 138.6],
            [-96.800827, 32.784008, 138.6],
            [-96.80082, 32.784003, 138.6],
            [-96.800823, 32.784005, 138.6],
            [-96.800826, 32.784007, 138.6],
            [-96.800829, 32.784009, 138.6],
            [-96.800832, 32.784011, 138.6],
            [-96.800835, 32.784013, 138.6],
            [-96.800838, 32.784016, 138.5],
            [-96.800841, 32.784018, 138.5],
            [-96.800844, 32.78402, 138.5],
            [-96.800847, 32.784022, 138.5],
            [-96.80085, 32.784024, 138.5],
            [-96.800853, 32.784026, 138.5],
            [-96.800856, 32.784028, 138.5],
            [-96.800856, 32.784028, 138.5],
            [-96.800856, 32.784028, 138.5],
            [-96.800869, 32.784003, 138.5],
            [-96.800869, 32.784003, 138.5],
            [-96.800869, 32.784003, 138.5],
            [-96.800851, 32.783996, 138.5],
            [-96.800851, 32.783996, 138.5],
            [-96.800851, 32.783996, 138.5],
            [-96.800863, 32.784, 138.5],
            [-96.800863, 32.784, 138.5],
            [-96.800863, 32.784, 138.5],
            [-96.800836, 32.784001, 138.5],
            [-96.800836, 32.784001, 138.5],
            [-96.800836, 32.784001, 138.5],
            [-96.800824, 32.78402, 138.5],
            [-96.800824, 32.78402, 138.5],
            [-96.800824, 32.78402, 138.5],
            [-96.800868, 32.784015, 138.4],
            [-96.800868, 32.784015, 138.4],
            [-96.800868, 32.784015, 138.4],
            [-96.800883, 32.784024, 138.4],
            [-96.800883, 32.784024, 138.4],
            [-96.800883, 32.784024, 138.4],
            [-96.800849, 32.784043, 138.4],
            [-96.800828, 32.784042, 138.5],
            [-96.800808, 32.78404, 138.5],
            [-96.800787, 32.784039, 138.5],
            [-96.800767, 32.784037, 138.5],
            [-96.800746, 32.784036, 138.6],
            [-96.800726, 32.784034, 138.6],
            [-96.800726, 32.784034, 138.6],
            [-96.800726, 32.784034, 138.6],
            [-96.800775, 32.784014, 138.5],
            [-96.800832, 32.784023, 138.4],
            [-96.800836, 32.784024, 138.4],
            [-96.800839, 32.784025, 138.4],
            [-96.800843, 32.784025, 138.4],
            [-96.800847, 32.784026, 138.4],
            [-96.80085, 32.784027, 138.4],
            [-96.800854, 32.784028, 138.4],
            [-96.800858, 32.784028, 138.4],
            [-96.800861, 32.784029, 138.4],
            [-96.800865, 32.78403, 138.4],
            [-96.800869, 32.784031, 138.4],
            [-96.800872, 32.784031, 138.4],
            [-96.800876, 32.784032, 138.4],
            [-96.80088, 32.784033, 138.4],
            [-96.800883, 32.784034, 138.3],
            [-96.800887, 32.784034, 138.3],
            [-96.800891, 32.784035, 138.3],
            [-96.800894, 32.784036, 138.3],
            [-96.800898, 32.784037, 138.3],
            [-96.800902, 32.784037, 138.3],
            [-96.800905, 32.784038, 138.3],
            [-96.800909, 32.784039, 138.3],
            [-96.800909, 32.784039, 138.3],
            [-96.800909, 32.784039, 138.3],
            [-96.800889, 32.784021, 138.3],
            [-96.800889, 32.784021, 138.3],
            [-96.800889, 32.784021, 138.3],
            [-96.800894, 32.784024, 138.3],
            [-96.800894, 32.784024, 138.3],
            [-96.800894, 32.784024, 138.3],
            [-96.800891, 32.784023, 138.3],
            [-96.800891, 32.784023, 138.2],
            [-96.800891, 32.784023, 138.2],
            [-96.800893, 32.784018, 138.2],
            [-96.800893, 32.784018, 138.2],
            [-96.800893, 32.784018, 138.2],
            [-96.800883, 32.784009, 138.2],
            [-96.800883, 32.784009, 138.2],
            [-96.800883, 32.784009, 138.2],
            [-96.800878, 32.784001, 138.3],
            [-96.800878, 32.784001, 138.3],
            [-96.800878, 32.784001, 138.3],
            [-96.800901, 32.784018, 138.2],
            [-96.800901, 32.784018, 138.2],
            [-96.800883, 32.784019, 138.2],
            [-96.800883, 32.784019, 138.2],
            [-96.80088, 32.784021, 138.3],
            [-96.80088, 32.784021, 138.3],
            [-96.80088, 32.784021, 138.3],
            [-96.800885, 32.784025, 138.2],
            [-96.800885, 32.784025, 138.2],
            [-96.800885, 32.784025, 138.2],
            [-96.800895, 32.78403, 138.2],
            [-96.800895, 32.78403, 138.2],
            [-96.800895, 32.78403, 138.2],
            [-96.800897, 32.784026, 138.2],
            [-96.800889, 32.784028, 138.2],
            [-96.800889, 32.784028, 138.2],
            [-96.800889, 32.784028, 138.2],
            [-96.800882, 32.784025, 138.2],
            [-96.800882, 32.784025, 138.2],
            [-96.800902, 32.784025, 138.2],
            [-96.800916, 32.784021, 138.2],
            [-96.800917, 32.784004, 138.2],
            [-96.800914, 32.783992, 138.2],
            [-96.80091, 32.783981, 138.1],
            [-96.80091, 32.783981, 138.1],
            [-96.800909, 32.78397, 138.1],
            [-96.800909, 32.78397, 138.1],
            [-96.800909, 32.78397, 138.1],
            [-96.800897, 32.783967, 138.1],
            [-96.800897, 32.783967, 138.1],
            [-96.800897, 32.783967, 138.1],
            [-96.800894, 32.783972, 138.1],
            [-96.800894, 32.783972, 138.1],
            [-96.800894, 32.783972, 138.1],
            [-96.800863, 32.783989, 138.1],
            [-96.800863, 32.783989, 138.1],
            [-96.800863, 32.783989, 138.1],
            [-96.800831, 32.784005, 138.2],
            [-96.800831, 32.784005, 138.2],
            [-96.800831, 32.784005, 138.2],
            [-96.800684, 32.784062, 138.4],
            [-96.800601, 32.78407, 138.5],
            [-96.800518, 32.784079, 138.7],
            [-96.800435, 32.784087, 138.8],
            [-96.800435, 32.784087, 138.8],
            [-96.800435, 32.784087, 138.8],
            [-96.800292, 32.784091, 138.9],
            [-96.800292, 32.784091, 138.9],
            [-96.800292, 32.784091, 138.9],
            [-96.800287, 32.7841, 139],
            [-96.800287, 32.7841, 139],
            [-96.800327, 32.784083, 138.9],
            [-96.800327, 32.784083, 138.9],
            [-96.80049, 32.784115, 138.7],
            [-96.80049, 32.784115, 138.7],
            [-96.80049, 32.784115, 138.7],
            [-96.800591, 32.784115, 138.5],
            [-96.800564, 32.784102, 138.6],
            [-96.800536, 32.784089, 138.6],
            [-96.800509, 32.784076, 138.6],
            [-96.800509, 32.784076, 138.6],
            [-96.800509, 32.784076, 138.6],
            [-96.800388, 32.784084, 138.8],
            [-96.800486, 32.784086, 138.7],
            [-96.800584, 32.784087, 138.5],
            [-96.800682, 32.784089, 138.4],
            [-96.800682, 32.784089, 138.4],
            [-96.800682, 32.784089, 138.4],
            [-96.800639, 32.784088, 138.4],
            [-96.80069, 32.784063, 138.3],
            [-96.800742, 32.784038, 138.3],
            [-96.800793, 32.784013, 138.2],
            [-96.800793, 32.784013, 138.2],
            [-96.800793, 32.784013, 138.2],
            [-96.80083, 32.783986, 138.1],
            [-96.800823, 32.783993, 138.1],
            [-96.800816, 32.784001, 138.1],
            [-96.800809, 32.784008, 138.1],
            [-96.800802, 32.784015, 138.1],
            [-96.800795, 32.784023, 138.1],
            [-96.800788, 32.78403, 138.2],
            [-96.800781, 32.784037, 138.2],
            [-96.800774, 32.784045, 138.2],
            [-96.800767, 32.784052, 138.2],
            [-96.800767, 32.784052, 138.2],
            [-96.800767, 32.784052, 138.2],
            [-96.800684, 32.784094, 138.3],
            [-96.800626, 32.784105, 138.4],
            [-96.800568, 32.784115, 138.5],
            [-96.80051, 32.784126, 138.6],
            [-96.800438, 32.784115, 138.7],
            [-96.800366, 32.784103, 138.7],
            [-96.800294, 32.784092, 138.8],
            [-96.800279, 32.784096, 138.8],
            [-96.800265, 32.784099, 138.8],
            [-96.80025, 32.784103, 138.9],
            [-96.800237, 32.784098, 138.8],
            [-96.80023, 32.784091, 138.9],
            [-96.800223, 32.784084, 138.9],
            [-96.800216, 32.784078, 138.9],
            [-96.800209, 32.784071, 138.9],
            [-96.800202, 32.784064, 138.9],
            [-96.800195, 32.784057, 138.8],
            [-96.800188, 32.78405, 138.9],
            [-96.800169, 32.784023, 138.8],
            [-96.800146, 32.783989, 138.7],
            [-96.800147, 32.78396, 138.7],
            [-96.800148, 32.783949, 138.7],
            [-96.800148, 32.783934, 138.7],
            [-96.800145, 32.78392, 138.7],
            [-96.80015, 32.783911, 138.6],
            [-96.800154, 32.783909, 138.6],
            [-96.800157, 32.783908, 138.6],
            [-96.800161, 32.783906, 138.6],
            [-96.800165, 32.783904, 138.6],
            [-96.800169, 32.783902, 138.6],
            [-96.800173, 32.7839, 138.5],
            [-96.800177, 32.783898, 138.5],
            [-96.80018, 32.783897, 138.5],
            [-96.800184, 32.783895, 138.5],
            [-96.800188, 32.783893, 138.5],
            [-96.800199, 32.783887, 138.5],
            [-96.80021, 32.783883, 138.5],
            [-96.800219, 32.783881, 138.5],
            [-96.800228, 32.78388, 138.4],
            [-96.800237, 32.783878, 138.4],
            [-96.800239, 32.783879, 138.4],
            [-96.80024, 32.783879, 138.4],
            [-96.800241, 32.783878, 138.4],
            [-96.800242, 32.783877, 138.4],
            [-96.800243, 32.783874, 138.4],
            [-96.800249, 32.783861, 138.4],
            [-96.800264, 32.783835, 138.3],
            [-96.800289, 32.783817, 138.2],
            [-96.800326, 32.783813, 138.2],
            [-96.800337, 32.783812, 138.2],
            [-96.80036, 32.783799, 138.1],
            [-96.80037, 32.783794, 138.1],
            [-96.800381, 32.783788, 138],
            [-96.800394, 32.783776, 138],
            [-96.800406, 32.783769, 138],
            [-96.800412, 32.783763, 138.3],
            [-96.800418, 32.783752, 138.3],
            [-96.800425, 32.783741, 138.4],
            [-96.800435, 32.783721, 138.4],
            [-96.800438, 32.783714, 138.4],
            [-96.800441, 32.783707, 138.4],
            [-96.800444, 32.7837, 138.4],
            [-96.800459, 32.783674, 138.5],
            [-96.800484, 32.783645, 138.5],
            [-96.800491, 32.783637, 138.5],
            [-96.800502, 32.783625, 138.5],
            [-96.80051, 32.783614, 138.4],
            [-96.800508, 32.783598, 138.4],
            [-96.800502, 32.78358, 138.4],
            [-96.800491, 32.783552, 138.3],
            [-96.800489, 32.783543, 138.3],
            [-96.800484, 32.783516, 138.3],
            [-96.800483, 32.783507, 138.3],
            [-96.800462, 32.78348, 138.3],
            [-96.800451, 32.783469, 138.2],
            [-96.800428, 32.783443, 138.2],
            [-96.80042, 32.783436, 138.2],
            [-96.800406, 32.783424, 138.2],
            [-96.800397, 32.78341, 138.2],
            [-96.800391, 32.783384, 138.2],
            [-96.80039, 32.783374, 138.1],
            [-96.800392, 32.783354, 138.1],
            [-96.800391, 32.783337, 138.1],
            [-96.800391, 32.78332, 138.1],
            [-96.800391, 32.783303, 138.1],
            [-96.800387, 32.783281, 138],
            [-96.800384, 32.783272, 138],
            [-96.800382, 32.783263, 138],
            [-96.800379, 32.783246, 138],
            [-96.800376, 32.783227, 137.9],
            [-96.800372, 32.783199, 137.9],
            [-96.80037, 32.783188, 137.8],
            [-96.800367, 32.78317, 137.8],
            [-96.800364, 32.783153, 137.8],
            [-96.800361, 32.783137, 137.8],
            [-96.800358, 32.783123, 137.8],
            [-96.800348, 32.783104, 137.7],
            [-96.800345, 32.783092, 137.7],
            [-96.800344, 32.783081, 137.7],
            [-96.800343, 32.783072, 137.7],
            [-96.800344, 32.783064, 137.7],
            [-96.800345, 32.783053, 137.7],
            [-96.800351, 32.783045, 137.7],
            [-96.800349, 32.783036, 137.7],
            [-96.800348, 32.783028, 137.7],
            [-96.800348, 32.783019, 137.6],
            [-96.800349, 32.783011, 137.6],
            [-96.800347, 32.783001, 137.6],
            [-96.800338, 32.782991, 137.6],
            [-96.800332, 32.782982, 137.6],
            [-96.800326, 32.78297, 137.6],
            [-96.800314, 32.78296, 137.6],
            [-96.800299, 32.782952, 137.5],
            [-96.800284, 32.782945, 137.5],
            [-96.800267, 32.782944, 137.5],
            [-96.800251, 32.782943, 137.5],
            [-96.800233, 32.782943, 137.4],
            [-96.800211, 32.782943, 137.4],
            [-96.800195, 32.782943, 137.4],
            [-96.80017, 32.782938, 137.3],
            [-96.800162, 32.782935, 137.3],
            [-96.800155, 32.782931, 137.3],
            [-96.800147, 32.78291, 137.2],
            [-96.800145, 32.782901, 137.2],
            [-96.800144, 32.782892, 137.2],
            [-96.800141, 32.782874, 137.2],
            [-96.800139, 32.782866, 137.2],
            [-96.800138, 32.782858, 137.2],
            [-96.800137, 32.78285, 137.1],
            [-96.800133, 32.782821, 137.1],
            [-96.800131, 32.782808, 137.1],
            [-96.800123, 32.782777, 137],
            [-96.800117, 32.782746, 136.9],
            [-96.800107, 32.782718, 136.8],
            [-96.800105, 32.78271, 136.8],
            [-96.8001, 32.782693, 136.8],
            [-96.800095, 32.782677, 136.7],
            [-96.800091, 32.782662, 136.7],
            [-96.800087, 32.782645, 136.6],
            [-96.800082, 32.782632, 136.6],
            [-96.800077, 32.782616, 136.5],
            [-96.800072, 32.782603, 136.5],
            [-96.800067, 32.78259, 136.4],
            [-96.800061, 32.782576, 136.4],
            [-96.800055, 32.782562, 136.3],
            [-96.80005, 32.782547, 136.3],
            [-96.800046, 32.782532, 136.2],
            [-96.800041, 32.782519, 136.2],
            [-96.800035, 32.782505, 136.2],
            [-96.80003, 32.78249, 136.1],
            [-96.800025, 32.782475, 136.1],
            [-96.80002, 32.782459, 136],
            [-96.800015, 32.782444, 136],
            [-96.800006, 32.782418, 135.9],
            [-96.800003, 32.782408, 135.9],
            [-96.799993, 32.782375, 135.8],
            [-96.79999, 32.782363, 135.8],
            [-96.79999, 32.782363, 135.8],
            [-96.799986, 32.782346, 135.7],
            [-96.799981, 32.782331, 135.7],
            [-96.799977, 32.782316, 135.6],
            [-96.799974, 32.782301, 135.6],
            [-96.799968, 32.782282, 135.6],
            [-96.799966, 32.782274, 135.5],
            [-96.799963, 32.782265, 135.5],
            [-96.79996, 32.782252, 135.5],
            [-96.799958, 32.782238, 135.4],
            [-96.799952, 32.782219, 135.4],
            [-96.799949, 32.78221, 135.4],
            [-96.799945, 32.782202, 135.4],
            [-96.799941, 32.78218, 135.3],
            [-96.79994, 32.782172, 135.3],
            [-96.799938, 32.782163, 135.3],
            [-96.799936, 32.782151, 135.2],
            [-96.799931, 32.78214, 135.2],
            [-96.799928, 32.782128, 135.2],
            [-96.799923, 32.782107, 135.1],
            [-96.79992, 32.782094, 135.1],
            [-96.799917, 32.782084, 135.1],
            [-96.799916, 32.782076, 135.1],
            [-96.799917, 32.782071, 135.1],
            [-96.799917, 32.782074, 135.1],
            [-96.799916, 32.782082, 135],
            [-96.799916, 32.782084, 135],
            [-96.799916, 32.782084, 135],
            [-96.799917, 32.782085, 135],
            [-96.799917, 32.782085, 135],
            [-96.799917, 32.782087, 135],
            [-96.799916, 32.782089, 135],
            [-96.799916, 32.782089, 135],
            [-96.799915, 32.782088, 135],
            [-96.799914, 32.782087, 135],
            [-96.799915, 32.782084, 135],
            [-96.799916, 32.782082, 135],
            [-96.799915, 32.78208, 135],
            [-96.799915, 32.78208, 135],
            [-96.799909, 32.782076, 135],
            [-96.799909, 32.782076, 135],
            [-96.799906, 32.782074, 135],
            [-96.799905, 32.782074, 135],
            [-96.799904, 32.782073, 135],
            [-96.799902, 32.782073, 135],
            [-96.799898, 32.782071, 135],
            [-96.799894, 32.782067, 135],
            [-96.799894, 32.782065, 135],
            [-96.799893, 32.782063, 135],
            [-96.799892, 32.782061, 134.9],
            [-96.799892, 32.782059, 134.9],
            [-96.799891, 32.782057, 134.9],
            [-96.799891, 32.782055, 134.9],
            [-96.79989, 32.782053, 134.9],
            [-96.799889, 32.782051, 134.9],
            [-96.799889, 32.782049, 134.9],
            [-96.799888, 32.782047, 134.9],
            [-96.799887, 32.782045, 134.9],
            [-96.799887, 32.782043, 134.9],
            [-96.799886, 32.782041, 134.9],
            [-96.799886, 32.782039, 134.9],
            [-96.799885, 32.782037, 134.9],
            [-96.799884, 32.782035, 134.9],
            [-96.799884, 32.782033, 134.9],
            [-96.799883, 32.782031, 134.9],
            [-96.799886, 32.782, 134.7],
            [-96.799891, 32.781965, 134.7],
            [-96.799893, 32.781936, 134.6],
            [-96.799891, 32.78192, 134.5],
            [-96.799889, 32.781905, 134.5],
            [-96.799885, 32.781891, 134.5],
            [-96.79988, 32.781879, 134.4],
            [-96.799875, 32.781867, 134.4],
            [-96.799873, 32.781858, 134.4],
            [-96.79987, 32.781848, 134.4],
            [-96.799868, 32.78184, 134.3],
            [-96.799865, 32.781832, 134.3],
            [-96.799861, 32.781824, 134.3],
            [-96.799857, 32.781815, 134.3],
            [-96.799852, 32.781805, 134.3],
            [-96.799849, 32.781791, 134.2],
            [-96.799846, 32.781779, 134.2],
            [-96.799842, 32.781766, 134.2],
            [-96.799839, 32.781752, 134.1],
            [-96.799834, 32.781738, 134.1],
            [-96.799829, 32.781725, 134.1],
            [-96.799824, 32.78171, 134],
            [-96.799819, 32.781694, 134],
            [-96.799813, 32.781679, 133.9],
            [-96.799807, 32.781664, 133.9],
            [-96.799801, 32.781649, 133.9],
            [-96.799795, 32.781636, 133.8],
            [-96.799785, 32.781615, 133.8],
            [-96.799782, 32.781607, 133.8],
            [-96.799778, 32.781599, 133.7],
            [-96.799772, 32.781583, 133.7],
            [-96.799767, 32.781569, 133.6],
            [-96.799763, 32.781552, 133.6],
            [-96.799759, 32.781539, 133.6],
            [-96.799754, 32.781523, 133.5],
            [-96.799749, 32.781506, 133.5],
            [-96.799746, 32.781489, 133.4],
            [-96.799742, 32.781471, 133.4],
            [-96.799738, 32.781457, 133.3],
            [-96.799731, 32.781442, 133.3],
            [-96.799718, 32.781431, 133.2],
            [-96.799702, 32.781424, 133.2],
            [-96.799684, 32.781421, 133.1],
            [-96.799666, 32.781421, 133.2],
            [-96.79965, 32.781425, 133.2],
            [-96.799635, 32.781431, 133.2],
            [-96.799618, 32.781435, 133.2],
            [-96.799597, 32.781436, 133.2],
            [-96.799574, 32.781439, 133.2],
            [-96.799554, 32.78144, 133.2],
            [-96.799536, 32.781438, 133.2],
            [-96.799529, 32.781429, 133.2],
            [-96.79953, 32.781423, 133.2],
            [-96.799532, 32.781421, 133.2],
            [-96.799533, 32.78142, 133.2],
            [-96.799533, 32.781423, 133.2],
            [-96.799533, 32.781424, 133.2],
            [-96.799533, 32.781425, 133.2],
            [-96.799532, 32.781425, 133.2],
            [-96.799532, 32.781427, 133.2],
            [-96.799533, 32.781426, 133.2],
            [-96.799532, 32.781427, 133.2],
            [-96.799531, 32.781428, 133.2],
            [-96.799532, 32.781428, 133.2],
            [-96.799532, 32.781428, 133.2],
            [-96.799534, 32.781424, 133.2],
            [-96.799536, 32.781421, 133.2],
            [-96.799535, 32.781422, 133.2],
            [-96.799535, 32.781423, 133.2],
            [-96.799529, 32.781423, 133.2],
            [-96.799526, 32.781423, 133.2],
            [-96.799526, 32.781422, 133.2],
            [-96.799525, 32.781422, 133.2],
            [-96.799525, 32.781422, 133.2],
            [-96.799525, 32.781422, 133.2],
            [-96.799525, 32.781422, 133.2],
            [-96.799525, 32.781422, 133.2],
            [-96.799525, 32.781422, 133.2],
            [-96.799525, 32.781422, 133.2],
            [-96.799525, 32.781422, 133.2],
            [-96.799525, 32.781422, 133.2],
            [-96.799522, 32.781423, 133.2],
            [-96.799522, 32.781426, 133.2],
            [-96.799522, 32.78143, 133.3],
            [-96.799523, 32.781433, 133.3],
            [-96.799524, 32.781434, 133.3],
            [-96.799525, 32.781435, 133.3],
            [-96.799525, 32.781435, 133.3],
            [-96.799527, 32.781434, 133.3],
            [-96.799527, 32.781432, 133.3],
            [-96.799522, 32.781428, 133.3],
            [-96.799519, 32.781426, 133.3],
            [-96.799517, 32.781425, 133.3],
            [-96.799517, 32.781424, 133.3],
            [-96.799517, 32.781424, 133.3],
            [-96.799518, 32.781422, 133.3],
            [-96.799519, 32.781418, 133.3],
            [-96.79952, 32.781415, 133.3],
            [-96.79952, 32.781412, 133.3],
            [-96.799517, 32.781409, 133.3],
            [-96.799514, 32.781406, 133.3],
            [-96.799512, 32.781404, 133.3],
            [-96.799511, 32.781404, 133.3],
            [-96.79951, 32.781403, 133.3],
            [-96.799509, 32.781403, 133.3],
            [-96.799508, 32.781403, 133.3],
            [-96.799508, 32.781403, 133.3],
            [-96.799507, 32.781403, 133.3],
            [-96.799507, 32.781403, 133.3],
            [-96.799507, 32.781403, 133.3],
            [-96.799508, 32.781403, 133.3],
            [-96.799508, 32.781403, 133.3],
            [-96.799508, 32.781403, 133.3],
            [-96.799508, 32.781404, 133.3],
            [-96.799508, 32.781404, 133.3],
            [-96.799508, 32.781404, 133.3],
            [-96.799508, 32.781404, 133.3],
            [-96.799508, 32.781404, 133.3],
            [-96.799509, 32.781404, 133.3],
            [-96.799512, 32.781403, 133.3],
            [-96.799515, 32.781402, 133.3],
            [-96.799515, 32.781401, 133.3],
            [-96.799514, 32.7814, 133.3],
            [-96.799513, 32.7814, 133.3],
            [-96.799513, 32.7814, 133.3],
            [-96.799513, 32.7814, 133.3],
            [-96.799514, 32.781401, 133.3],
            [-96.799517, 32.7814, 133.3],
            [-96.799518, 32.7814, 133.3],
            [-96.799519, 32.7814, 133.3],
            [-96.799519, 32.781401, 133.3],
            [-96.79952, 32.781402, 133.3],
            [-96.79952, 32.781402, 133.3],
            [-96.79952, 32.781402, 133.3],
            [-96.799521, 32.781402, 133.3],
            [-96.799521, 32.781402, 133.3],
            [-96.799522, 32.781402, 133.3],
            [-96.799522, 32.781401, 133.3],
            [-96.799535, 32.781393, 133.3],
            [-96.79954, 32.781388, 133.3],
            [-96.799542, 32.781386, 133.3],
            [-96.799543, 32.781386, 133.3],
            [-96.799543, 32.781385, 133.3],
            [-96.799543, 32.781385, 133.3],
            [-96.799543, 32.781385, 133.3],
            [-96.799543, 32.781385, 133.3],
            [-96.799542, 32.781385, 133.3],
            [-96.799535, 32.781388, 133.3],
            [-96.79953, 32.781392, 133.3],
            [-96.799525, 32.781399, 133.3],
            [-96.799524, 32.781402, 133.3],
            [-96.799524, 32.781407, 133.3],
            [-96.799527, 32.781409, 133.3],
            [-96.799526, 32.781409, 133.3],
            [-96.799525, 32.781409, 133.3],
            [-96.799522, 32.78141, 133.3],
            [-96.79952, 32.781411, 133.3],
            [-96.799519, 32.781411, 133.3],
            [-96.799519, 32.781411, 133.3],
            [-96.799518, 32.781411, 133.3],
            [-96.799516, 32.781409, 133.3],
            [-96.799513, 32.781408, 133.3],
            [-96.799516, 32.781406, 133.3],
            [-96.799518, 32.781406, 133.3],
            [-96.799517, 32.781405, 133.3],
            [-96.799516, 32.781405, 133.3],
            [-96.799515, 32.781404, 133.3],
            [-96.799511, 32.781406, 133.3],
            [-96.79951, 32.781406, 133.3],
            [-96.799509, 32.781406, 133.3],
            [-96.799508, 32.781406, 133.3],
            [-96.799486, 32.781402, 133.4],
            [-96.799486, 32.781402, 133.4],
            [-96.799475, 32.781401, 133.4],
            [-96.799473, 32.781401, 133.4],
            [-96.799473, 32.781401, 133.4],
            [-96.799472, 32.7814, 133.4],
            [-96.799472, 32.7814, 133.4],
            [-96.799472, 32.7814, 133.4],
            [-96.799471, 32.781399, 133.4],
            [-96.79947, 32.7814, 133.4],
            [-96.79947, 32.781401, 133.4],
            [-96.79947, 32.781401, 133.4],
            [-96.799469, 32.781401, 133.4],
            [-96.799468, 32.781401, 133.4],
            [-96.799468, 32.781402, 133.4],
            [-96.799468, 32.781402, 133.4],
            [-96.799468, 32.781402, 133.4],
            [-96.799468, 32.781402, 133.4],
            [-96.799469, 32.781403, 133.4],
            [-96.799469, 32.781404, 133.4],
            [-96.799469, 32.781404, 133.4],
            [-96.799469, 32.781404, 133.4],
            [-96.799469, 32.781404, 133.4],
            [-96.799469, 32.781404, 133.4],
            [-96.799469, 32.781405, 133.4],
            [-96.799469, 32.781405, 133.4],
            [-96.799469, 32.781405, 133.4],
            [-96.799469, 32.781406, 133.4],
            [-96.799469, 32.781407, 133.4],
            [-96.79947, 32.781408, 133.4],
            [-96.79947, 32.781408, 133.4],
            [-96.79947, 32.781408, 133.4],
            [-96.799469, 32.781408, 133.4],
            [-96.79947, 32.781408, 133.4],
            [-96.79947, 32.781408, 133.4],
            [-96.799469, 32.781408, 133.4],
            [-96.799469, 32.781408, 133.4],
            [-96.79947, 32.781409, 133.4],
            [-96.799469, 32.781409, 133.4],
            [-96.799469, 32.78141, 133.4],
            [-96.79947, 32.78141, 133.4],
            [-96.799469, 32.78141, 133.4],
            [-96.799469, 32.78141, 133.4],
            [-96.799468, 32.781411, 133.4],
            [-96.799467, 32.781411, 133.4],
            [-96.799467, 32.781412, 133.4],
            [-96.799466, 32.781413, 133.4],
            [-96.799466, 32.781413, 133.4],
            [-96.799466, 32.781413, 133.4],
            [-96.799466, 32.781413, 133.4],
            [-96.799466, 32.781413, 133.4],
            [-96.799464, 32.781414, 133.4],
            [-96.799463, 32.781414, 133.4],
            [-96.799461, 32.781415, 133.4],
            [-96.799456, 32.781419, 133.4],
            [-96.799456, 32.781421, 133.4],
            [-96.799456, 32.781422, 133.4],
            [-96.799457, 32.781422, 133.4],
            [-96.799457, 32.781423, 133.4],
            [-96.799458, 32.781422, 133.4],
            [-96.799455, 32.781423, 133.4],
            [-96.799456, 32.781423, 133.4],
            [-96.799453, 32.781426, 133.4],
            [-96.799451, 32.781428, 133.4],
            [-96.799449, 32.781429, 133.4],
            [-96.799446, 32.78143, 133.4],
            [-96.799446, 32.781432, 133.4],
            [-96.799446, 32.781432, 133.4],
            [-96.799447, 32.781432, 133.4],
            [-96.799447, 32.781433, 133.4],
            [-96.799448, 32.781433, 133.4],
            [-96.799448, 32.781433, 133.4],
            [-96.799448, 32.781433, 133.4],
            [-96.799448, 32.781433, 133.4],
            [-96.79945, 32.781432, 133.4],
            [-96.799451, 32.781432, 133.4],
            [-96.799452, 32.781433, 133.4],
            [-96.799452, 32.781433, 133.4],
            [-96.799453, 32.781434, 133.4],
            [-96.799454, 32.781433, 133.4],
            [-96.799457, 32.781433, 133.4],
            [-96.799459, 32.781433, 133.4],
            [-96.79946, 32.781431, 133.4],
            [-96.79946, 32.781431, 133.4],
            [-96.79946, 32.781431, 133.4],
            [-96.79946, 32.78143, 133.4],
            [-96.799461, 32.781429, 133.4],
            [-96.799461, 32.781427, 133.4],
            [-96.799459, 32.781426, 133.4],
            [-96.799457, 32.781428, 133.4],
            [-96.799452, 32.78143, 133.4],
            [-96.79945, 32.781431, 133.4],
            [-96.79945, 32.781432, 133.4],
            [-96.799451, 32.781432, 133.4],
            [-96.799452, 32.781431, 133.4],
            [-96.799452, 32.781431, 133.4],
            [-96.799453, 32.781432, 133.4],
            [-96.799452, 32.781433, 133.4],
            [-96.799452, 32.781433, 133.4],
            [-96.799454, 32.781432, 133.4],
            [-96.799456, 32.781429, 133.4],
            [-96.799458, 32.781426, 133.4],
            [-96.799459, 32.781424, 133.4],
            [-96.799459, 32.781423, 133.4],
            [-96.799461, 32.781423, 133.4],
            [-96.799459, 32.781425, 133.4],
            [-96.799459, 32.781426, 133.4],
            [-96.799459, 32.781426, 133.4],
            [-96.799459, 32.781426, 133.4],
            [-96.799466, 32.78142, 133.4],
            [-96.799468, 32.781418, 133.4],
            [-96.79947, 32.781414, 133.4],
            [-96.799474, 32.78141, 133.4],
            [-96.799475, 32.781407, 133.4],
            [-96.799465, 32.781392, 133.4],
            [-96.799463, 32.78139, 133.4],
            [-96.799463, 32.78139, 133.4],
            [-96.799462, 32.78139, 133.4],
            [-96.799462, 32.78139, 133.4],
            [-96.799462, 32.78139, 133.4],
            [-96.799462, 32.78139, 133.4],
            [-96.799462, 32.781389, 133.4],
            [-96.799462, 32.781389, 133.4],
            [-96.799463, 32.781389, 133.4],
            [-96.799463, 32.781388, 133.4],
            [-96.799463, 32.781388, 133.4],
            [-96.799463, 32.781388, 133.4],
            [-96.799464, 32.781387, 133.4],
            [-96.799465, 32.781386, 133.5],
            [-96.799465, 32.781385, 133.5],
            [-96.799465, 32.781385, 133.5],
            [-96.799477, 32.781381, 133.5],
            [-96.79948, 32.781381, 133.5],
            [-96.799481, 32.78138, 133.5],
            [-96.799481, 32.78138, 133.5],
            [-96.799481, 32.78138, 133.5],
            [-96.799482, 32.78138, 133.5],
            [-96.799486, 32.781378, 133.5],
            [-96.799487, 32.781378, 133.5],
            [-96.799489, 32.781377, 133.5],
            [-96.799493, 32.781376, 133.5],
            [-96.799494, 32.781375, 133.5],
            [-96.799493, 32.781375, 133.5],
            [-96.799493, 32.781375, 133.5],
            [-96.799493, 32.781375, 133.5],
            [-96.799493, 32.781375, 133.5],
            [-96.799494, 32.781374, 133.5],
            [-96.799497, 32.781372, 133.5],
            [-96.799498, 32.781372, 133.5],
            [-96.799498, 32.781372, 133.5],
            [-96.799497, 32.781372, 133.5],
            [-96.799496, 32.781372, 133.5],
            [-96.79949, 32.781373, 133.5],
            [-96.799485, 32.781373, 133.5],
            [-96.799481, 32.781373, 133.5],
            [-96.79948, 32.781374, 133.5],
            [-96.799482, 32.781373, 133.5],
            [-96.799483, 32.781374, 133.5],
            [-96.799484, 32.781373, 133.5],
            [-96.799485, 32.781373, 133.5],
            [-96.799485, 32.781373, 133.5],
            [-96.799486, 32.781373, 133.5],
            [-96.799484, 32.781373, 133.5],
            [-96.799482, 32.781374, 133.5]
          ]
        ]
      },
      "properties": { "order": 3, "type": "walking" }
    }
  ]
}
