{
  "type": "FeatureCollection",
  "name": "geometry",
  "features": [
    {
      "type": "Feature",
      "properties": { "name": "ESSA Airport", "icon": "target", "type": null, "order": null },
      "geometry": { "type": "Point", "coordinates": [17.918611, 59.651944, 0.0] }
    },
    {
      "type": "Feature",
      "properties": { "name": "EGKK Airport", "icon": "target", "type": null, "order": null },
      "geometry": { "type": "Point", "coordinates": [-0.190278, 51.148056, 0.0] }
    },
    {
      "type": "Feature",
      "properties": {
        "name": "Sundsvall, Sweden",
        "icon": null,
        "type": "train",
        "order": 1
      },
      "geometry": {
        "type": "LineString",
        "coordinates": [
          [17.30579, 62.38814],
          [17.30649, 62.38806],
          [17.30665, 62.38805],
          [17.30676, 62.38804],
          [17.30685, 62.38803],
          [17.30732, 62.38798],
          [17.30744, 62.38796],
          [17.30751, 62.38795],
          [17.30832, 62.38787],
          [17.30834, 62.38786],
          [17.30834, 62.38786],
          [17.30975, 62.38771],
          [17.30989, 62.38769],
          [17.31003, 62.38768],
          [17.31014, 62.38767],
          [17.31045, 62.38763],
          [17.31089, 62.38757],
          [17.31121, 62.38751],
          [17.31151, 62.38745],
          [17.31197, 62.38735],
          [17.31271, 62.38715],
          [17.31312, 62.38703],
          [17.31329, 62.38699],
          [17.31329, 62.38699],
          [17.31395, 62.38681],
          [17.31433, 62.38671],
          [17.31492, 62.38655],
          [17.31539, 62.38642],
          [17.31744, 62.38587],
          [17.31829, 62.38565],
          [17.31871, 62.38554],
          [17.31906, 62.38546],
          [17.31945, 62.38538],
          [17.31983, 62.38531],
          [17.32027, 62.38523],
          [17.32065, 62.38517],
          [17.32099, 62.38513],
          [17.32124, 62.38509],
          [17.32149, 62.38506],
          [17.32255, 62.38493],
          [17.32537, 62.38458],
          [17.32626, 62.38447],
          [17.32674, 62.38441],
          [17.32674, 62.38441],
          [17.32752, 62.38432],
          [17.32752, 62.38432],
          [17.32843, 62.38425],
          [17.3285, 62.38424],
          [17.32985, 62.38408],
          [17.33082, 62.38396],
          [17.33188, 62.38383],
          [17.33359, 62.38362],
          [17.33402, 62.38357],
          [17.33438, 62.38353],
          [17.33499, 62.38345],
          [17.33548, 62.38338],
          [17.33596, 62.38331],
          [17.3364, 62.38323],
          [17.33688, 62.38313],
          [17.33757, 62.38298],
          [17.33885, 62.3827],
          [17.33896, 62.38267],
          [17.33897, 62.38267],
          [17.33947, 62.38256],
          [17.33982, 62.38248],
          [17.34066, 62.3823],
          [17.34158, 62.3821],
          [17.342, 62.38201],
          [17.34246, 62.38193],
          [17.34276, 62.38187],
          [17.34306, 62.38183],
          [17.34352, 62.38177],
          [17.34403, 62.38172],
          [17.34445, 62.38168],
          [17.345, 62.38165],
          [17.34558, 62.38163],
          [17.34647, 62.3816],
          [17.34701, 62.38159],
          [17.3477, 62.38158],
          [17.34806, 62.38157],
          [17.34854, 62.38154],
          [17.34904, 62.3815],
          [17.34952, 62.38147],
          [17.35, 62.38142],
          [17.35044, 62.38137],
          [17.3507, 62.38133],
          [17.3513, 62.38123],
          [17.35181, 62.38113],
          [17.35226, 62.38103],
          [17.35269, 62.38092],
          [17.35309, 62.38081],
          [17.35349, 62.38069],
          [17.35404, 62.38051],
          [17.35517, 62.38011],
          [17.3557, 62.37991],
          [17.35611, 62.37974],
          [17.3565, 62.37958],
          [17.35687, 62.3794],
          [17.35693, 62.37937],
          [17.35728, 62.37918],
          [17.3576, 62.37898],
          [17.35788, 62.3788],
          [17.35815, 62.37857],
          [17.35852, 62.37824],
          [17.35881, 62.37795],
          [17.35895, 62.37781],
          [17.35992, 62.37684],
          [17.36102, 62.37573],
          [17.36139, 62.37535],
          [17.36181, 62.37493],
          [17.36199, 62.37474],
          [17.36228, 62.37445],
          [17.3626, 62.37409],
          [17.36301, 62.37362],
          [17.36336, 62.37322],
          [17.36346, 62.37311],
          [17.36367, 62.37288],
          [17.36387, 62.37266],
          [17.36403, 62.3725],
          [17.36423, 62.3723],
          [17.36449, 62.37205],
          [17.36502, 62.37159],
          [17.3652, 62.37144],
          [17.36545, 62.37123],
          [17.3658, 62.37094],
          [17.3662, 62.37062],
          [17.36658, 62.37032],
          [17.36691, 62.37004],
          [17.36721, 62.36977],
          [17.36745, 62.36953],
          [17.36762, 62.36934],
          [17.3678, 62.36915],
          [17.36794, 62.36897],
          [17.36812, 62.36873],
          [17.36827, 62.36853],
          [17.36847, 62.36821],
          [17.36862, 62.36796],
          [17.36877, 62.36762],
          [17.3689, 62.36732],
          [17.369, 62.36702],
          [17.36909, 62.36671],
          [17.36919, 62.36633],
          [17.36935, 62.36565],
          [17.3694, 62.36536],
          [17.36943, 62.3651],
          [17.36945, 62.3648],
          [17.36944, 62.36452],
          [17.36941, 62.36419],
          [17.36937, 62.3639],
          [17.36927, 62.36355],
          [17.36917, 62.36326],
          [17.36898, 62.36285],
          [17.36813, 62.36118],
          [17.36801, 62.36091],
          [17.36793, 62.36068],
          [17.36788, 62.36048],
          [17.36785, 62.36021],
          [17.36785, 62.35999],
          [17.36787, 62.35979],
          [17.36787, 62.35978],
          [17.36789, 62.35968],
          [17.36797, 62.35934],
          [17.3681, 62.35886],
          [17.36817, 62.35857],
          [17.36821, 62.35832],
          [17.36821, 62.35808],
          [17.36819, 62.35789],
          [17.36814, 62.35768],
          [17.36809, 62.35748],
          [17.368, 62.35726],
          [17.36786, 62.357],
          [17.36771, 62.35677],
          [17.36753, 62.35655],
          [17.36734, 62.35634],
          [17.36709, 62.35608],
          [17.3669, 62.3559],
          [17.36666, 62.35566],
          [17.36619, 62.3552],
          [17.36593, 62.35495],
          [17.36547, 62.35441],
          [17.36528, 62.3541],
          [17.3651, 62.35368],
          [17.36503, 62.35345],
          [17.36496, 62.35322],
          [17.36484, 62.35286],
          [17.36468, 62.35231],
          [17.36451, 62.3517],
          [17.36439, 62.35132],
          [17.36427, 62.351],
          [17.36408, 62.35067],
          [17.36393, 62.35046],
          [17.36379, 62.35028],
          [17.36374, 62.35023],
          [17.3636, 62.35008],
          [17.36333, 62.34982],
          [17.36254, 62.34915],
          [17.36232, 62.34896],
          [17.36207, 62.34874],
          [17.36185, 62.34853],
          [17.36165, 62.34831],
          [17.36146, 62.34807],
          [17.3612, 62.34771],
          [17.36095, 62.34739],
          [17.36083, 62.34723],
          [17.36073, 62.34706],
          [17.36073, 62.34706],
          [17.36048, 62.34673],
          [17.36022, 62.34635],
          [17.36007, 62.34612],
          [17.35992, 62.34583],
          [17.35986, 62.34569],
          [17.35981, 62.34556],
          [17.35973, 62.34521],
          [17.35971, 62.34494],
          [17.35972, 62.34465],
          [17.35976, 62.34433],
          [17.35984, 62.344],
          [17.35985, 62.34393],
          [17.35991, 62.34363],
          [17.35997, 62.34334],
          [17.36004, 62.34302],
          [17.36009, 62.34267],
          [17.36011, 62.34223],
          [17.3601, 62.34182],
          [17.36008, 62.34146],
          [17.36001, 62.34075],
          [17.35994, 62.34011],
          [17.35989, 62.33968],
          [17.35981, 62.33929],
          [17.35975, 62.33907],
          [17.35968, 62.33887],
          [17.35954, 62.33854],
          [17.3592, 62.33786],
          [17.35898, 62.33736],
          [17.3588, 62.33703],
          [17.3587, 62.33681],
          [17.35869, 62.33678],
          [17.35864, 62.33659],
          [17.35859, 62.33635],
          [17.35858, 62.33611],
          [17.35859, 62.3359],
          [17.35871, 62.33543],
          [17.35881, 62.33516],
          [17.35907, 62.33473],
          [17.35924, 62.33451],
          [17.35929, 62.33444],
          [17.35954, 62.33416],
          [17.36016, 62.33348],
          [17.36056, 62.33304],
          [17.36107, 62.33251],
          [17.36128, 62.33229],
          [17.36149, 62.33211],
          [17.36179, 62.33185],
          [17.36224, 62.33157],
          [17.36256, 62.33138],
          [17.36294, 62.33117],
          [17.3633, 62.33101],
          [17.36362, 62.33087],
          [17.36397, 62.33073],
          [17.36467, 62.33046],
          [17.36529, 62.3302],
          [17.36569, 62.33002],
          [17.36607, 62.32983],
          [17.36646, 62.32961],
          [17.36677, 62.3294],
          [17.36701, 62.32923],
          [17.36713, 62.32912],
          [17.36733, 62.32895],
          [17.36753, 62.32876],
          [17.36773, 62.32854],
          [17.3679, 62.32832],
          [17.36808, 62.32805],
          [17.36819, 62.32782],
          [17.36827, 62.32762],
          [17.36833, 62.32743],
          [17.36838, 62.3272],
          [17.36839, 62.32699],
          [17.3684, 62.32677],
          [17.36839, 62.32669],
          [17.36839, 62.32668],
          [17.36835, 62.3265],
          [17.36829, 62.32628],
          [17.36816, 62.32595],
          [17.36792, 62.32548],
          [17.36773, 62.32515],
          [17.36758, 62.32483],
          [17.36749, 62.32461],
          [17.36745, 62.32445],
          [17.36742, 62.3243],
          [17.36742, 62.3243],
          [17.36739, 62.32409],
          [17.36736, 62.32389],
          [17.36736, 62.32381],
          [17.36736, 62.32358],
          [17.36733, 62.32279],
          [17.36733, 62.32272],
          [17.36733, 62.32197],
          [17.36729, 62.32106],
          [17.36727, 62.32043],
          [17.36727, 62.32035],
          [17.36727, 62.31987],
          [17.36727, 62.31945],
          [17.36732, 62.31913],
          [17.36734, 62.31898],
          [17.36737, 62.31885],
          [17.36745, 62.3186],
          [17.36768, 62.31791],
          [17.36781, 62.31754],
          [17.36793, 62.31714],
          [17.36799, 62.31695],
          [17.36804, 62.31674],
          [17.36807, 62.31653],
          [17.36808, 62.31621],
          [17.36802, 62.31544],
          [17.368, 62.31515],
          [17.36799, 62.31499],
          [17.36799, 62.31483],
          [17.368, 62.3146],
          [17.36804, 62.31434],
          [17.3681, 62.31412],
          [17.36816, 62.31395],
          [17.36818, 62.31391],
          [17.36827, 62.31374],
          [17.3684, 62.31351],
          [17.36854, 62.31332],
          [17.36871, 62.31312],
          [17.36888, 62.31293],
          [17.36907, 62.31273],
          [17.36935, 62.31248],
          [17.3696, 62.31225],
          [17.36987, 62.31203],
          [17.37014, 62.31178],
          [17.37029, 62.31163],
          [17.37038, 62.31155],
          [17.3707, 62.31119],
          [17.37082, 62.31102],
          [17.37092, 62.31087],
          [17.371, 62.31073],
          [17.37108, 62.31059],
          [17.37114, 62.31044],
          [17.3712, 62.31028],
          [17.37124, 62.31011],
          [17.37128, 62.30992],
          [17.37132, 62.30954],
          [17.37135, 62.3091],
          [17.37136, 62.30891],
          [17.37138, 62.30869],
          [17.3714, 62.30848],
          [17.37144, 62.30832],
          [17.37151, 62.30808],
          [17.37161, 62.30786],
          [17.37172, 62.30766],
          [17.37185, 62.30746],
          [17.37209, 62.30714],
          [17.37231, 62.30686],
          [17.3725, 62.30663],
          [17.37267, 62.3064],
          [17.37281, 62.30617],
          [17.37294, 62.3059],
          [17.37304, 62.30563],
          [17.37308, 62.3055],
          [17.37312, 62.30526],
          [17.37315, 62.305],
          [17.37317, 62.30474],
          [17.37321, 62.30445],
          [17.37325, 62.3042],
          [17.3733, 62.30403],
          [17.37331, 62.30398],
          [17.37339, 62.30376],
          [17.37351, 62.30349],
          [17.37364, 62.30328],
          [17.37381, 62.303],
          [17.37388, 62.30288],
          [17.37406, 62.30262],
          [17.37449, 62.30195],
          [17.37473, 62.30156],
          [17.37497, 62.30117],
          [17.37561, 62.30016],
          [17.37571, 62.3],
          [17.37584, 62.29979],
          [17.37593, 62.29961],
          [17.37601, 62.29945],
          [17.37609, 62.29928],
          [17.37617, 62.29906],
          [17.37625, 62.29879],
          [17.37633, 62.2985],
          [17.37651, 62.29772],
          [17.37657, 62.29748],
          [17.37675, 62.29691],
          [17.3771, 62.296],
          [17.37719, 62.29572],
          [17.37725, 62.29548],
          [17.37729, 62.29523],
          [17.37731, 62.2949],
          [17.3773, 62.29466],
          [17.37727, 62.29418],
          [17.37726, 62.29411],
          [17.37722, 62.29376],
          [17.37706, 62.2929],
          [17.37676, 62.29148],
          [17.37662, 62.29089],
          [17.37642, 62.28998],
          [17.37638, 62.2898],
          [17.37635, 62.28969],
          [17.37627, 62.28926],
          [17.37616, 62.2888],
          [17.37611, 62.28852],
          [17.37611, 62.28852],
          [17.37607, 62.28841],
          [17.37603, 62.2883],
          [17.37598, 62.28814],
          [17.37593, 62.28798],
          [17.37587, 62.28773],
          [17.37585, 62.28767],
          [17.37578, 62.28717],
          [17.37573, 62.2869],
          [17.37572, 62.28661],
          [17.37571, 62.2862],
          [17.37572, 62.28587],
          [17.37573, 62.28545],
          [17.37576, 62.28517],
          [17.37577, 62.28512],
          [17.37583, 62.2847],
          [17.37588, 62.28445],
          [17.37593, 62.28418],
          [17.37603, 62.28385],
          [17.37612, 62.28353],
          [17.37621, 62.28324],
          [17.37629, 62.28294],
          [17.37639, 62.28262],
          [17.3765, 62.28223],
          [17.37661, 62.28187],
          [17.37671, 62.28158],
          [17.37679, 62.28127],
          [17.37689, 62.28096],
          [17.37697, 62.28061],
          [17.37703, 62.28023],
          [17.37721, 62.27905],
          [17.37734, 62.27815],
          [17.37739, 62.27779],
          [17.37748, 62.27732],
          [17.37758, 62.27694],
          [17.37766, 62.27662],
          [17.37769, 62.27647],
          [17.37775, 62.27623],
          [17.37785, 62.27584],
          [17.37794, 62.27543],
          [17.37803, 62.27505],
          [17.37819, 62.27439],
          [17.37822, 62.27411],
          [17.37825, 62.27389],
          [17.37828, 62.27355],
          [17.37832, 62.27316],
          [17.37831, 62.27286],
          [17.37829, 62.27246],
          [17.37828, 62.27214],
          [17.37824, 62.27189],
          [17.3782, 62.27166],
          [17.37815, 62.27143],
          [17.37796, 62.27046],
          [17.37793, 62.27031],
          [17.3778, 62.26961],
          [17.37769, 62.26902],
          [17.37759, 62.26847],
          [17.37747, 62.26787],
          [17.37745, 62.26773],
          [17.37741, 62.26754],
          [17.37737, 62.26728],
          [17.37727, 62.2668],
          [17.37717, 62.26636],
          [17.37711, 62.26593],
          [17.37712, 62.2656],
          [17.37713, 62.26534],
          [17.37724, 62.26492],
          [17.37729, 62.26474],
          [17.37739, 62.26446],
          [17.37752, 62.26421],
          [17.37766, 62.26398],
          [17.37769, 62.26394],
          [17.37793, 62.26366],
          [17.37827, 62.26332],
          [17.37845, 62.26317],
          [17.3785, 62.26312],
          [17.37891, 62.26282],
          [17.37927, 62.26257],
          [17.37971, 62.26228],
          [17.38013, 62.26199],
          [17.38045, 62.26176],
          [17.38084, 62.26144],
          [17.38117, 62.26114],
          [17.38207, 62.26026],
          [17.38243, 62.25994],
          [17.38272, 62.25971],
          [17.38305, 62.25949],
          [17.38334, 62.25932],
          [17.38351, 62.25922],
          [17.38387, 62.25903],
          [17.38419, 62.25889],
          [17.38507, 62.25851],
          [17.3857, 62.25825],
          [17.38619, 62.25803],
          [17.38653, 62.25787],
          [17.38676, 62.25776],
          [17.38689, 62.25767],
          [17.38719, 62.2575],
          [17.38749, 62.25729],
          [17.38776, 62.25708],
          [17.38798, 62.2569],
          [17.38817, 62.25672],
          [17.38843, 62.25646],
          [17.38868, 62.25622],
          [17.3889, 62.256],
          [17.3891, 62.25581],
          [17.38976, 62.25526],
          [17.39395, 62.25194],
          [17.39415, 62.25179],
          [17.39779, 62.24889],
          [17.40082, 62.24649],
          [17.40113, 62.24624],
          [17.40216, 62.24543],
          [17.40251, 62.24515],
          [17.40299, 62.24479],
          [17.4033, 62.24457],
          [17.40367, 62.24433],
          [17.4038, 62.24426],
          [17.404, 62.24416],
          [17.40445, 62.24394],
          [17.405, 62.24371],
          [17.40557, 62.24351],
          [17.40618, 62.24331],
          [17.40688, 62.24312],
          [17.40778, 62.24285],
          [17.40871, 62.24253],
          [17.40913, 62.24236],
          [17.40945, 62.24222],
          [17.40986, 62.24201],
          [17.4102, 62.24182],
          [17.41051, 62.24162],
          [17.41081, 62.2414],
          [17.41114, 62.24113],
          [17.4114, 62.24087],
          [17.41165, 62.24059],
          [17.41184, 62.24029],
          [17.41199, 62.24002],
          [17.4121, 62.23972],
          [17.41216, 62.23944],
          [17.41217, 62.23937],
          [17.41219, 62.23917],
          [17.41219, 62.23893],
          [17.41216, 62.23866],
          [17.41201, 62.2382],
          [17.41195, 62.23808],
          [17.41182, 62.23784],
          [17.41154, 62.23748],
          [17.41123, 62.23717],
          [17.41108, 62.23702],
          [17.41085, 62.23683],
          [17.41046, 62.23655],
          [17.41005, 62.23629],
          [17.40966, 62.23607],
          [17.4091, 62.23581],
          [17.40853, 62.23558],
          [17.4079, 62.23535],
          [17.4079, 62.23535],
          [17.40701, 62.23505],
          [17.40679, 62.23498],
          [17.40533, 62.23448],
          [17.40496, 62.23436],
          [17.40381, 62.23397],
          [17.4029, 62.23366],
          [17.40202, 62.23335],
          [17.40143, 62.23315],
          [17.39955, 62.23252],
          [17.39839, 62.23212],
          [17.39785, 62.23194],
          [17.39715, 62.2317],
          [17.39676, 62.23157],
          [17.39627, 62.2314],
          [17.39593, 62.23128],
          [17.39542, 62.2311],
          [17.3949, 62.23091],
          [17.39436, 62.23067],
          [17.39384, 62.2304],
          [17.39338, 62.23011],
          [17.39293, 62.22978],
          [17.39251, 62.22942],
          [17.39217, 62.22908],
          [17.39183, 62.22879],
          [17.39172, 62.2287],
          [17.39142, 62.22846],
          [17.39101, 62.22817],
          [17.39057, 62.22792],
          [17.39033, 62.2278],
          [17.39008, 62.22767],
          [17.3898, 62.22755],
          [17.38952, 62.22744],
          [17.38922, 62.22733],
          [17.38892, 62.22723],
          [17.38868, 62.22715],
          [17.38844, 62.22708],
          [17.38814, 62.227],
          [17.38786, 62.22692],
          [17.38683, 62.22669],
          [17.38608, 62.22651],
          [17.38533, 62.22632],
          [17.38481, 62.22617],
          [17.38421, 62.22597],
          [17.38367, 62.22575],
          [17.38315, 62.22551],
          [17.3828, 62.22532],
          [17.38272, 62.22528],
          [17.38232, 62.22502],
          [17.38195, 62.22475],
          [17.38164, 62.22448],
          [17.38136, 62.22419],
          [17.38106, 62.22385],
          [17.38047, 62.22315],
          [17.38016, 62.22284],
          [17.37984, 62.22258],
          [17.37951, 62.22234],
          [17.37922, 62.22216],
          [17.37888, 62.22196],
          [17.37854, 62.22179],
          [17.37833, 62.22168],
          [17.3779, 62.22148],
          [17.37725, 62.22121],
          [17.37667, 62.22096],
          [17.37613, 62.22072],
          [17.37562, 62.22048],
          [17.37525, 62.22028],
          [17.37481, 62.22],
          [17.37448, 62.21976],
          [17.37416, 62.21949],
          [17.37388, 62.21921],
          [17.37366, 62.21895],
          [17.37352, 62.21873],
          [17.37337, 62.21847],
          [17.37324, 62.21818],
          [17.37315, 62.21779],
          [17.37312, 62.21768],
          [17.37312, 62.21745],
          [17.37315, 62.21712],
          [17.37318, 62.21695],
          [17.37322, 62.21678],
          [17.37333, 62.21653],
          [17.37348, 62.21623],
          [17.37371, 62.2159],
          [17.37399, 62.21559],
          [17.37429, 62.21531],
          [17.37478, 62.21492],
          [17.37526, 62.21456],
          [17.37562, 62.21429],
          [17.37597, 62.214],
          [17.37612, 62.21388],
          [17.37628, 62.21373],
          [17.37654, 62.21347],
          [17.37687, 62.21309],
          [17.37698, 62.21296],
          [17.37706, 62.21283],
          [17.37739, 62.21232],
          [17.37775, 62.21171],
          [17.37809, 62.2111],
          [17.37838, 62.21061],
          [17.37864, 62.21016],
          [17.37864, 62.21016],
          [17.37879, 62.20983],
          [17.37886, 62.20966],
          [17.37895, 62.20949],
          [17.379, 62.20938],
          [17.37908, 62.20922],
          [17.3792, 62.20899],
          [17.37933, 62.20875],
          [17.37944, 62.20852],
          [17.37953, 62.20831],
          [17.37961, 62.20808],
          [17.37966, 62.20787],
          [17.37969, 62.2077],
          [17.3797, 62.2076],
          [17.37971, 62.20741],
          [17.3797, 62.2072],
          [17.37967, 62.20699],
          [17.37963, 62.20678],
          [17.37956, 62.20655],
          [17.37951, 62.20641],
          [17.37939, 62.20616],
          [17.3792, 62.20582],
          [17.37894, 62.20542],
          [17.37869, 62.20508],
          [17.37842, 62.20472],
          [17.37822, 62.20443],
          [17.37802, 62.20413],
          [17.37787, 62.20386],
          [17.37775, 62.20361],
          [17.37764, 62.20329],
          [17.37758, 62.20303],
          [17.37754, 62.20274],
          [17.37754, 62.20248],
          [17.37757, 62.20222],
          [17.37766, 62.20183],
          [17.37779, 62.20146],
          [17.37792, 62.20114],
          [17.37807, 62.20086],
          [17.37818, 62.20063],
          [17.37824, 62.20051],
          [17.37835, 62.20028],
          [17.37844, 62.2001],
          [17.3786, 62.19972],
          [17.37874, 62.19933],
          [17.37886, 62.19895],
          [17.37897, 62.19855],
          [17.37904, 62.19832],
          [17.37918, 62.1979],
          [17.37939, 62.1974],
          [17.37939, 62.19738],
          [17.37946, 62.19715],
          [17.37963, 62.19656],
          [17.37989, 62.19566],
          [17.37998, 62.19533],
          [17.38008, 62.195],
          [17.3802, 62.19455],
          [17.38038, 62.1939],
          [17.38044, 62.19359],
          [17.38047, 62.19326],
          [17.38044, 62.19294],
          [17.38037, 62.19265],
          [17.38027, 62.19235],
          [17.38007, 62.192],
          [17.37994, 62.19181],
          [17.37991, 62.19176],
          [17.37965, 62.19146],
          [17.37944, 62.19125],
          [17.37915, 62.191],
          [17.37888, 62.1908],
          [17.37861, 62.19062],
          [17.37832, 62.19044],
          [17.37795, 62.19024],
          [17.37761, 62.19008],
          [17.37724, 62.18992],
          [17.37687, 62.18977],
          [17.37648, 62.18963],
          [17.37607, 62.1895],
          [17.37566, 62.18939],
          [17.37512, 62.18925],
          [17.37469, 62.18916],
          [17.37419, 62.18907],
          [17.37375, 62.189],
          [17.37324, 62.18893],
          [17.37278, 62.18889],
          [17.37234, 62.18885],
          [17.37179, 62.18882],
          [17.37132, 62.1888],
          [17.37085, 62.1888],
          [17.37013, 62.18882],
          [17.37006, 62.18882],
          [17.36938, 62.18885],
          [17.36819, 62.1889],
          [17.36769, 62.18892],
          [17.36717, 62.18893],
          [17.36672, 62.18892],
          [17.36628, 62.18891],
          [17.36591, 62.18889],
          [17.36547, 62.18886],
          [17.36506, 62.18882],
          [17.36451, 62.18877],
          [17.36393, 62.18868],
          [17.3637, 62.18864],
          [17.36307, 62.18852],
          [17.36244, 62.18837],
          [17.36175, 62.18817],
          [17.36109, 62.18794],
          [17.36057, 62.18773],
          [17.3601, 62.18751],
          [17.35968, 62.18728],
          [17.35917, 62.18696],
          [17.35863, 62.18653],
          [17.35836, 62.18626],
          [17.35817, 62.18603],
          [17.35801, 62.18582],
          [17.35785, 62.18556],
          [17.35773, 62.18529],
          [17.35764, 62.18506],
          [17.35762, 62.18495],
          [17.35759, 62.18481],
          [17.35756, 62.18454],
          [17.35757, 62.18424],
          [17.35762, 62.18396],
          [17.35767, 62.18377],
          [17.3578, 62.18343],
          [17.35799, 62.18311],
          [17.35826, 62.18277],
          [17.35864, 62.18239],
          [17.35901, 62.18202],
          [17.35936, 62.18169],
          [17.3597, 62.18133],
          [17.35991, 62.18107],
          [17.35994, 62.18104],
          [17.36013, 62.18074],
          [17.36032, 62.18037],
          [17.36042, 62.18009],
          [17.3605, 62.17973],
          [17.36053, 62.17943],
          [17.36052, 62.17896],
          [17.36047, 62.17871],
          [17.36031, 62.17814],
          [17.36014, 62.17765],
          [17.35963, 62.17608],
          [17.35947, 62.17559],
          [17.35947, 62.17558],
          [17.359, 62.1741],
          [17.35884, 62.17354],
          [17.35876, 62.17319],
          [17.35857, 62.17221],
          [17.35856, 62.17215],
          [17.35849, 62.17177],
          [17.35842, 62.17143],
          [17.35835, 62.17103],
          [17.35826, 62.17054],
          [17.35812, 62.1699],
          [17.35801, 62.16948],
          [17.35784, 62.16901],
          [17.35765, 62.1686],
          [17.35703, 62.16743],
          [17.35689, 62.16716],
          [17.3567, 62.16673],
          [17.35654, 62.1664],
          [17.3563, 62.16586],
          [17.3562, 62.16557],
          [17.35612, 62.16525],
          [17.35606, 62.16497],
          [17.35603, 62.16476],
          [17.35603, 62.16459],
          [17.35602, 62.16438],
          [17.35603, 62.16414],
          [17.35604, 62.16394],
          [17.35607, 62.16368],
          [17.35611, 62.16341],
          [17.35611, 62.16337],
          [17.35614, 62.16315],
          [17.35618, 62.16284],
          [17.35621, 62.16255],
          [17.35624, 62.1622],
          [17.35625, 62.16194],
          [17.35624, 62.16164],
          [17.35619, 62.16129],
          [17.35612, 62.16093],
          [17.35609, 62.16084],
          [17.35601, 62.1606],
          [17.35591, 62.16037],
          [17.35582, 62.16015],
          [17.35568, 62.15989],
          [17.35552, 62.15962],
          [17.35537, 62.15939],
          [17.35515, 62.15911],
          [17.35493, 62.15884],
          [17.35469, 62.15859],
          [17.35436, 62.15826],
          [17.35358, 62.15756],
          [17.35336, 62.15736],
          [17.35298, 62.15704],
          [17.35272, 62.15678],
          [17.35251, 62.15659],
          [17.3523, 62.15637],
          [17.35207, 62.15613],
          [17.35189, 62.15591],
          [17.35171, 62.15568],
          [17.35155, 62.15544],
          [17.35138, 62.15517],
          [17.3513, 62.15502],
          [17.35123, 62.15489],
          [17.3511, 62.15462],
          [17.35101, 62.15438],
          [17.35095, 62.15416],
          [17.35088, 62.15394],
          [17.35084, 62.15372],
          [17.35081, 62.15351],
          [17.35079, 62.15332],
          [17.35078, 62.15309],
          [17.35079, 62.15284],
          [17.35082, 62.15262],
          [17.35086, 62.15238],
          [17.35091, 62.15211],
          [17.3511, 62.15139],
          [17.35124, 62.15089],
          [17.35135, 62.15044],
          [17.35139, 62.15028],
          [17.35146, 62.15003],
          [17.35154, 62.14965],
          [17.35157, 62.14932],
          [17.35157, 62.14926],
          [17.35158, 62.14912],
          [17.35157, 62.14898],
          [17.35151, 62.14864],
          [17.35148, 62.14849],
          [17.35144, 62.14834],
          [17.35141, 62.14822],
          [17.35135, 62.14811],
          [17.35135, 62.14811],
          [17.35129, 62.14794],
          [17.35111, 62.14759],
          [17.35076, 62.14708],
          [17.35051, 62.14671],
          [17.35007, 62.14611],
          [17.35006, 62.14608],
          [17.34958, 62.14541],
          [17.34907, 62.1447],
          [17.3487, 62.14417],
          [17.34819, 62.14344],
          [17.34783, 62.14294],
          [17.3475, 62.14246],
          [17.3472, 62.14205],
          [17.34701, 62.1418],
          [17.34694, 62.14172],
          [17.34648, 62.14115],
          [17.34628, 62.1409],
          [17.34599, 62.1405],
          [17.34563, 62.14],
          [17.34534, 62.13959],
          [17.34483, 62.13887],
          [17.34434, 62.13818],
          [17.344, 62.13768],
          [17.34395, 62.13762],
          [17.34354, 62.13704],
          [17.34336, 62.13678],
          [17.34322, 62.13659],
          [17.34298, 62.13629],
          [17.34276, 62.13603],
          [17.34247, 62.13573],
          [17.34217, 62.13546],
          [17.34155, 62.13496],
          [17.34113, 62.13462],
          [17.34078, 62.13431],
          [17.34047, 62.13401],
          [17.34021, 62.1337],
          [17.33996, 62.13336],
          [17.33978, 62.13304],
          [17.33962, 62.13265],
          [17.33954, 62.13231],
          [17.3395, 62.132],
          [17.33949, 62.13169],
          [17.33954, 62.13132],
          [17.33968, 62.13095],
          [17.33982, 62.13051],
          [17.33999, 62.13011],
          [17.34022, 62.12963],
          [17.34038, 62.1293],
          [17.34043, 62.12917],
          [17.34056, 62.12875],
          [17.34058, 62.12868],
          [17.34066, 62.12822],
          [17.34069, 62.12772],
          [17.34079, 62.12658],
          [17.34094, 62.12386],
          [17.34102, 62.12266],
          [17.3411, 62.12189],
          [17.34124, 62.12095],
          [17.34135, 62.12039],
          [17.34138, 62.12023],
          [17.34142, 62.11988],
          [17.3414, 62.11937],
          [17.34133, 62.11882],
          [17.34109, 62.11822],
          [17.34078, 62.1176],
          [17.34039, 62.11708],
          [17.33989, 62.1165],
          [17.33811, 62.11465],
          [17.33747, 62.114],
          [17.33739, 62.11392],
          [17.33713, 62.11364],
          [17.33705, 62.11356],
          [17.33671, 62.11316],
          [17.33632, 62.11271],
          [17.33606, 62.11233],
          [17.33565, 62.11174],
          [17.33462, 62.11025],
          [17.33252, 62.10725],
          [17.33216, 62.10679],
          [17.33176, 62.10635],
          [17.33139, 62.10601],
          [17.33091, 62.10564],
          [17.33036, 62.10527],
          [17.33021, 62.10518],
          [17.32999, 62.10505],
          [17.3294, 62.10473],
          [17.32892, 62.10451],
          [17.32879, 62.10446],
          [17.32839, 62.10429],
          [17.32788, 62.10409],
          [17.3273, 62.10387],
          [17.32711, 62.1038],
          [17.32654, 62.1036],
          [17.32654, 62.1036],
          [17.32626, 62.1035],
          [17.32548, 62.10322],
          [17.32447, 62.10285],
          [17.32363, 62.10256],
          [17.3231, 62.10235],
          [17.32267, 62.10218],
          [17.32248, 62.10208],
          [17.32228, 62.10198],
          [17.32181, 62.10174],
          [17.32147, 62.10155],
          [17.32108, 62.1013],
          [17.32074, 62.10105],
          [17.32047, 62.10085],
          [17.32024, 62.10064],
          [17.31998, 62.10038],
          [17.31977, 62.10014],
          [17.31956, 62.09988],
          [17.3192, 62.09943],
          [17.31906, 62.09926],
          [17.31888, 62.09903],
          [17.31836, 62.09854],
          [17.31734, 62.09764],
          [17.31634, 62.09674],
          [17.31559, 62.09608],
          [17.31506, 62.09561],
          [17.31481, 62.09537],
          [17.31402, 62.09467],
          [17.31309, 62.09383],
          [17.31055, 62.09155],
          [17.31004, 62.09113],
          [17.30973, 62.09091],
          [17.3095, 62.09075],
          [17.30926, 62.09061],
          [17.3085, 62.09024],
          [17.30816, 62.09009],
          [17.30782, 62.08995],
          [17.30748, 62.08983],
          [17.30713, 62.08971],
          [17.30677, 62.0896],
          [17.30639, 62.08951],
          [17.30605, 62.08943],
          [17.30558, 62.08933],
          [17.30388, 62.08903],
          [17.30287, 62.08889],
          [17.30236, 62.08881],
          [17.30187, 62.08872],
          [17.30145, 62.08864],
          [17.30105, 62.08855],
          [17.30026, 62.08836],
          [17.29985, 62.08825],
          [17.29948, 62.08812],
          [17.29914, 62.08801],
          [17.29882, 62.08789],
          [17.29851, 62.08778],
          [17.29821, 62.08764],
          [17.29737, 62.08728],
          [17.29698, 62.08712],
          [17.2961, 62.08675],
          [17.29521, 62.08641],
          [17.2945, 62.08614],
          [17.29278, 62.08553],
          [17.29215, 62.0853],
          [17.29138, 62.085],
          [17.29069, 62.0847],
          [17.29032, 62.08451],
          [17.2901, 62.0844],
          [17.28964, 62.08414],
          [17.28918, 62.08384],
          [17.28876, 62.08354],
          [17.28822, 62.08315],
          [17.28779, 62.08287],
          [17.28735, 62.08261],
          [17.28688, 62.08235],
          [17.28625, 62.08206],
          [17.28438, 62.08119],
          [17.28382, 62.08089],
          [17.28357, 62.08075],
          [17.28335, 62.0806],
          [17.28317, 62.08047],
          [17.28302, 62.08034],
          [17.28282, 62.08018],
          [17.28264, 62.08],
          [17.28249, 62.07985],
          [17.28236, 62.07968],
          [17.28221, 62.07949],
          [17.28209, 62.07928],
          [17.28199, 62.0791],
          [17.28191, 62.0789],
          [17.28186, 62.07875],
          [17.28182, 62.0786],
          [17.28179, 62.07843],
          [17.28178, 62.07826],
          [17.2818, 62.07755],
          [17.28182, 62.07715],
          [17.28183, 62.07688],
          [17.28183, 62.07685],
          [17.28183, 62.07671],
          [17.28182, 62.0765],
          [17.28175, 62.07605],
          [17.2817, 62.07581],
          [17.28125, 62.07399],
          [17.28122, 62.07387],
          [17.28089, 62.07241],
          [17.28089, 62.07241],
          [17.28053, 62.07094],
          [17.28013, 62.06924],
          [17.27988, 62.06825],
          [17.27978, 62.06794],
          [17.27971, 62.06771],
          [17.27956, 62.0674],
          [17.27937, 62.06708],
          [17.27915, 62.06678],
          [17.27881, 62.06641],
          [17.27847, 62.06609],
          [17.27798, 62.06572],
          [17.2776, 62.06547],
          [17.2771, 62.06518],
          [17.27625, 62.06473],
          [17.2757, 62.06444],
          [17.27502, 62.06411],
          [17.27437, 62.06379],
          [17.2738, 62.06353],
          [17.27317, 62.06327],
          [17.27206, 62.06286],
          [17.26757, 62.06129],
          [17.267, 62.06109],
          [17.26316, 62.05974],
          [17.25629, 62.05735],
          [17.25537, 62.05704],
          [17.2547, 62.05684],
          [17.25429, 62.05674],
          [17.25409, 62.05669],
          [17.2535, 62.05656],
          [17.25288, 62.05643],
          [17.25288, 62.05643],
          [17.25263, 62.0564],
          [17.25223, 62.05634],
          [17.25178, 62.05628],
          [17.25166, 62.05627],
          [17.25141, 62.05624],
          [17.24976, 62.05606],
          [17.24889, 62.05597],
          [17.24588, 62.05566],
          [17.24165, 62.05522],
          [17.24052, 62.05511],
          [17.23981, 62.05503],
          [17.23942, 62.05499],
          [17.2383, 62.05488],
          [17.23716, 62.05476],
          [17.23496, 62.05453],
          [17.23395, 62.05443],
          [17.23366, 62.0544],
          [17.23122, 62.05414],
          [17.23027, 62.05405],
          [17.22945, 62.05396],
          [17.22884, 62.05389],
          [17.22822, 62.0538],
          [17.22762, 62.0537],
          [17.22709, 62.05359],
          [17.22653, 62.05346],
          [17.22603, 62.05333],
          [17.22546, 62.05314],
          [17.22495, 62.05296],
          [17.22455, 62.05278],
          [17.22413, 62.05259],
          [17.22372, 62.05237],
          [17.22339, 62.05218],
          [17.22303, 62.05192],
          [17.22272, 62.05168],
          [17.22244, 62.05141],
          [17.22215, 62.05109],
          [17.22197, 62.05082],
          [17.22182, 62.05056],
          [17.22171, 62.05029],
          [17.22165, 62.05013],
          [17.2216, 62.04991],
          [17.22157, 62.04963],
          [17.22157, 62.04949],
          [17.22158, 62.04936],
          [17.22162, 62.04908],
          [17.22168, 62.04886],
          [17.22169, 62.04884],
          [17.22176, 62.04864],
          [17.2219, 62.04838],
          [17.22211, 62.04805],
          [17.22235, 62.04776],
          [17.22264, 62.04747],
          [17.22303, 62.04715],
          [17.22338, 62.04691],
          [17.2238, 62.04666],
          [17.22418, 62.04646],
          [17.2246, 62.04626],
          [17.22502, 62.04609],
          [17.22538, 62.04596],
          [17.22571, 62.04585],
          [17.22618, 62.04571],
          [17.22658, 62.04561],
          [17.22705, 62.0455],
          [17.22747, 62.04541],
          [17.22778, 62.04535],
          [17.22855, 62.04522],
          [17.22977, 62.04504],
          [17.23638, 62.04405],
          [17.23738, 62.04391],
          [17.23854, 62.04375],
          [17.23963, 62.04361],
          [17.24021, 62.04356],
          [17.24079, 62.04352],
          [17.24145, 62.04349],
          [17.24211, 62.04346],
          [17.24281, 62.04342],
          [17.24352, 62.04338],
          [17.24413, 62.04333],
          [17.24474, 62.04328],
          [17.24524, 62.04322],
          [17.24576, 62.04315],
          [17.24617, 62.04308],
          [17.24657, 62.043],
          [17.24701, 62.04291],
          [17.24745, 62.04281],
          [17.24775, 62.04273],
          [17.24804, 62.04265],
          [17.2484, 62.04254],
          [17.24877, 62.04242],
          [17.24917, 62.04228],
          [17.24957, 62.04212],
          [17.24993, 62.04197],
          [17.2503, 62.04181],
          [17.25058, 62.04166],
          [17.25087, 62.0415],
          [17.25122, 62.04131],
          [17.25156, 62.0411],
          [17.25186, 62.0409],
          [17.25214, 62.0407],
          [17.25222, 62.04064],
          [17.25246, 62.04045],
          [17.25271, 62.04025],
          [17.25274, 62.04022],
          [17.25322, 62.03983],
          [17.2536, 62.03946],
          [17.25399, 62.03904],
          [17.25427, 62.03866],
          [17.25457, 62.03815],
          [17.25475, 62.03775],
          [17.25488, 62.03741],
          [17.25496, 62.0369],
          [17.25499, 62.03647],
          [17.25496, 62.03601],
          [17.2549, 62.03566],
          [17.25468, 62.03501],
          [17.25449, 62.03451],
          [17.25429, 62.03399],
          [17.2541, 62.03347],
          [17.25345, 62.03174],
          [17.25336, 62.03153],
          [17.25329, 62.03133],
          [17.25328, 62.03132],
          [17.25295, 62.03048],
          [17.25207, 62.02822],
          [17.25137, 62.02634],
          [17.25122, 62.02594],
          [17.25108, 62.02557],
          [17.25097, 62.02521],
          [17.25093, 62.02493],
          [17.25089, 62.02455],
          [17.25089, 62.02421],
          [17.25094, 62.02371],
          [17.25101, 62.02322],
          [17.25106, 62.02287],
          [17.25107, 62.02264],
          [17.25107, 62.02253],
          [17.25107, 62.02227],
          [17.25106, 62.02218],
          [17.25101, 62.02187],
          [17.2509, 62.02153],
          [17.25081, 62.02128],
          [17.25061, 62.02094],
          [17.25029, 62.02051],
          [17.24995, 62.0201],
          [17.24963, 62.01972],
          [17.24918, 62.01921],
          [17.24817, 62.01799],
          [17.24787, 62.01768],
          [17.24754, 62.01734],
          [17.24719, 62.01699],
          [17.24689, 62.01671],
          [17.24659, 62.01645],
          [17.24633, 62.01625],
          [17.24584, 62.01588],
          [17.24547, 62.0156],
          [17.24511, 62.01531],
          [17.24472, 62.01498],
          [17.24441, 62.0147],
          [17.2441, 62.01439],
          [17.24409, 62.01437],
          [17.24324, 62.01343],
          [17.24286, 62.01301],
          [17.24257, 62.0127],
          [17.2423, 62.01237],
          [17.24209, 62.0121],
          [17.24188, 62.01177],
          [17.24174, 62.01152],
          [17.24165, 62.0113],
          [17.24151, 62.01101],
          [17.24145, 62.01078],
          [17.24139, 62.01056],
          [17.24136, 62.01036],
          [17.24134, 62.01006],
          [17.24131, 62.00972],
          [17.24127, 62.00936],
          [17.24124, 62.009],
          [17.2412, 62.00862],
          [17.24118, 62.0083],
          [17.24118, 62.00801],
          [17.24118, 62.00779],
          [17.24119, 62.00758],
          [17.24122, 62.00737],
          [17.24127, 62.00717],
          [17.24135, 62.00695],
          [17.24143, 62.00674],
          [17.24149, 62.0066],
          [17.24162, 62.00636],
          [17.24173, 62.0062],
          [17.2419, 62.00596],
          [17.24195, 62.0059],
          [17.24213, 62.00568],
          [17.24246, 62.00533],
          [17.24269, 62.00509],
          [17.24278, 62.005],
          [17.24322, 62.00457],
          [17.24364, 62.00416],
          [17.24398, 62.00381],
          [17.24426, 62.00351],
          [17.24451, 62.00321],
          [17.24471, 62.00294],
          [17.24505, 62.00235],
          [17.24551, 62.00143],
          [17.24616, 62.00014],
          [17.24668, 61.99911],
          [17.24685, 61.99877],
          [17.24702, 61.99844],
          [17.24714, 61.99824],
          [17.24737, 61.99787],
          [17.24765, 61.99752],
          [17.24791, 61.99724],
          [17.24799, 61.99716],
          [17.24818, 61.99697],
          [17.24853, 61.99668],
          [17.24948, 61.99596],
          [17.24977, 61.99576],
          [17.2505, 61.99523],
          [17.25082, 61.99499],
          [17.25121, 61.99471],
          [17.25184, 61.99425],
          [17.25239, 61.99382],
          [17.25239, 61.99382],
          [17.25298, 61.99341],
          [17.25318, 61.99327],
          [17.25391, 61.99273],
          [17.25461, 61.99223],
          [17.255, 61.99194],
          [17.25525, 61.99175],
          [17.25563, 61.99147],
          [17.25602, 61.99119],
          [17.25644, 61.99088],
          [17.25683, 61.99059],
          [17.25722, 61.99031],
          [17.2576, 61.99003],
          [17.25795, 61.98978],
          [17.25823, 61.98957],
          [17.25829, 61.98952],
          [17.2586, 61.98929],
          [17.25894, 61.98905],
          [17.25925, 61.98881],
          [17.25953, 61.98859],
          [17.25981, 61.98836],
          [17.26034, 61.98786],
          [17.26053, 61.98762],
          [17.26067, 61.98743],
          [17.26097, 61.98698],
          [17.26107, 61.98679],
          [17.2612, 61.98648],
          [17.26129, 61.98623],
          [17.26132, 61.98605],
          [17.26136, 61.98582],
          [17.26138, 61.98562],
          [17.26138, 61.98542],
          [17.26136, 61.98525],
          [17.26132, 61.985],
          [17.26127, 61.98472],
          [17.26117, 61.98444],
          [17.26107, 61.98422],
          [17.26102, 61.98411],
          [17.26084, 61.98381],
          [17.26058, 61.98346],
          [17.26027, 61.98308],
          [17.25999, 61.98279],
          [17.25961, 61.98246],
          [17.25918, 61.98217],
          [17.25881, 61.98193],
          [17.25867, 61.98184],
          [17.25839, 61.98168],
          [17.25819, 61.98157],
          [17.25751, 61.98125],
          [17.25667, 61.98088],
          [17.25587, 61.98057],
          [17.24776, 61.97747],
          [17.24727, 61.97728],
          [17.24704, 61.9772],
          [17.2467, 61.97706],
          [17.24644, 61.97694],
          [17.24616, 61.97682],
          [17.24593, 61.97671],
          [17.24567, 61.97657],
          [17.24541, 61.97644],
          [17.24517, 61.9763],
          [17.24497, 61.97617],
          [17.24474, 61.97602],
          [17.24459, 61.9759],
          [17.24439, 61.97575],
          [17.24436, 61.97572],
          [17.24434, 61.9757],
          [17.24422, 61.97559],
          [17.24402, 61.9754],
          [17.24385, 61.9752],
          [17.24369, 61.97499],
          [17.24356, 61.9748],
          [17.24345, 61.9746],
          [17.24334, 61.97435],
          [17.24327, 61.97416],
          [17.24323, 61.97394],
          [17.2432, 61.97374],
          [17.24319, 61.97352],
          [17.24321, 61.97331],
          [17.24325, 61.97312],
          [17.24329, 61.97294],
          [17.24337, 61.97269],
          [17.24345, 61.97251],
          [17.24357, 61.97223],
          [17.24393, 61.9714],
          [17.24432, 61.97053],
          [17.24455, 61.96995],
          [17.24478, 61.96928],
          [17.24548, 61.96696],
          [17.24637, 61.96402],
          [17.24649, 61.9636],
          [17.24653, 61.96348],
          [17.24666, 61.96302],
          [17.24672, 61.96273],
          [17.24676, 61.96245],
          [17.24678, 61.96217],
          [17.24677, 61.96187],
          [17.24674, 61.96161],
          [17.2467, 61.96136],
          [17.24664, 61.96114],
          [17.24658, 61.96095],
          [17.24643, 61.9606],
          [17.24631, 61.96035],
          [17.2462, 61.96015],
          [17.24585, 61.95961],
          [17.2457, 61.95937],
          [17.24552, 61.95908],
          [17.24539, 61.95884],
          [17.2453, 61.95863],
          [17.2452, 61.95835],
          [17.24514, 61.95812],
          [17.24514, 61.95811],
          [17.24509, 61.95787],
          [17.24509, 61.95765],
          [17.24509, 61.95748],
          [17.2451, 61.95724],
          [17.24514, 61.95704],
          [17.2452, 61.95681],
          [17.24532, 61.95644],
          [17.24572, 61.95549],
          [17.24578, 61.95531],
          [17.24583, 61.95515],
          [17.24589, 61.95497],
          [17.24596, 61.95465],
          [17.246, 61.95435],
          [17.24601, 61.95405],
          [17.24599, 61.9538],
          [17.24595, 61.95358],
          [17.24587, 61.95328],
          [17.24576, 61.95297],
          [17.24562, 61.95268],
          [17.24545, 61.9524],
          [17.24525, 61.9521],
          [17.24497, 61.95177],
          [17.24469, 61.95145],
          [17.24441, 61.95118],
          [17.24397, 61.95075],
          [17.24334, 61.95009],
          [17.24315, 61.94988],
          [17.24301, 61.94971],
          [17.24291, 61.94958],
          [17.24269, 61.94929],
          [17.2425, 61.94898],
          [17.24234, 61.9487],
          [17.24221, 61.9484],
          [17.24212, 61.94813],
          [17.242, 61.94763],
          [17.24196, 61.9473],
          [17.24195, 61.94702],
          [17.24195, 61.94681],
          [17.24197, 61.94634],
          [17.24197, 61.94633],
          [17.24199, 61.946],
          [17.24211, 61.94414],
          [17.24216, 61.94354],
          [17.2422, 61.94325],
          [17.24226, 61.94296],
          [17.24235, 61.94267],
          [17.24244, 61.94246],
          [17.24255, 61.94227],
          [17.24261, 61.94215],
          [17.24275, 61.94193],
          [17.24295, 61.94166],
          [17.24313, 61.94144],
          [17.24359, 61.94094],
          [17.2438, 61.94072],
          [17.24502, 61.93945],
          [17.2455, 61.93893],
          [17.24577, 61.93859],
          [17.24605, 61.93817],
          [17.2462, 61.93787],
          [17.24641, 61.93742],
          [17.24663, 61.93698],
          [17.2469, 61.93634],
          [17.24717, 61.93576],
          [17.24729, 61.93537],
          [17.24735, 61.93503],
          [17.24737, 61.93477],
          [17.24738, 61.93464],
          [17.24737, 61.93439],
          [17.24729, 61.934],
          [17.24716, 61.93363],
          [17.24696, 61.93316],
          [17.24675, 61.93267],
          [17.2466, 61.93232],
          [17.24652, 61.93214],
          [17.24636, 61.93174],
          [17.24625, 61.93139],
          [17.24618, 61.93104],
          [17.24622, 61.93056],
          [17.24632, 61.9298],
          [17.24651, 61.92861],
          [17.2466, 61.92812],
          [17.24671, 61.92774],
          [17.24686, 61.92736],
          [17.24715, 61.92687],
          [17.24767, 61.92617],
          [17.24961, 61.92365],
          [17.24992, 61.92326],
          [17.25138, 61.92135],
          [17.25185, 61.92075],
          [17.25216, 61.92034],
          [17.25222, 61.92028],
          [17.25267, 61.91979],
          [17.25317, 61.91928],
          [17.25362, 61.91889],
          [17.25439, 61.91828],
          [17.25505, 61.91782],
          [17.25561, 61.91746],
          [17.25847, 61.91584],
          [17.25884, 61.91563],
          [17.2615, 61.91414],
          [17.26199, 61.91383],
          [17.26229, 61.91363],
          [17.26257, 61.91343],
          [17.26285, 61.91321],
          [17.26309, 61.91298],
          [17.26331, 61.91276],
          [17.2635, 61.91253],
          [17.26385, 61.91197],
          [17.26392, 61.91185],
          [17.264, 61.91171],
          [17.26406, 61.91156],
          [17.26421, 61.91112],
          [17.26449, 61.91018],
          [17.26469, 61.90956],
          [17.26476, 61.90929],
          [17.26476, 61.90929],
          [17.26479, 61.90911],
          [17.26483, 61.90884],
          [17.26488, 61.90863],
          [17.26495, 61.90836],
          [17.26499, 61.90823],
          [17.26501, 61.90817],
          [17.26511, 61.90784],
          [17.26525, 61.90747],
          [17.26539, 61.90713],
          [17.26552, 61.9069],
          [17.26557, 61.90682],
          [17.26577, 61.90651],
          [17.26597, 61.90624],
          [17.26618, 61.906],
          [17.26646, 61.90569],
          [17.26692, 61.90525],
          [17.26809, 61.90417],
          [17.26881, 61.90351],
          [17.26967, 61.90268],
          [17.26979, 61.90256],
          [17.26994, 61.9024],
          [17.27018, 61.90212],
          [17.2704, 61.90181],
          [17.27058, 61.90153],
          [17.27076, 61.90119],
          [17.27094, 61.90084],
          [17.27105, 61.9006],
          [17.27117, 61.90028],
          [17.27123, 61.89992],
          [17.27126, 61.89969],
          [17.27126, 61.89943],
          [17.27123, 61.89921],
          [17.27123, 61.8992],
          [17.27121, 61.89903],
          [17.27117, 61.89886],
          [17.27112, 61.89862],
          [17.27105, 61.89842],
          [17.27097, 61.89821],
          [17.27091, 61.89807],
          [17.27086, 61.89795],
          [17.27074, 61.89771],
          [17.27059, 61.89746],
          [17.27045, 61.89723],
          [17.2703, 61.89698],
          [17.26942, 61.89564],
          [17.26684, 61.89147],
          [17.26644, 61.89083],
          [17.26633, 61.89066],
          [17.26626, 61.89052],
          [17.26547, 61.88927],
          [17.26513, 61.88866],
          [17.26391, 61.88648],
          [17.26198, 61.88281],
          [17.26177, 61.88241],
          [17.26122, 61.88137],
          [17.26086, 61.88071],
          [17.26061, 61.88025],
          [17.25725, 61.87467],
          [17.25697, 61.87416],
          [17.25688, 61.87401],
          [17.25682, 61.8739],
          [17.25661, 61.8735],
          [17.25643, 61.87313],
          [17.25621, 61.8725],
          [17.25614, 61.87234],
          [17.25606, 61.87206],
          [17.25569, 61.87089],
          [17.25551, 61.87037],
          [17.25525, 61.8699],
          [17.25498, 61.86945],
          [17.2546, 61.86903],
          [17.25404, 61.86849],
          [17.25358, 61.86813],
          [17.2531, 61.86779],
          [17.25255, 61.86747],
          [17.25186, 61.86711],
          [17.25145, 61.86692],
          [17.25087, 61.86667],
          [17.25024, 61.86644],
          [17.2499, 61.86633],
          [17.24974, 61.86627],
          [17.24927, 61.86612],
          [17.24865, 61.86595],
          [17.24782, 61.86574],
          [17.24684, 61.86549],
          [17.24606, 61.8653],
          [17.24566, 61.8652],
          [17.24542, 61.86513],
          [17.24479, 61.86496],
          [17.24429, 61.86481],
          [17.24376, 61.86465],
          [17.24296, 61.86437],
          [17.2422, 61.86409],
          [17.23956, 61.86311],
          [17.23597, 61.86178],
          [17.23487, 61.86138],
          [17.23436, 61.86118],
          [17.23418, 61.86111],
          [17.23346, 61.86082],
          [17.23278, 61.8605],
          [17.23212, 61.86016],
          [17.23148, 61.85979],
          [17.23061, 61.85923],
          [17.22996, 61.85882],
          [17.22935, 61.85842],
          [17.22881, 61.85808],
          [17.22856, 61.85791],
          [17.22816, 61.85765],
          [17.22734, 61.8571],
          [17.22665, 61.8566],
          [17.22606, 61.85619],
          [17.22544, 61.85579],
          [17.225, 61.85553],
          [17.22447, 61.85527],
          [17.22389, 61.85503],
          [17.22335, 61.85482],
          [17.22266, 61.85459],
          [17.22214, 61.85443],
          [17.22198, 61.85437],
          [17.22059, 61.85398],
          [17.21404, 61.85217],
          [17.21189, 61.85157],
          [17.21149, 61.85146],
          [17.21034, 61.85114],
          [17.20998, 61.85104],
          [17.20998, 61.85104],
          [17.20897, 61.85076],
          [17.20788, 61.85045],
          [17.2077, 61.8504],
          [17.20692, 61.85019],
          [17.20629, 61.85001],
          [17.20575, 61.84984],
          [17.20564, 61.84981],
          [17.20535, 61.84971],
          [17.20523, 61.84967],
          [17.20466, 61.84946],
          [17.20421, 61.84929],
          [17.2037, 61.84906],
          [17.20327, 61.84885],
          [17.20283, 61.8486],
          [17.20242, 61.84835],
          [17.20203, 61.84808],
          [17.20169, 61.84782],
          [17.20138, 61.84755],
          [17.20112, 61.84729],
          [17.20086, 61.84701],
          [17.20062, 61.8467],
          [17.2004, 61.84637],
          [17.20015, 61.84596],
          [17.19993, 61.84557],
          [17.19987, 61.84546],
          [17.19969, 61.84517],
          [17.1995, 61.84483],
          [17.19923, 61.84438],
          [17.19898, 61.84393],
          [17.19879, 61.84361],
          [17.19859, 61.84326],
          [17.19854, 61.84317],
          [17.19854, 61.84316],
          [17.19794, 61.84215],
          [17.19776, 61.84181],
          [17.19752, 61.84135],
          [17.19732, 61.84087],
          [17.19726, 61.84067],
          [17.19721, 61.84048],
          [17.1972, 61.84036],
          [17.19718, 61.84005],
          [17.1972, 61.83983],
          [17.19723, 61.8396],
          [17.19739, 61.83883],
          [17.19744, 61.83846],
          [17.19744, 61.83809],
          [17.19739, 61.83777],
          [17.19725, 61.83743],
          [17.19703, 61.83706],
          [17.19676, 61.8367],
          [17.19642, 61.83635],
          [17.19595, 61.83598],
          [17.19517, 61.83548],
          [17.19408, 61.83474],
          [17.19367, 61.8344],
          [17.19331, 61.83403],
          [17.19307, 61.8337],
          [17.19306, 61.83369],
          [17.19286, 61.83332],
          [17.19272, 61.83294],
          [17.19266, 61.83259],
          [17.19266, 61.8322],
          [17.19274, 61.83177],
          [17.19279, 61.83161],
          [17.19292, 61.83128],
          [17.19331, 61.8304],
          [17.19352, 61.82988],
          [17.19366, 61.82944],
          [17.19375, 61.82906],
          [17.19381, 61.82853],
          [17.19381, 61.82802],
          [17.19376, 61.82757],
          [17.19366, 61.82709],
          [17.19348, 61.82651],
          [17.19293, 61.82484],
          [17.19247, 61.82344],
          [17.19224, 61.82272],
          [17.19206, 61.82215],
          [17.19198, 61.82186],
          [17.19194, 61.82161],
          [17.19192, 61.82148],
          [17.19192, 61.82134],
          [17.19193, 61.82111],
          [17.19198, 61.82085],
          [17.19205, 61.82064],
          [17.19215, 61.82041],
          [17.19228, 61.82017],
          [17.19236, 61.82005],
          [17.19241, 61.81997],
          [17.19258, 61.81975],
          [17.1928, 61.8195],
          [17.19313, 61.81919],
          [17.19364, 61.81876],
          [17.19397, 61.81848],
          [17.19433, 61.81818],
          [17.19458, 61.81795],
          [17.19481, 61.81771],
          [17.19498, 61.8175],
          [17.19518, 61.81722],
          [17.19558, 61.81647],
          [17.19568, 61.81628],
          [17.19574, 61.81617],
          [17.19593, 61.81588],
          [17.19621, 61.81551],
          [17.19665, 61.815],
          [17.19727, 61.81429],
          [17.19749, 61.81402],
          [17.19768, 61.81375],
          [17.19782, 61.81352],
          [17.19793, 61.81326],
          [17.19801, 61.81303],
          [17.19806, 61.81274],
          [17.19808, 61.81247],
          [17.19806, 61.81225],
          [17.19803, 61.81199],
          [17.19794, 61.81171],
          [17.19781, 61.81141],
          [17.19764, 61.81113],
          [17.19746, 61.81088],
          [17.19743, 61.81084],
          [17.19718, 61.81056],
          [17.19692, 61.81031],
          [17.1966, 61.81005],
          [17.19629, 61.80982],
          [17.19598, 61.80963],
          [17.19576, 61.8095],
          [17.19565, 61.80944],
          [17.1953, 61.80927],
          [17.19495, 61.8091],
          [17.19452, 61.80893],
          [17.19399, 61.80874],
          [17.1933, 61.80853],
          [17.19327, 61.80852],
          [17.19278, 61.80839],
          [17.19278, 61.80839],
          [17.19203, 61.8082],
          [17.1916, 61.80808],
          [17.19044, 61.80778],
          [17.19032, 61.80775],
          [17.18634, 61.80671],
          [17.18562, 61.80652],
          [17.1851, 61.80638],
          [17.18451, 61.80623],
          [17.18407, 61.8061],
          [17.18357, 61.80594],
          [17.18316, 61.80578],
          [17.1828, 61.80563],
          [17.18244, 61.80546],
          [17.18213, 61.80528],
          [17.18181, 61.80509],
          [17.18156, 61.80491],
          [17.18151, 61.80487],
          [17.1812, 61.80462],
          [17.18089, 61.80432],
          [17.18077, 61.80415],
          [17.18049, 61.80376],
          [17.18031, 61.80351],
          [17.18021, 61.80333],
          [17.18012, 61.80311],
          [17.17995, 61.80258],
          [17.17992, 61.80244],
          [17.17985, 61.80219],
          [17.17971, 61.8017],
          [17.17959, 61.80125],
          [17.17943, 61.80069],
          [17.17933, 61.80034],
          [17.17929, 61.80019],
          [17.17912, 61.7996],
          [17.17903, 61.79932],
          [17.1789, 61.79899],
          [17.17874, 61.79866],
          [17.17861, 61.79843],
          [17.17843, 61.79814],
          [17.17822, 61.79783],
          [17.17774, 61.7972],
          [17.17751, 61.79691],
          [17.17732, 61.79666],
          [17.17713, 61.79637],
          [17.17697, 61.79608],
          [17.17687, 61.79583],
          [17.17678, 61.79554],
          [17.17673, 61.79527],
          [17.17671, 61.79496],
          [17.17673, 61.79465],
          [17.17678, 61.79429],
          [17.17686, 61.79389],
          [17.17688, 61.79367],
          [17.17688, 61.79366],
          [17.1769, 61.79334],
          [17.17686, 61.79298],
          [17.17676, 61.79264],
          [17.17662, 61.79232],
          [17.17645, 61.79204],
          [17.17629, 61.79181],
          [17.17622, 61.79173],
          [17.17599, 61.79148],
          [17.17575, 61.79126],
          [17.17535, 61.79093],
          [17.17493, 61.79062],
          [17.17453, 61.79033],
          [17.17417, 61.79005],
          [17.17381, 61.78974],
          [17.17356, 61.78947],
          [17.17334, 61.7892],
          [17.17316, 61.78891],
          [17.17305, 61.78869],
          [17.17298, 61.78848],
          [17.17292, 61.78829],
          [17.17287, 61.78803],
          [17.17287, 61.78769],
          [17.17289, 61.78746],
          [17.17293, 61.78722],
          [17.173, 61.78701],
          [17.17312, 61.78676],
          [17.17329, 61.78646],
          [17.1736, 61.78605],
          [17.17397, 61.7856],
          [17.17431, 61.7852],
          [17.17435, 61.78514],
          [17.17462, 61.78469],
          [17.17477, 61.78429],
          [17.17484, 61.7839],
          [17.17485, 61.78356],
          [17.17483, 61.78346],
          [17.17472, 61.78297],
          [17.17453, 61.78257],
          [17.17422, 61.78211],
          [17.17388, 61.7817],
          [17.17348, 61.78119],
          [17.1731, 61.78065],
          [17.17283, 61.78014],
          [17.17122, 61.77649],
          [17.17048, 61.77482],
          [17.17022, 61.77424],
          [17.17011, 61.774],
          [17.16949, 61.77259],
          [17.16931, 61.77216],
          [17.16919, 61.7718],
          [17.16913, 61.77147],
          [17.16912, 61.77117],
          [17.16915, 61.77086],
          [17.16924, 61.77055],
          [17.1694, 61.7702],
          [17.16961, 61.76986],
          [17.16994, 61.76937],
          [17.17021, 61.76897],
          [17.17039, 61.76862],
          [17.17052, 61.76828],
          [17.17058, 61.76798],
          [17.1706, 61.76772],
          [17.1706, 61.76765],
          [17.17057, 61.76734],
          [17.17049, 61.76701],
          [17.17036, 61.76668],
          [17.17021, 61.7664],
          [17.16997, 61.76608],
          [17.16968, 61.76576],
          [17.1693, 61.76542],
          [17.16886, 61.7651],
          [17.16861, 61.76494],
          [17.16838, 61.7648],
          [17.16792, 61.76456],
          [17.16747, 61.76436],
          [17.16708, 61.7642],
          [17.16654, 61.76401],
          [17.16607, 61.76387],
          [17.16556, 61.76373],
          [17.16502, 61.76361],
          [17.16445, 61.7635],
          [17.16389, 61.76341],
          [17.1632, 61.76333],
          [17.16267, 61.76329],
          [17.16216, 61.76326],
          [17.16151, 61.76323],
          [17.15978, 61.7632],
          [17.15896, 61.76317],
          [17.15819, 61.76312],
          [17.15748, 61.76306],
          [17.15708, 61.76301],
          [17.15672, 61.76297],
          [17.15578, 61.76286],
          [17.15397, 61.76262],
          [17.15329, 61.76253],
          [17.15256, 61.76243],
          [17.15184, 61.76232],
          [17.15119, 61.7622],
          [17.15044, 61.76205],
          [17.1457, 61.76101],
          [17.14495, 61.76084],
          [17.1443, 61.76069],
          [17.14379, 61.76055],
          [17.1433, 61.7604],
          [17.14279, 61.76023],
          [17.14237, 61.76007],
          [17.14181, 61.75984],
          [17.14111, 61.75954],
          [17.14033, 61.75919],
          [17.14029, 61.75917],
          [17.13911, 61.75864],
          [17.13861, 61.75841],
          [17.13815, 61.75817],
          [17.13804, 61.75811],
          [17.1377, 61.75792],
          [17.13719, 61.75758],
          [17.13679, 61.75727],
          [17.13645, 61.75697],
          [17.13617, 61.75669],
          [17.136, 61.75648],
          [17.13589, 61.75631],
          [17.13572, 61.75608],
          [17.13555, 61.75575],
          [17.13521, 61.75495],
          [17.13378, 61.75101],
          [17.13366, 61.7507],
          [17.13333, 61.7498],
          [17.13316, 61.74931],
          [17.13315, 61.7493],
          [17.13294, 61.74872],
          [17.13273, 61.74814],
          [17.13211, 61.74647],
          [17.13158, 61.74521],
          [17.1312, 61.74441],
          [17.13097, 61.744],
          [17.13071, 61.74361],
          [17.13035, 61.74319],
          [17.13003, 61.74288],
          [17.12966, 61.74256],
          [17.12937, 61.74233],
          [17.12929, 61.74228],
          [17.12877, 61.74193],
          [17.1283, 61.74166],
          [17.12772, 61.74136],
          [17.12707, 61.74106],
          [17.12655, 61.74085],
          [17.12606, 61.74067],
          [17.1254, 61.74046],
          [17.12473, 61.74027],
          [17.12405, 61.7401],
          [17.12346, 61.73997],
          [17.12292, 61.73988],
          [17.12201, 61.73973],
          [17.12125, 61.73961],
          [17.12052, 61.7395],
          [17.11992, 61.73941],
          [17.11921, 61.73927],
          [17.11865, 61.73914],
          [17.11839, 61.73907],
          [17.11804, 61.73898],
          [17.11755, 61.73882],
          [17.11701, 61.73862],
          [17.11657, 61.73843],
          [17.1162, 61.73825],
          [17.11585, 61.73807],
          [17.11531, 61.73772],
          [17.11512, 61.73758],
          [17.11479, 61.73732],
          [17.11461, 61.73716],
          [17.1145, 61.73705],
          [17.1143, 61.73681],
          [17.11409, 61.73653],
          [17.11393, 61.73626],
          [17.1138, 61.73597],
          [17.11373, 61.73574],
          [17.11368, 61.73549],
          [17.11366, 61.73524],
          [17.11367, 61.73505],
          [17.11368, 61.73488],
          [17.11372, 61.7346],
          [17.11386, 61.73426],
          [17.11397, 61.734],
          [17.11411, 61.73369],
          [17.11421, 61.73344],
          [17.11429, 61.73315],
          [17.11433, 61.7329],
          [17.11434, 61.7326],
          [17.11429, 61.73234],
          [17.11424, 61.73208],
          [17.11414, 61.73181],
          [17.114, 61.73152],
          [17.11383, 61.73127],
          [17.11364, 61.73105],
          [17.11343, 61.73082],
          [17.11321, 61.73061],
          [17.11274, 61.73021],
          [17.11251, 61.73002],
          [17.1125, 61.73001],
          [17.11239, 61.72992],
          [17.11201, 61.72958],
          [17.11187, 61.72943],
          [17.11173, 61.72927],
          [17.11165, 61.72917],
          [17.11151, 61.72898],
          [17.11133, 61.72868],
          [17.11128, 61.72858],
          [17.11127, 61.72854],
          [17.11113, 61.72819],
          [17.11099, 61.72739],
          [17.11096, 61.72708],
          [17.11094, 61.72698],
          [17.11091, 61.72687],
          [17.11082, 61.72667],
          [17.11069, 61.72648],
          [17.11063, 61.72639],
          [17.11038, 61.72609],
          [17.11029, 61.72597],
          [17.10991, 61.72552],
          [17.10991, 61.72552],
          [17.10943, 61.72494],
          [17.10937, 61.72486],
          [17.10937, 61.72486],
          [17.10908, 61.72452],
          [17.10906, 61.72449],
          [17.10882, 61.72418],
          [17.10865, 61.72398],
          [17.10846, 61.72374],
          [17.10841, 61.72368],
          [17.10804, 61.72324],
          [17.10763, 61.72274],
          [17.10733, 61.72239],
          [17.10702, 61.72202],
          [17.10667, 61.72165],
          [17.10631, 61.72132],
          [17.10596, 61.721],
          [17.10549, 61.72063],
          [17.10508, 61.72034],
          [17.10496, 61.72027],
          [17.10451, 61.72],
          [17.10438, 61.71993],
          [17.10374, 61.71961],
          [17.10316, 61.71937],
          [17.10283, 61.71924],
          [17.10224, 61.719],
          [17.10177, 61.71882],
          [17.10143, 61.71869],
          [17.10088, 61.71848],
          [17.09968, 61.71801],
          [17.09958, 61.71797],
          [17.09722, 61.71711],
          [17.09587, 61.71663],
          [17.09573, 61.71658],
          [17.09457, 61.71617],
          [17.09379, 61.71587],
          [17.09327, 61.71564],
          [17.09272, 61.71535],
          [17.09243, 61.71517],
          [17.09214, 61.71497],
          [17.09191, 61.7148],
          [17.09148, 61.71441],
          [17.09142, 61.71434],
          [17.09105, 61.71394],
          [17.09077, 61.71345],
          [17.09062, 61.71298],
          [17.09051, 61.71243],
          [17.09034, 61.71041],
          [17.09028, 61.7098],
          [17.09024, 61.70933],
          [17.09015, 61.70829],
          [17.08994, 61.70603],
          [17.08991, 61.7057],
          [17.08989, 61.70544],
          [17.08989, 61.70537],
          [17.08988, 61.70505],
          [17.08991, 61.70472],
          [17.08995, 61.7045],
          [17.09002, 61.70422],
          [17.09012, 61.704],
          [17.0903, 61.70367],
          [17.09051, 61.70338],
          [17.09087, 61.703],
          [17.09118, 61.70274],
          [17.09161, 61.70242],
          [17.09209, 61.70213],
          [17.09261, 61.70186],
          [17.09319, 61.7016],
          [17.09376, 61.70138],
          [17.09445, 61.70114],
          [17.09492, 61.70098],
          [17.09801, 61.69995],
          [17.10118, 61.69889],
          [17.10269, 61.69838],
          [17.10533, 61.69749],
          [17.1067, 61.69699],
          [17.10775, 61.69654],
          [17.10903, 61.69594],
          [17.11029, 61.69534],
          [17.11102, 61.69495],
          [17.11201, 61.6944],
          [17.11248, 61.69411],
          [17.11478, 61.69273],
          [17.11624, 61.69186],
          [17.11914, 61.69012],
          [17.12117, 61.6889],
          [17.12173, 61.68854],
          [17.12256, 61.68801],
          [17.12256, 61.68801],
          [17.12282, 61.68785],
          [17.12329, 61.6875],
          [17.12367, 61.68723],
          [17.12408, 61.68692],
          [17.12441, 61.68665],
          [17.12476, 61.68636],
          [17.1251, 61.68607],
          [17.12539, 61.68581],
          [17.12569, 61.68552],
          [17.12575, 61.68546],
          [17.12595, 61.68527],
          [17.12686, 61.6843],
          [17.12752, 61.68336],
          [17.12828, 61.68212],
          [17.12894, 61.68079],
          [17.1292, 61.68021],
          [17.12934, 61.67974],
          [17.12948, 61.6791],
          [17.12959, 61.67846],
          [17.12963, 61.67763],
          [17.12962, 61.67716],
          [17.12954, 61.67636],
          [17.12947, 61.67592],
          [17.12924, 61.67499],
          [17.12907, 61.6745],
          [17.12889, 61.67402],
          [17.12873, 61.67366],
          [17.12861, 61.67342],
          [17.12842, 61.67302],
          [17.12785, 61.67193],
          [17.12715, 61.6706],
          [17.12551, 61.66749],
          [17.12499, 61.6666],
          [17.12451, 61.66586],
          [17.12391, 61.66504],
          [17.12333, 61.6644],
          [17.12266, 61.66367],
          [17.12232, 61.66338],
          [17.12181, 61.66293],
          [17.1215, 61.66267],
          [17.12113, 61.66237],
          [17.12079, 61.6621],
          [17.1204, 61.66181],
          [17.12005, 61.66156],
          [17.11969, 61.66131],
          [17.11933, 61.66107],
          [17.11868, 61.66065],
          [17.11811, 61.66031],
          [17.11735, 61.65988],
          [17.11681, 61.65958],
          [17.11628, 61.65931],
          [17.11576, 61.65905],
          [17.11514, 61.65876],
          [17.11473, 61.65857],
          [17.11381, 61.65816],
          [17.11313, 61.65788],
          [17.11229, 61.65756],
          [17.11092, 61.65706],
          [17.11041, 61.65688],
          [17.10995, 61.65672],
          [17.10988, 61.65669],
          [17.10719, 61.65577],
          [17.1044, 61.65481],
          [17.10392, 61.65465],
          [17.1031, 61.65437],
          [17.10171, 61.65389],
          [17.10025, 61.65337],
          [17.09854, 61.65278],
          [17.09692, 61.65222],
          [17.09577, 61.65184],
          [17.09466, 61.65147],
          [17.09464, 61.65146],
          [17.09322, 61.65098],
          [17.09268, 61.6508],
          [17.09208, 61.65063],
          [17.09162, 61.65049],
          [17.09145, 61.65044],
          [17.09079, 61.65027],
          [17.09012, 61.65011],
          [17.08912, 61.64989],
          [17.08862, 61.64978],
          [17.08814, 61.64966],
          [17.08811, 61.64965],
          [17.0881, 61.64965],
          [17.08766, 61.64954],
          [17.0868, 61.64929],
          [17.08635, 61.64914],
          [17.08589, 61.64896],
          [17.08551, 61.6488],
          [17.08513, 61.64863],
          [17.085, 61.64857],
          [17.0849, 61.64851],
          [17.0849, 61.64851],
          [17.08459, 61.64835],
          [17.08434, 61.64821],
          [17.08412, 61.64808],
          [17.08388, 61.64792],
          [17.08366, 61.64776],
          [17.08362, 61.64773],
          [17.0834, 61.64756],
          [17.0831, 61.64731],
          [17.08291, 61.64712],
          [17.08275, 61.64694],
          [17.08272, 61.64692],
          [17.08261, 61.64679],
          [17.08247, 61.6466],
          [17.08232, 61.6464],
          [17.08215, 61.64611],
          [17.08185, 61.64559],
          [17.0817, 61.64532],
          [17.08154, 61.64505],
          [17.08124, 61.64453],
          [17.08096, 61.64399],
          [17.0807, 61.64346],
          [17.08043, 61.64293],
          [17.08026, 61.6426],
          [17.08019, 61.64246],
          [17.08, 61.64208],
          [17.0799, 61.64191],
          [17.0798, 61.64172],
          [17.07979, 61.64169],
          [17.07962, 61.64141],
          [17.07952, 61.6412],
          [17.07939, 61.641],
          [17.07923, 61.64072],
          [17.07908, 61.64043],
          [17.0789, 61.64006],
          [17.07876, 61.63972],
          [17.07873, 61.63964],
          [17.07838, 61.63856],
          [17.0783, 61.63835],
          [17.0783, 61.63833],
          [17.07817, 61.63798],
          [17.07808, 61.63779],
          [17.07791, 61.63752],
          [17.07766, 61.63719],
          [17.07744, 61.63697],
          [17.0772, 61.63676],
          [17.07709, 61.63667],
          [17.07693, 61.63654],
          [17.0768, 61.63644],
          [17.07645, 61.63621],
          [17.07609, 61.63601],
          [17.07563, 61.63578],
          [17.07522, 61.6356],
          [17.07482, 61.63543],
          [17.07438, 61.63527],
          [17.07385, 61.63511],
          [17.07349, 61.635],
          [17.07299, 61.63487],
          [17.0724, 61.63474],
          [17.0717, 61.63461],
          [17.07113, 61.63452],
          [17.07051, 61.63444],
          [17.06968, 61.63435],
          [17.06873, 61.63426],
          [17.06755, 61.63414],
          [17.06652, 61.63403],
          [17.06594, 61.63395],
          [17.06519, 61.63383],
          [17.06467, 61.63372],
          [17.06411, 61.63358],
          [17.06365, 61.63345],
          [17.06311, 61.63327],
          [17.06264, 61.6331],
          [17.0622, 61.63292],
          [17.06175, 61.6327],
          [17.06139, 61.63249],
          [17.06121, 61.63238],
          [17.06106, 61.63229],
          [17.0607, 61.63203],
          [17.06039, 61.63178],
          [17.06014, 61.63154],
          [17.05991, 61.63128],
          [17.05988, 61.63124],
          [17.05971, 61.63101],
          [17.05953, 61.63071],
          [17.05943, 61.63047],
          [17.05931, 61.63015],
          [17.05915, 61.62959],
          [17.05902, 61.6292],
          [17.05892, 61.62894],
          [17.05876, 61.62864],
          [17.05857, 61.62835],
          [17.05837, 61.62809],
          [17.05803, 61.62775],
          [17.05763, 61.62743],
          [17.05731, 61.62719],
          [17.05694, 61.62697],
          [17.05663, 61.6268],
          [17.05632, 61.62664],
          [17.05567, 61.62634],
          [17.05499, 61.62605],
          [17.05421, 61.62572],
          [17.05337, 61.62536],
          [17.05275, 61.6251],
          [17.05222, 61.62487],
          [17.0508, 61.62426],
          [17.05053, 61.62413],
          [17.0503, 61.62402],
          [17.04998, 61.62387],
          [17.04963, 61.62367],
          [17.04928, 61.62345],
          [17.04904, 61.6233],
          [17.04878, 61.62312],
          [17.04854, 61.62294],
          [17.04832, 61.62276],
          [17.04807, 61.62254],
          [17.0479, 61.62237],
          [17.04768, 61.62214],
          [17.04731, 61.62165],
          [17.04722, 61.62149],
          [17.04706, 61.62117],
          [17.0469, 61.62078],
          [17.04683, 61.62055],
          [17.04679, 61.62027],
          [17.04676, 61.61996],
          [17.04677, 61.61965],
          [17.04677, 61.6195],
          [17.04685, 61.61902],
          [17.0469, 61.61878],
          [17.04691, 61.61874],
          [17.04692, 61.61873],
          [17.04694, 61.61867],
          [17.04698, 61.61855],
          [17.04742, 61.61745],
          [17.04779, 61.61678],
          [17.04809, 61.6162],
          [17.04865, 61.61517],
          [17.04915, 61.61423],
          [17.04968, 61.61323],
          [17.0499, 61.61281],
          [17.04996, 61.6127],
          [17.05012, 61.61237],
          [17.0502, 61.61222],
          [17.05029, 61.61201],
          [17.05033, 61.61188],
          [17.05041, 61.61156],
          [17.05043, 61.61118],
          [17.05041, 61.6109],
          [17.05036, 61.61066],
          [17.05028, 61.6104],
          [17.05011, 61.61006],
          [17.0499, 61.60974],
          [17.0497, 61.60946],
          [17.04937, 61.60911],
          [17.04905, 61.60879],
          [17.04867, 61.60842],
          [17.04846, 61.60817],
          [17.04833, 61.60801],
          [17.04812, 61.6077],
          [17.04807, 61.60762],
          [17.04788, 61.60727],
          [17.04777, 61.60698],
          [17.04771, 61.60661],
          [17.04771, 61.60628],
          [17.04775, 61.60591],
          [17.04782, 61.60563],
          [17.04796, 61.60521],
          [17.04807, 61.60486],
          [17.04817, 61.60447],
          [17.04823, 61.60412],
          [17.04824, 61.60378],
          [17.04819, 61.60345],
          [17.04811, 61.60307],
          [17.04799, 61.60276],
          [17.04791, 61.60258],
          [17.0478, 61.60239],
          [17.04761, 61.60213],
          [17.04744, 61.60188],
          [17.04711, 61.60153],
          [17.0468, 61.60125],
          [17.04653, 61.60103],
          [17.04623, 61.60082],
          [17.04589, 61.6006],
          [17.04541, 61.60032],
          [17.04501, 61.60012],
          [17.04445, 61.59987],
          [17.04434, 61.59982],
          [17.04391, 61.59965],
          [17.04331, 61.59945],
          [17.04271, 61.59926],
          [17.04209, 61.59911],
          [17.04144, 61.59896],
          [17.04067, 61.59882],
          [17.0399, 61.59871],
          [17.03915, 61.59862],
          [17.03804, 61.59851],
          [17.03662, 61.59837],
          [17.03442, 61.59815],
          [17.03315, 61.59803],
          [17.03146, 61.59787],
          [17.02819, 61.59756],
          [17.02756, 61.59749],
          [17.02708, 61.59743],
          [17.02672, 61.59739],
          [17.02643, 61.59735],
          [17.02595, 61.59728],
          [17.02522, 61.59716],
          [17.0246, 61.59703],
          [17.02402, 61.59691],
          [17.02337, 61.59675],
          [17.02298, 61.59664],
          [17.02237, 61.59646],
          [17.02175, 61.59626],
          [17.02115, 61.59606],
          [17.02114, 61.59605],
          [17.02096, 61.59599],
          [17.0202, 61.59572],
          [17.01932, 61.5954],
          [17.0184, 61.59507],
          [17.01767, 61.59478],
          [17.01705, 61.59454],
          [17.01636, 61.59425],
          [17.01541, 61.5938],
          [17.01541, 61.5938],
          [17.01479, 61.59352],
          [17.0144, 61.59335],
          [17.01352, 61.59296],
          [17.01178, 61.59218],
          [17.01144, 61.59202],
          [17.0101, 61.59143],
          [17.0096, 61.5912],
          [17.00876, 61.59082],
          [17.00815, 61.59053],
          [17.0076, 61.59023],
          [17.00716, 61.58995],
          [17.00665, 61.5896],
          [17.00624, 61.58926],
          [17.0059, 61.58893],
          [17.00557, 61.58859],
          [17.00495, 61.58794],
          [17.00494, 61.58793],
          [17.00418, 61.58712],
          [17.00291, 61.58577],
          [17.0017, 61.58448],
          [17.00166, 61.58445],
          [17.00129, 61.58405],
          [17.00105, 61.5838],
          [17.00065, 61.58343],
          [17.00051, 61.58331],
          [17.00023, 61.5831],
          [16.99983, 61.58284],
          [16.99932, 61.58256],
          [16.99882, 61.58232],
          [16.99878, 61.5823],
          [16.9983, 61.5821],
          [16.99772, 61.58189],
          [16.99713, 61.58171],
          [16.99634, 61.5815],
          [16.99027, 61.58005],
          [16.98861, 61.57965],
          [16.988, 61.5795],
          [16.98735, 61.57932],
          [16.98714, 61.57926],
          [16.98679, 61.57915],
          [16.98623, 61.57894],
          [16.98578, 61.57875],
          [16.98536, 61.57855],
          [16.98495, 61.57833],
          [16.98462, 61.57813],
          [16.98424, 61.57786],
          [16.98383, 61.57752],
          [16.98353, 61.5772],
          [16.98324, 61.57684],
          [16.98297, 61.57648],
          [16.98289, 61.57637],
          [16.98264, 61.57599],
          [16.98227, 61.57543],
          [16.98208, 61.57512],
          [16.9819, 61.57475],
          [16.98177, 61.57441],
          [16.98145, 61.57331],
          [16.98133, 61.57297],
          [16.9811, 61.57248],
          [16.98086, 61.57206],
          [16.9806, 61.57162],
          [16.98033, 61.57118],
          [16.98031, 61.57116],
          [16.98009, 61.5708],
          [16.9798, 61.57031],
          [16.97951, 61.56982],
          [16.9793, 61.56939],
          [16.97916, 61.56898],
          [16.97912, 61.56879],
          [16.97909, 61.56842],
          [16.97911, 61.56807],
          [16.97918, 61.5677],
          [16.97929, 61.56731],
          [16.97946, 61.56686],
          [16.97961, 61.56645],
          [16.97973, 61.56609],
          [16.97976, 61.56579],
          [16.97977, 61.5655],
          [16.97975, 61.56523],
          [16.97968, 61.56489],
          [16.97959, 61.56461],
          [16.97943, 61.56426],
          [16.97923, 61.56389],
          [16.97902, 61.56352],
          [16.9789, 61.56333],
          [16.97839, 61.56249],
          [16.97831, 61.56236],
          [16.97804, 61.56191],
          [16.97803, 61.5619],
          [16.97793, 61.56173],
          [16.97779, 61.56149],
          [16.97755, 61.56107],
          [16.97725, 61.56054],
          [16.97713, 61.56027],
          [16.97694, 61.55985],
          [16.97682, 61.55953],
          [16.9767, 61.55915],
          [16.97662, 61.55883],
          [16.97653, 61.55842],
          [16.97647, 61.55799],
          [16.97645, 61.55766],
          [16.97644, 61.55725],
          [16.97645, 61.55693],
          [16.97648, 61.5566],
          [16.97653, 61.55621],
          [16.97661, 61.55583],
          [16.9767, 61.55551],
          [16.97682, 61.55513],
          [16.97692, 61.55485],
          [16.97707, 61.55449],
          [16.97724, 61.55412],
          [16.97746, 61.55369],
          [16.97754, 61.55353],
          [16.97783, 61.55297],
          [16.97824, 61.55225],
          [16.97839, 61.55199],
          [16.97855, 61.5517],
          [16.97871, 61.55137],
          [16.9791, 61.55059],
          [16.9793, 61.55014],
          [16.97949, 61.54972],
          [16.97965, 61.5493],
          [16.97981, 61.54889],
          [16.97994, 61.54849],
          [16.98004, 61.54818],
          [16.98023, 61.54747],
          [16.98031, 61.54714],
          [16.98037, 61.54683],
          [16.98043, 61.5465],
          [16.9805, 61.54602],
          [16.98056, 61.54557],
          [16.98057, 61.54545],
          [16.9806, 61.54508],
          [16.98062, 61.54469],
          [16.98063, 61.54456],
          [16.98063, 61.54409],
          [16.98062, 61.54367],
          [16.98061, 61.54343],
          [16.98059, 61.54313],
          [16.98057, 61.54286],
          [16.98053, 61.54253],
          [16.98046, 61.54202],
          [16.98037, 61.54146],
          [16.98031, 61.54116],
          [16.9803, 61.54114],
          [16.98028, 61.54101],
          [16.97983, 61.53915],
          [16.97966, 61.5385],
          [16.9794, 61.53743],
          [16.97923, 61.5367],
          [16.97908, 61.53612],
          [16.97898, 61.53576],
          [16.97892, 61.53553],
          [16.97803, 61.53176],
          [16.97792, 61.53111],
          [16.97785, 61.53056],
          [16.97781, 61.53013],
          [16.97778, 61.52957],
          [16.97777, 61.52875],
          [16.9778, 61.5281],
          [16.97785, 61.52755],
          [16.97788, 61.52733],
          [16.97796, 61.52681],
          [16.97803, 61.52637],
          [16.97815, 61.52584],
          [16.97829, 61.52528],
          [16.97845, 61.52478],
          [16.97856, 61.52445],
          [16.97872, 61.52399],
          [16.97888, 61.52359],
          [16.9791, 61.52306],
          [16.97935, 61.52255],
          [16.97964, 61.52196],
          [16.97995, 61.5214],
          [16.98033, 61.5207],
          [16.98069, 61.52006],
          [16.98128, 61.51903],
          [16.98176, 61.51818],
          [16.98177, 61.51817],
          [16.98184, 61.51805],
          [16.98188, 61.51797],
          [16.98257, 61.51677],
          [16.98313, 61.51577],
          [16.9837, 61.51478],
          [16.9837, 61.51478],
          [16.98385, 61.51447],
          [16.98409, 61.51404],
          [16.9844, 61.51354],
          [16.9847, 61.51302],
          [16.98499, 61.5125],
          [16.98504, 61.51241],
          [16.98528, 61.51198],
          [16.98556, 61.51146],
          [16.98583, 61.51094],
          [16.98608, 61.51041],
          [16.98631, 61.50988],
          [16.98651, 61.50937],
          [16.98671, 61.50882],
          [16.98687, 61.50828],
          [16.98702, 61.50775],
          [16.98714, 61.50722],
          [16.98725, 61.50668],
          [16.98733, 61.50614],
          [16.98739, 61.50561],
          [16.98743, 61.50507],
          [16.98745, 61.50453],
          [16.98745, 61.50399],
          [16.98743, 61.50345],
          [16.98738, 61.50295],
          [16.98733, 61.50245],
          [16.98725, 61.50196],
          [16.98715, 61.50144],
          [16.98704, 61.50093],
          [16.98695, 61.50056],
          [16.98691, 61.50037],
          [16.98679, 61.49986],
          [16.98667, 61.49932],
          [16.98655, 61.49881],
          [16.98651, 61.49864],
          [16.9864, 61.49814],
          [16.98631, 61.4978],
          [16.98613, 61.49706],
          [16.98592, 61.49613],
          [16.98563, 61.49471],
          [16.98562, 61.49467],
          [16.98562, 61.49466],
          [16.98554, 61.49417],
          [16.98542, 61.4931],
          [16.98537, 61.49191],
          [16.98538, 61.49153],
          [16.98541, 61.49062],
          [16.9855, 61.48967],
          [16.98594, 61.48733],
          [16.98625, 61.48627],
          [16.98652, 61.48552],
          [16.98654, 61.48545],
          [16.98686, 61.48464],
          [16.98727, 61.48373],
          [16.98783, 61.48265],
          [16.98818, 61.48198],
          [16.98909, 61.4803],
          [16.98937, 61.4798],
          [16.98957, 61.4794],
          [16.98981, 61.47894],
          [16.99, 61.47854],
          [16.99014, 61.47825],
          [16.99026, 61.47799],
          [16.99039, 61.47769],
          [16.99052, 61.47738],
          [16.99062, 61.4771],
          [16.99073, 61.47682],
          [16.99082, 61.47653],
          [16.99091, 61.47627],
          [16.99099, 61.47599],
          [16.99109, 61.47567],
          [16.99128, 61.47489],
          [16.9914, 61.47428],
          [16.99147, 61.47387],
          [16.9915, 61.47365],
          [16.99157, 61.47306],
          [16.99162, 61.47224],
          [16.99164, 61.47133],
          [16.9916, 61.47051],
          [16.99159, 61.47042],
          [16.99158, 61.47041],
          [16.99155, 61.47002],
          [16.99146, 61.4693],
          [16.99139, 61.46889],
          [16.99125, 61.46836],
          [16.99111, 61.46761],
          [16.99097, 61.4667],
          [16.99075, 61.46591],
          [16.9906, 61.46521],
          [16.99056, 61.46492],
          [16.99049, 61.46436],
          [16.99037, 61.46306],
          [16.99034, 61.46218],
          [16.99038, 61.46118],
          [16.9906, 61.45928],
          [16.99075, 61.4585],
          [16.991, 61.45754],
          [16.99128, 61.45665],
          [16.99152, 61.45598],
          [16.99159, 61.45581],
          [16.99184, 61.45517],
          [16.9921, 61.45456],
          [16.99234, 61.45399],
          [16.99258, 61.45345],
          [16.99281, 61.4529],
          [16.99306, 61.45233],
          [16.99326, 61.45186],
          [16.99347, 61.4513],
          [16.99364, 61.45085],
          [16.99379, 61.4504],
          [16.99392, 61.44998],
          [16.99403, 61.44957],
          [16.99412, 61.44918],
          [16.99419, 61.44883],
          [16.99429, 61.44821],
          [16.99439, 61.44726],
          [16.9944, 61.44713],
          [16.9944, 61.44701],
          [16.99441, 61.44662],
          [16.99442, 61.44608],
          [16.99442, 61.44607],
          [16.99441, 61.44594],
          [16.99438, 61.44532],
          [16.99432, 61.44478],
          [16.99424, 61.44421],
          [16.99414, 61.44368],
          [16.99403, 61.4432],
          [16.99388, 61.44264],
          [16.99368, 61.44203],
          [16.99352, 61.44159],
          [16.99332, 61.44109],
          [16.99307, 61.44053],
          [16.99262, 61.43963],
          [16.99233, 61.43911],
          [16.99182, 61.43828],
          [16.99169, 61.43809],
          [16.99107, 61.43716],
          [16.99043, 61.43624],
          [16.98997, 61.43554],
          [16.98951, 61.43485],
          [16.98916, 61.43426],
          [16.98897, 61.43392],
          [16.9887, 61.4334],
          [16.98822, 61.43235],
          [16.98805, 61.4319],
          [16.98793, 61.43158],
          [16.98772, 61.43092],
          [16.98757, 61.4304],
          [16.98746, 61.4299],
          [16.98739, 61.42959],
          [16.98735, 61.42935],
          [16.98724, 61.42864],
          [16.98717, 61.42787],
          [16.98716, 61.42766],
          [16.98716, 61.4268],
          [16.9872, 61.42614],
          [16.98727, 61.42543],
          [16.98746, 61.42435],
          [16.98766, 61.42354],
          [16.98783, 61.42297],
          [16.98784, 61.42296],
          [16.98788, 61.42283],
          [16.98811, 61.42218],
          [16.98824, 61.42187],
          [16.98877, 61.42072],
          [16.9888, 61.42066],
          [16.98887, 61.42053],
          [16.98915, 61.42002],
          [16.98956, 61.41933],
          [16.99095, 61.41724],
          [16.99095, 61.41724],
          [16.99146, 61.41652],
          [16.99191, 61.41584],
          [16.99224, 61.41536],
          [16.99243, 61.41505],
          [16.99247, 61.415],
          [16.99287, 61.41433],
          [16.99316, 61.4138],
          [16.99347, 61.41319],
          [16.9939, 61.41223],
          [16.99399, 61.412],
          [16.99411, 61.4117],
          [16.99428, 61.41117],
          [16.99444, 61.41064],
          [16.99458, 61.41009],
          [16.99475, 61.40922],
          [16.99483, 61.40863],
          [16.99488, 61.40804],
          [16.99491, 61.40741],
          [16.99491, 61.4069],
          [16.99489, 61.40638],
          [16.99487, 61.40597],
          [16.99486, 61.40584],
          [16.99481, 61.40532],
          [16.99475, 61.40477],
          [16.99471, 61.40439],
          [16.99465, 61.40393],
          [16.99459, 61.40349],
          [16.99455, 61.40309],
          [16.99454, 61.40305],
          [16.99445, 61.40228],
          [16.99436, 61.40157],
          [16.99426, 61.40069],
          [16.99423, 61.40043],
          [16.99413, 61.39961],
          [16.9941, 61.39938],
          [16.99402, 61.39871],
          [16.99395, 61.39798],
          [16.99389, 61.39739],
          [16.99385, 61.39666],
          [16.99384, 61.39569],
          [16.99386, 61.39518],
          [16.9939, 61.39476],
          [16.99407, 61.39416],
          [16.99424, 61.39346],
          [16.99444, 61.39262],
          [16.99461, 61.39213],
          [16.99525, 61.39038],
          [16.99623, 61.38836],
          [16.99745, 61.38642],
          [16.9981, 61.3854],
          [16.99964, 61.38306],
          [17.00066, 61.38151],
          [17.00172, 61.37994],
          [17.00286, 61.37856],
          [17.00327, 61.37808],
          [17.00423, 61.37696],
          [17.00501, 61.37605],
          [17.00607, 61.37486],
          [17.00612, 61.37479],
          [17.00699, 61.37379],
          [17.00838, 61.37225],
          [17.00898, 61.3715],
          [17.01105, 61.36918],
          [17.01144, 61.36869],
          [17.0116, 61.36849],
          [17.01316, 61.36609],
          [17.01386, 61.3647],
          [17.01449, 61.36324],
          [17.01493, 61.36198],
          [17.01512, 61.36103],
          [17.01529, 61.36009],
          [17.01531, 61.35995],
          [17.01549, 61.35875],
          [17.01565, 61.35781],
          [17.0158, 61.35701],
          [17.01595, 61.35643],
          [17.0161, 61.35593],
          [17.01622, 61.35554],
          [17.01633, 61.3552],
          [17.01665, 61.35443],
          [17.01707, 61.3535],
          [17.01729, 61.35307],
          [17.01753, 61.35264],
          [17.01783, 61.35208],
          [17.018, 61.3518],
          [17.01806, 61.35171],
          [17.01806, 61.3517],
          [17.0184, 61.35114],
          [17.01888, 61.35033],
          [17.01931, 61.34958],
          [17.01975, 61.34873],
          [17.02024, 61.34758],
          [17.02049, 61.34684],
          [17.02068, 61.34614],
          [17.02077, 61.3457],
          [17.02089, 61.34526],
          [17.02093, 61.34492],
          [17.02097, 61.34432],
          [17.02098, 61.34385],
          [17.021, 61.34332],
          [17.02098, 61.34271],
          [17.02095, 61.34234],
          [17.02095, 61.3423],
          [17.02094, 61.34223],
          [17.02086, 61.3416],
          [17.02077, 61.34112],
          [17.02074, 61.34099],
          [17.02074, 61.34099],
          [17.02067, 61.3406],
          [17.0206, 61.34035],
          [17.02055, 61.34019],
          [17.02029, 61.33936],
          [17.02002, 61.33856],
          [17.01971, 61.33799],
          [17.01941, 61.33739],
          [17.01894, 61.33658],
          [17.0183, 61.33563],
          [17.01803, 61.33519],
          [17.01748, 61.33454],
          [17.01674, 61.33371],
          [17.0166, 61.33356],
          [17.01521, 61.332],
          [17.01472, 61.33146],
          [17.01463, 61.33136],
          [17.01437, 61.33107],
          [17.01405, 61.33072],
          [17.0137, 61.33032],
          [17.01369, 61.3303],
          [17.01356, 61.33016],
          [17.01332, 61.32989],
          [17.01305, 61.32955],
          [17.01283, 61.32927],
          [17.01265, 61.32901],
          [17.01256, 61.32888],
          [17.01235, 61.32853],
          [17.01214, 61.32815],
          [17.01201, 61.32786],
          [17.01188, 61.32757],
          [17.01178, 61.32728],
          [17.01169, 61.32699],
          [17.01161, 61.3267],
          [17.01153, 61.32626],
          [17.01148, 61.32573],
          [17.01148, 61.32521],
          [17.01149, 61.32508],
          [17.01153, 61.32474],
          [17.01163, 61.32421],
          [17.0117, 61.32391],
          [17.01179, 61.32364],
          [17.01189, 61.32337],
          [17.01201, 61.32308],
          [17.01215, 61.32278],
          [17.01229, 61.32251],
          [17.01243, 61.32226],
          [17.0126, 61.32199],
          [17.01283, 61.32168],
          [17.01325, 61.32106],
          [17.01349, 61.32069],
          [17.01384, 61.32018],
          [17.01424, 61.31963],
          [17.01477, 61.31887],
          [17.01506, 61.31845],
          [17.01532, 61.31807],
          [17.01581, 61.31738],
          [17.01624, 61.31675],
          [17.01671, 61.31609],
          [17.01714, 61.31547],
          [17.01757, 61.31484],
          [17.018, 61.31423],
          [17.01838, 61.31371],
          [17.01879, 61.31322],
          [17.01934, 61.31267],
          [17.01986, 61.31224],
          [17.01995, 61.31216],
          [17.02082, 61.3115],
          [17.02146, 61.31102],
          [17.02225, 61.31042],
          [17.02235, 61.31033],
          [17.02246, 61.31024],
          [17.02277, 61.30995],
          [17.02303, 61.30968],
          [17.02325, 61.3094],
          [17.02339, 61.30919],
          [17.02351, 61.30897],
          [17.02361, 61.30874],
          [17.02366, 61.3085],
          [17.02371, 61.30822],
          [17.02373, 61.30794],
          [17.0237, 61.30741],
          [17.02363, 61.30667],
          [17.02363, 61.30667],
          [17.02358, 61.30616],
          [17.02352, 61.30552],
          [17.02351, 61.30525],
          [17.02352, 61.30493],
          [17.02357, 61.3046],
          [17.02363, 61.30436],
          [17.02375, 61.30405],
          [17.02387, 61.30383],
          [17.02409, 61.3035],
          [17.02431, 61.30324],
          [17.02457, 61.30297],
          [17.02487, 61.30271],
          [17.02537, 61.30236],
          [17.02556, 61.30224],
          [17.02579, 61.30211],
          [17.02623, 61.30189],
          [17.02657, 61.30173],
          [17.02669, 61.30168],
          [17.02689, 61.3016],
          [17.0271, 61.30152],
          [17.02716, 61.3015],
          [17.0275, 61.30138],
          [17.0277, 61.30131],
          [17.02784, 61.30127],
          [17.02818, 61.30117],
          [17.02852, 61.30107],
          [17.02963, 61.30079],
          [17.03044, 61.30057],
          [17.03044, 61.30057],
          [17.03184, 61.30021],
          [17.03201, 61.30017],
          [17.03201, 61.30017],
          [17.0323, 61.3001],
          [17.03297, 61.29993],
          [17.03313, 61.29989],
          [17.03336, 61.29982],
          [17.03454, 61.29952],
          [17.03479, 61.29945],
          [17.03608, 61.29912],
          [17.04571, 61.29664],
          [17.04716, 61.29627],
          [17.0483, 61.29598],
          [17.04848, 61.29594],
          [17.04958, 61.29565],
          [17.0513, 61.29521],
          [17.05215, 61.29498],
          [17.05299, 61.29475],
          [17.05366, 61.29456],
          [17.05433, 61.29436],
          [17.05489, 61.29418],
          [17.05554, 61.29397],
          [17.05625, 61.29373],
          [17.05665, 61.29358],
          [17.05683, 61.29352],
          [17.05758, 61.29323],
          [17.05829, 61.29296],
          [17.05843, 61.2929],
          [17.05852, 61.29287],
          [17.05893, 61.29269],
          [17.05963, 61.29238],
          [17.06029, 61.29208],
          [17.06064, 61.29191],
          [17.06112, 61.29169],
          [17.06207, 61.2912],
          [17.06297, 61.2907],
          [17.06307, 61.29064],
          [17.06464, 61.28964],
          [17.06602, 61.28871],
          [17.06723, 61.2877],
          [17.06819, 61.28681],
          [17.06937, 61.28558],
          [17.06969, 61.28519],
          [17.06999, 61.28481],
          [17.07045, 61.28415],
          [17.07064, 61.28386],
          [17.07134, 61.28268],
          [17.07173, 61.28201],
          [17.07187, 61.28169],
          [17.07231, 61.28072],
          [17.07265, 61.27953],
          [17.07287, 61.2781],
          [17.07309, 61.2754],
          [17.0732, 61.274],
          [17.07321, 61.27378],
          [17.0734, 61.2713],
          [17.07353, 61.26951],
          [17.07353, 61.2695],
          [17.07388, 61.26482],
          [17.07433, 61.25864],
          [17.07434, 61.2585],
          [17.07442, 61.25752],
          [17.07446, 61.25706],
          [17.07457, 61.25638],
          [17.07467, 61.25585],
          [17.07473, 61.25559],
          [17.07489, 61.25491],
          [17.07508, 61.25427],
          [17.0754, 61.25336],
          [17.07563, 61.25277],
          [17.07586, 61.25225],
          [17.07601, 61.25191],
          [17.07613, 61.25168],
          [17.0765, 61.25098],
          [17.07689, 61.25029],
          [17.07736, 61.24953],
          [17.07778, 61.24893],
          [17.07826, 61.24826],
          [17.07867, 61.24773],
          [17.07913, 61.24718],
          [17.07916, 61.24713],
          [17.0799, 61.24629],
          [17.08059, 61.24556],
          [17.08149, 61.24468],
          [17.08183, 61.24437],
          [17.08253, 61.24374],
          [17.08303, 61.24332],
          [17.08304, 61.24331],
          [17.0834, 61.24301],
          [17.0841, 61.24245],
          [17.08488, 61.24186],
          [17.08577, 61.24122],
          [17.08656, 61.24067],
          [17.08776, 61.23989],
          [17.08793, 61.23978],
          [17.08851, 61.23943],
          [17.09012, 61.23846],
          [17.09041, 61.23829],
          [17.09041, 61.23829],
          [17.09127, 61.23781],
          [17.09333, 61.2366],
          [17.09358, 61.23643],
          [17.09432, 61.23595],
          [17.09454, 61.23581],
          [17.09565, 61.23509],
          [17.09675, 61.23433],
          [17.09758, 61.23374],
          [17.09866, 61.23292],
          [17.09934, 61.23237],
          [17.09953, 61.23221],
          [17.10024, 61.23162],
          [17.10071, 61.2312],
          [17.10079, 61.23113],
          [17.10115, 61.2308],
          [17.10177, 61.23023],
          [17.10218, 61.22982],
          [17.10253, 61.22947],
          [17.10278, 61.22923],
          [17.10306, 61.22894],
          [17.10338, 61.22858],
          [17.10358, 61.22836],
          [17.10381, 61.2281],
          [17.10402, 61.22786],
          [17.10426, 61.22757],
          [17.10464, 61.22711],
          [17.10509, 61.22653],
          [17.1052, 61.22639],
          [17.10547, 61.22603],
          [17.10574, 61.22565],
          [17.10609, 61.22514],
          [17.10628, 61.22486],
          [17.10663, 61.2243],
          [17.10674, 61.22411],
          [17.10675, 61.2241],
          [17.1068, 61.22401],
          [17.10693, 61.2238],
          [17.10731, 61.22312],
          [17.10746, 61.22284],
          [17.10758, 61.22261],
          [17.10772, 61.22234],
          [17.10786, 61.22204],
          [17.10801, 61.22171],
          [17.10812, 61.22147],
          [17.10835, 61.22095],
          [17.10843, 61.22077],
          [17.1089, 61.21964],
          [17.10942, 61.21846],
          [17.11082, 61.21524],
          [17.11086, 61.21515],
          [17.11129, 61.21415],
          [17.11154, 61.21356],
          [17.11159, 61.21342],
          [17.11177, 61.21294],
          [17.11187, 61.21253],
          [17.112, 61.212],
          [17.11208, 61.21164],
          [17.11212, 61.21125],
          [17.11214, 61.21109],
          [17.11215, 61.21086],
          [17.11216, 61.21016],
          [17.11216, 61.20999],
          [17.11217, 61.20959],
          [17.11217, 61.20931],
          [17.11218, 61.20906],
          [17.11221, 61.2078],
          [17.11225, 61.20748],
          [17.11231, 61.20712],
          [17.11241, 61.2067],
          [17.11252, 61.20633],
          [17.11255, 61.20623],
          [17.11286, 61.20545],
          [17.11302, 61.20514],
          [17.11329, 61.20465],
          [17.11359, 61.20415],
          [17.11391, 61.20366],
          [17.11426, 61.20318],
          [17.11471, 61.20259],
          [17.11541, 61.20176],
          [17.116, 61.20119],
          [17.11707, 61.20018],
          [17.11772, 61.19963],
          [17.11841, 61.19912],
          [17.1188, 61.19887],
          [17.11921, 61.19862],
          [17.11928, 61.19858],
          [17.11929, 61.19857],
          [17.11987, 61.19823],
          [17.12, 61.19816],
          [17.12081, 61.19776],
          [17.12165, 61.19734],
          [17.12267, 61.19688],
          [17.12267, 61.19688],
          [17.12512, 61.19575],
          [17.12631, 61.19516],
          [17.12694, 61.19485],
          [17.12772, 61.19441],
          [17.12947, 61.1933],
          [17.12998, 61.19298],
          [17.13067, 61.19253],
          [17.13135, 61.19208],
          [17.13194, 61.1917],
          [17.13222, 61.19153],
          [17.13224, 61.19151],
          [17.13259, 61.19129],
          [17.13322, 61.19087],
          [17.13514, 61.18964],
          [17.13536, 61.18949],
          [17.13591, 61.18913],
          [17.13651, 61.18875],
          [17.13781, 61.18788],
          [17.13788, 61.18783],
          [17.13789, 61.18782],
          [17.1383, 61.18753],
          [17.13875, 61.18716],
          [17.13919, 61.18674],
          [17.13963, 61.18628],
          [17.13986, 61.18603],
          [17.14005, 61.18581],
          [17.14042, 61.18538],
          [17.14146, 61.18425],
          [17.1418, 61.18387],
          [17.143, 61.18255],
          [17.14325, 61.1823],
          [17.14347, 61.1821],
          [17.14372, 61.18188],
          [17.14404, 61.18163],
          [17.14443, 61.18134],
          [17.14489, 61.18101],
          [17.14525, 61.18076],
          [17.14557, 61.18053],
          [17.14589, 61.1803],
          [17.14621, 61.18008],
          [17.14687, 61.1796],
          [17.14714, 61.17938],
          [17.14722, 61.17931],
          [17.14762, 61.17897],
          [17.14799, 61.17862],
          [17.1483, 61.17832],
          [17.14973, 61.17689],
          [17.15064, 61.17599],
          [17.15143, 61.1752],
          [17.15203, 61.17457],
          [17.15226, 61.17428],
          [17.15246, 61.17398],
          [17.15266, 61.17364],
          [17.15281, 61.17327],
          [17.15293, 61.17292],
          [17.15299, 61.1726],
          [17.15301, 61.17229],
          [17.15301, 61.17194],
          [17.15299, 61.17175],
          [17.15295, 61.17156],
          [17.15287, 61.17127],
          [17.15277, 61.17099],
          [17.15264, 61.1707],
          [17.15244, 61.17036],
          [17.15228, 61.17012],
          [17.15211, 61.16987],
          [17.15105, 61.16849],
          [17.15078, 61.16814],
          [17.15035, 61.16757],
          [17.15024, 61.16742],
          [17.14985, 61.16692],
          [17.14949, 61.16647],
          [17.14919, 61.16606],
          [17.14897, 61.16577],
          [17.1488, 61.16552],
          [17.14864, 61.16527],
          [17.14852, 61.16506],
          [17.14836, 61.16473],
          [17.14829, 61.16451],
          [17.14812, 61.164],
          [17.14793, 61.16325],
          [17.14773, 61.16255],
          [17.14749, 61.16164],
          [17.14739, 61.16127],
          [17.14718, 61.16048],
          [17.14701, 61.15984],
          [17.14693, 61.15956],
          [17.1469, 61.15942],
          [17.14684, 61.15919],
          [17.14676, 61.15892],
          [17.14671, 61.15872],
          [17.14669, 61.15865],
          [17.14659, 61.15828],
          [17.14648, 61.15789],
          [17.14628, 61.15713],
          [17.14604, 61.15624],
          [17.14596, 61.15586],
          [17.1459, 61.15551],
          [17.14588, 61.15512],
          [17.1459, 61.15473],
          [17.14594, 61.15439],
          [17.14608, 61.15359],
          [17.14667, 61.15025],
          [17.14667, 61.15025],
          [17.14673, 61.1499],
          [17.14675, 61.1497],
          [17.14684, 61.14891],
          [17.14683, 61.14844],
          [17.1468, 61.14806],
          [17.14672, 61.14754],
          [17.14659, 61.14705],
          [17.14647, 61.14668],
          [17.14628, 61.14623],
          [17.14609, 61.14585],
          [17.14589, 61.14549],
          [17.14573, 61.14522],
          [17.14548, 61.14485],
          [17.14495, 61.14413],
          [17.14465, 61.14373],
          [17.1443, 61.14327],
          [17.14395, 61.14281],
          [17.14364, 61.1424],
          [17.14328, 61.14194],
          [17.1429, 61.14141],
          [17.1427, 61.1411],
          [17.14263, 61.14098],
          [17.14235, 61.14051],
          [17.14097, 61.13818],
          [17.14063, 61.13768],
          [17.1402, 61.13711],
          [17.13981, 61.13664],
          [17.13933, 61.13608],
          [17.13887, 61.13557],
          [17.13844, 61.13507],
          [17.13795, 61.13451],
          [17.13746, 61.13396],
          [17.13699, 61.13345],
          [17.1365, 61.13292],
          [17.13627, 61.13269],
          [17.13596, 61.13238],
          [17.1355, 61.13193],
          [17.13493, 61.13138],
          [17.13429, 61.13079],
          [17.13362, 61.13018],
          [17.13299, 61.12957],
          [17.13234, 61.12896],
          [17.13106, 61.12777],
          [17.13039, 61.12712],
          [17.12994, 61.1266],
          [17.12944, 61.12599],
          [17.12896, 61.12535],
          [17.12843, 61.12468],
          [17.12835, 61.12458],
          [17.12826, 61.12447],
          [17.12801, 61.12414],
          [17.1277, 61.12373],
          [17.12739, 61.12326],
          [17.12726, 61.12299],
          [17.12713, 61.12264],
          [17.127, 61.12219],
          [17.12688, 61.12163],
          [17.12676, 61.12108],
          [17.12668, 61.12067],
          [17.12655, 61.12008],
          [17.12644, 61.11973],
          [17.12633, 61.11939],
          [17.12621, 61.11915],
          [17.12603, 61.11885],
          [17.12585, 61.11861],
          [17.12563, 61.11834],
          [17.12545, 61.11814],
          [17.12476, 61.11742],
          [17.12421, 61.11684],
          [17.12401, 61.11664],
          [17.12375, 61.11634],
          [17.12347, 61.11599],
          [17.12346, 61.11597],
          [17.1233, 61.11574],
          [17.12329, 61.11573],
          [17.12324, 61.11563],
          [17.12304, 61.11525],
          [17.12293, 61.11498],
          [17.12285, 61.11466],
          [17.12281, 61.11433],
          [17.1228, 61.11399],
          [17.12284, 61.11365],
          [17.12288, 61.1134],
          [17.12299, 61.11308],
          [17.12299, 61.11308],
          [17.12312, 61.11274],
          [17.12324, 61.11248],
          [17.12326, 61.11244],
          [17.12343, 61.1121],
          [17.12366, 61.11167],
          [17.12386, 61.11129],
          [17.12409, 61.11086],
          [17.12414, 61.11075],
          [17.12431, 61.11045],
          [17.12445, 61.11019],
          [17.12473, 61.10966],
          [17.125, 61.10917],
          [17.12527, 61.10866],
          [17.12552, 61.10819],
          [17.12582, 61.10768],
          [17.12612, 61.10718],
          [17.12635, 61.10676],
          [17.12643, 61.10662],
          [17.12657, 61.10634],
          [17.12667, 61.10609],
          [17.12675, 61.10582],
          [17.12682, 61.10546],
          [17.12685, 61.10509],
          [17.12684, 61.1047],
          [17.12682, 61.10443],
          [17.12679, 61.10398],
          [17.12672, 61.10329],
          [17.12662, 61.10204],
          [17.12662, 61.10204],
          [17.12632, 61.09832],
          [17.1263, 61.09813],
          [17.1263, 61.09776],
          [17.12632, 61.09744],
          [17.12634, 61.09733],
          [17.12635, 61.09719],
          [17.12638, 61.09704],
          [17.1264, 61.09691],
          [17.12649, 61.09648],
          [17.12658, 61.09611],
          [17.12727, 61.09307],
          [17.12789, 61.09032],
          [17.12811, 61.08937],
          [17.1283, 61.08853],
          [17.12952, 61.08314],
          [17.12975, 61.08223],
          [17.12998, 61.08152],
          [17.13015, 61.08112],
          [17.13036, 61.08072],
          [17.13045, 61.08055],
          [17.13055, 61.08038],
          [17.1309, 61.07986],
          [17.13137, 61.07922],
          [17.13162, 61.07888],
          [17.13185, 61.0786],
          [17.13227, 61.07799],
          [17.13262, 61.07743],
          [17.13293, 61.07684],
          [17.13315, 61.0763],
          [17.13329, 61.07585],
          [17.13334, 61.07561],
          [17.13339, 61.07537],
          [17.13342, 61.0751],
          [17.13345, 61.07482],
          [17.13345, 61.07455],
          [17.13345, 61.07428],
          [17.13343, 61.07404],
          [17.13341, 61.07381],
          [17.13336, 61.07355],
          [17.13331, 61.07328],
          [17.13318, 61.07277],
          [17.13291, 61.07184],
          [17.13291, 61.07183],
          [17.13289, 61.07179],
          [17.13234, 61.06991],
          [17.13178, 61.06798],
          [17.13079, 61.06466],
          [17.13072, 61.06445],
          [17.13027, 61.06291],
          [17.12975, 61.06112],
          [17.12968, 61.06085],
          [17.12961, 61.06053],
          [17.12955, 61.06019],
          [17.1295, 61.05984],
          [17.12907, 61.05622],
          [17.12902, 61.05551],
          [17.12903, 61.05529],
          [17.12905, 61.05507],
          [17.1291, 61.05486],
          [17.12916, 61.05461],
          [17.12928, 61.05431],
          [17.12943, 61.05399],
          [17.12946, 61.05394],
          [17.12971, 61.05356],
          [17.13008, 61.05307],
          [17.13113, 61.05175],
          [17.13335, 61.04898],
          [17.13342, 61.04889],
          [17.13405, 61.04811],
          [17.13486, 61.0471],
          [17.13501, 61.04691],
          [17.13513, 61.04676],
          [17.1354, 61.0464],
          [17.13579, 61.04587],
          [17.13595, 61.04557],
          [17.13606, 61.04537],
          [17.13636, 61.04471],
          [17.1372, 61.04285],
          [17.13728, 61.04268],
          [17.13817, 61.04067],
          [17.13817, 61.04066],
          [17.13826, 61.04047],
          [17.13962, 61.03745],
          [17.13976, 61.03711],
          [17.13987, 61.03678],
          [17.13989, 61.03672],
          [17.13995, 61.0365],
          [17.14, 61.03627],
          [17.14001, 61.03602],
          [17.14002, 61.03576],
          [17.14, 61.03553],
          [17.13997, 61.03529],
          [17.13989, 61.03502],
          [17.1398, 61.03475],
          [17.1397, 61.03452],
          [17.13909, 61.03341],
          [17.13762, 61.0308],
          [17.13606, 61.02804],
          [17.13605, 61.02803],
          [17.13469, 61.02563],
          [17.13179, 61.0205],
          [17.13124, 61.01953],
          [17.13115, 61.01937],
          [17.12827, 61.01434],
          [17.12805, 61.014],
          [17.12781, 61.01367],
          [17.12758, 61.0134],
          [17.12727, 61.01308],
          [17.12699, 61.01282],
          [17.12677, 61.01262],
          [17.12654, 61.01244],
          [17.12641, 61.01234],
          [17.12628, 61.01225],
          [17.12614, 61.01216],
          [17.126, 61.01206],
          [17.12579, 61.01194],
          [17.12578, 61.01193],
          [17.12556, 61.0118],
          [17.1251, 61.01154],
          [17.12475, 61.01136],
          [17.12439, 61.0112],
          [17.12425, 61.01114],
          [17.12369, 61.01092],
          [17.12237, 61.01043],
          [17.12147, 61.01012],
          [17.12147, 61.01012],
          [17.11736, 61.00869],
          [17.11719, 61.00864],
          [17.10977, 61.00607],
          [17.10905, 61.00582],
          [17.10556, 61.00461],
          [17.10261, 61.00359],
          [17.10186, 61.00332],
          [17.10123, 61.00307],
          [17.10071, 61.00285],
          [17.10023, 61.00263],
          [17.09949, 61.00224],
          [17.09947, 61.00224],
          [17.09892, 61.00193],
          [17.09839, 61.00159],
          [17.09798, 61.00132],
          [17.09743, 61.0009],
          [17.0969, 61.00046],
          [17.09608, 60.99974],
          [17.09603, 60.9997],
          [17.09506, 60.99885],
          [17.0901, 60.99453],
          [17.08831, 60.99298],
          [17.08737, 60.99215],
          [17.08701, 60.99184],
          [17.08394, 60.98917],
          [17.08122, 60.98679],
          [17.07995, 60.98569],
          [17.07912, 60.98499],
          [17.07816, 60.98428],
          [17.07784, 60.98405],
          [17.07726, 60.98362],
          [17.0758, 60.98261],
          [17.07375, 60.98115],
          [17.07104, 60.97924],
          [17.06894, 60.97778],
          [17.06734, 60.97665],
          [17.06316, 60.97371],
          [17.06221, 60.97304],
          [17.06194, 60.97286],
          [17.06071, 60.97202],
          [17.0593, 60.97099],
          [17.0593, 60.97099],
          [17.05828, 60.97027],
          [17.05812, 60.97016],
          [17.05686, 60.96927],
          [17.05674, 60.96919],
          [17.05607, 60.96871],
          [17.05591, 60.9686],
          [17.05532, 60.96816],
          [17.0548, 60.96773],
          [17.05428, 60.9673],
          [17.05359, 60.96668],
          [17.05329, 60.96642],
          [17.0531, 60.96625],
          [17.05274, 60.96593],
          [17.0522, 60.96544],
          [17.05147, 60.96479],
          [17.05062, 60.96403],
          [17.05039, 60.96382],
          [17.04895, 60.96255],
          [17.04874, 60.96236],
          [17.04841, 60.96207],
          [17.0479, 60.96161],
          [17.04775, 60.96148],
          [17.04752, 60.96126],
          [17.04677, 60.96059],
          [17.04602, 60.95993],
          [17.04575, 60.95971],
          [17.04564, 60.95962],
          [17.04538, 60.95942],
          [17.04499, 60.95912],
          [17.04457, 60.95882],
          [17.04396, 60.95838],
          [17.04261, 60.95746],
          [17.04215, 60.95714],
          [17.04151, 60.95668],
          [17.04107, 60.95633],
          [17.04072, 60.95601],
          [17.04033, 60.95556],
          [17.04003, 60.9551],
          [17.03985, 60.95469],
          [17.03975, 60.95432],
          [17.03968, 60.95383],
          [17.03968, 60.95356],
          [17.03968, 60.95339],
          [17.03982, 60.95133],
          [17.03989, 60.9503],
          [17.03989, 60.94994],
          [17.03985, 60.9495],
          [17.03971, 60.94905],
          [17.0395, 60.94862],
          [17.03921, 60.94817],
          [17.0389, 60.94771],
          [17.03854, 60.94719],
          [17.03826, 60.94681],
          [17.03803, 60.94647],
          [17.03688, 60.94482],
          [17.03547, 60.94281],
          [17.0348, 60.94186],
          [17.03431, 60.94116],
          [17.03392, 60.9406],
          [17.03355, 60.93999],
          [17.03337, 60.9396],
          [17.03325, 60.93921],
          [17.03317, 60.93882],
          [17.03312, 60.9385],
          [17.03313, 60.93812],
          [17.03316, 60.93781],
          [17.03321, 60.93752],
          [17.0333, 60.93721],
          [17.03343, 60.93686],
          [17.03361, 60.93648],
          [17.03374, 60.93626],
          [17.03381, 60.93616],
          [17.03419, 60.93558],
          [17.03561, 60.93352],
          [17.03562, 60.93351],
          [17.03685, 60.93173],
          [17.03965, 60.92772],
          [17.03972, 60.92761],
          [17.0398, 60.9275],
          [17.04028, 60.92681],
          [17.04033, 60.92672],
          [17.04048, 60.92647],
          [17.04072, 60.92607],
          [17.04091, 60.9257],
          [17.04106, 60.92536],
          [17.04125, 60.92484],
          [17.0414, 60.92429],
          [17.04156, 60.92369],
          [17.04174, 60.92306],
          [17.0419, 60.92245],
          [17.04213, 60.92176],
          [17.04229, 60.92138],
          [17.04251, 60.92096],
          [17.04277, 60.92054],
          [17.04311, 60.92006],
          [17.044, 60.91892],
          [17.04608, 60.91625],
          [17.04778, 60.91406],
          [17.05032, 60.91081],
          [17.05055, 60.91052],
          [17.05106, 60.90989],
          [17.05155, 60.90931],
          [17.05219, 60.90863],
          [17.05242, 60.90841],
          [17.05286, 60.90798],
          [17.05362, 60.90732],
          [17.05413, 60.90688],
          [17.05517, 60.90609],
          [17.05519, 60.90608],
          [17.05661, 60.9051],
          [17.05751, 60.9045],
          [17.05751, 60.9045],
          [17.058, 60.90418],
          [17.05912, 60.90342],
          [17.05975, 60.903],
          [17.06038, 60.90258],
          [17.06127, 60.90197],
          [17.06196, 60.90151],
          [17.06277, 60.90097],
          [17.06304, 60.90078],
          [17.06332, 60.9006],
          [17.06403, 60.90011],
          [17.06415, 60.90004],
          [17.06488, 60.89955],
          [17.06527, 60.89929],
          [17.06569, 60.89901],
          [17.06602, 60.89878],
          [17.0664, 60.89853],
          [17.06728, 60.89793],
          [17.06774, 60.89764],
          [17.06825, 60.89735],
          [17.06855, 60.89719],
          [17.06856, 60.89718],
          [17.06895, 60.897],
          [17.06925, 60.89686],
          [17.06959, 60.89672],
          [17.06996, 60.89658],
          [17.07036, 60.89645],
          [17.0708, 60.89632],
          [17.07125, 60.89618],
          [17.07166, 60.89607],
          [17.07178, 60.89603],
          [17.07464, 60.89526],
          [17.07583, 60.89494],
          [17.0769, 60.89466],
          [17.07803, 60.89435],
          [17.0792, 60.89404],
          [17.08043, 60.89371],
          [17.08161, 60.89339],
          [17.0825, 60.89315],
          [17.08324, 60.89295],
          [17.08381, 60.89278],
          [17.08444, 60.89258],
          [17.08519, 60.89233],
          [17.08591, 60.89205],
          [17.08662, 60.89179],
          [17.08732, 60.89152],
          [17.08751, 60.89144],
          [17.08824, 60.89116],
          [17.08939, 60.89072],
          [17.09059, 60.89025],
          [17.09177, 60.88979],
          [17.09265, 60.88945],
          [17.09345, 60.88915],
          [17.09429, 60.88882],
          [17.09518, 60.88847],
          [17.09599, 60.88816],
          [17.09687, 60.88782],
          [17.09776, 60.88747],
          [17.09857, 60.88715],
          [17.09896, 60.887],
          [17.0995, 60.88674],
          [17.10013, 60.88644],
          [17.1006, 60.88618],
          [17.10105, 60.88589],
          [17.10144, 60.88561],
          [17.10155, 60.88554],
          [17.102, 60.88517],
          [17.10248, 60.88477],
          [17.10303, 60.88429],
          [17.10356, 60.88381],
          [17.1052, 60.88232],
          [17.1054, 60.88214],
          [17.10563, 60.88194],
          [17.10586, 60.88172],
          [17.10612, 60.88148],
          [17.10637, 60.88122],
          [17.10646, 60.88111],
          [17.10656, 60.88099],
          [17.10673, 60.88076],
          [17.10689, 60.88052],
          [17.10708, 60.88019],
          [17.1073, 60.87969],
          [17.10745, 60.87922],
          [17.10758, 60.87867],
          [17.10773, 60.87803],
          [17.10787, 60.87733],
          [17.10829, 60.87526],
          [17.10852, 60.87449],
          [17.10872, 60.87378],
          [17.10891, 60.87318],
          [17.10913, 60.87267],
          [17.10931, 60.87234],
          [17.1096, 60.87188],
          [17.1096, 60.87187],
          [17.11052, 60.87059],
          [17.11089, 60.87008],
          [17.11108, 60.86982],
          [17.11111, 60.86978],
          [17.11143, 60.86935],
          [17.11196, 60.86862],
          [17.11224, 60.86825],
          [17.11267, 60.86775],
          [17.11329, 60.86709],
          [17.11384, 60.86655],
          [17.11445, 60.86603],
          [17.11536, 60.86528],
          [17.11601, 60.8648],
          [17.11745, 60.86382],
          [17.11884, 60.86289],
          [17.12039, 60.86185],
          [17.1216, 60.86103],
          [17.12166, 60.86099],
          [17.12277, 60.86026],
          [17.12371, 60.85962],
          [17.12463, 60.85901],
          [17.12549, 60.85844],
          [17.12622, 60.85799],
          [17.12684, 60.85764],
          [17.12742, 60.85733],
          [17.12829, 60.8569],
          [17.12999, 60.85607],
          [17.13152, 60.85533],
          [17.13299, 60.8546],
          [17.13373, 60.85424],
          [17.13416, 60.85403],
          [17.13533, 60.85346],
          [17.13543, 60.85341],
          [17.13681, 60.85274],
          [17.13841, 60.85195],
          [17.13969, 60.85132],
          [17.14321, 60.8496],
          [17.15275, 60.84495],
          [17.15276, 60.84494],
          [17.15502, 60.84384],
          [17.15978, 60.84151],
          [17.16544, 60.83875],
          [17.16625, 60.83834],
          [17.16704, 60.83791],
          [17.16754, 60.83761],
          [17.16824, 60.83715],
          [17.16904, 60.8366],
          [17.17017, 60.8358],
          [17.17169, 60.8347],
          [17.17199, 60.83449],
          [17.17343, 60.83345],
          [17.18211, 60.82725],
          [17.18337, 60.82635],
          [17.18384, 60.82602],
          [17.1857, 60.82468],
          [17.1872, 60.82365],
          [17.18792, 60.82325],
          [17.18856, 60.82295],
          [17.18926, 60.82265],
          [17.18995, 60.82237],
          [17.19052, 60.82215],
          [17.19077, 60.82205],
          [17.19416, 60.8207],
          [17.19431, 60.82064],
          [17.19457, 60.82053],
          [17.1951, 60.82028],
          [17.19533, 60.82017],
          [17.19556, 60.82005],
          [17.19575, 60.81995],
          [17.19593, 60.81984],
          [17.19613, 60.81972],
          [17.19633, 60.81958],
          [17.1965, 60.81945],
          [17.19668, 60.81932],
          [17.19696, 60.81909],
          [17.19722, 60.81884],
          [17.19734, 60.81872],
          [17.19746, 60.8186],
          [17.1976, 60.81842],
          [17.19774, 60.81824],
          [17.19783, 60.81811],
          [17.19784, 60.8181],
          [17.19793, 60.81795],
          [17.19806, 60.81768],
          [17.19821, 60.81734],
          [17.19834, 60.81698],
          [17.19855, 60.81625],
          [17.19855, 60.81625],
          [17.19865, 60.8159],
          [17.19892, 60.81497],
          [17.19899, 60.81474],
          [17.19971, 60.81255],
          [17.19976, 60.8124],
          [17.19993, 60.81188],
          [17.20021, 60.81104],
          [17.20026, 60.81085],
          [17.20036, 60.8104],
          [17.20038, 60.81009],
          [17.20039, 60.80985],
          [17.20036, 60.8097],
          [17.20035, 60.80961],
          [17.2003, 60.80934],
          [17.20025, 60.80913],
          [17.20021, 60.80895],
          [17.20009, 60.80859],
          [17.19959, 60.80702],
          [17.19959, 60.80701],
          [17.19933, 60.80619],
          [17.19848, 60.80356],
          [17.19702, 60.79904],
          [17.19675, 60.79816],
          [17.19668, 60.79791],
          [17.19628, 60.79667],
          [17.19575, 60.795],
          [17.19563, 60.79469],
          [17.19562, 60.79467],
          [17.19545, 60.79423],
          [17.19502, 60.79338],
          [17.19462, 60.79274],
          [17.19415, 60.79212],
          [17.19376, 60.79168],
          [17.19327, 60.79114],
          [17.1928, 60.79067],
          [17.19222, 60.79011],
          [17.19178, 60.78967],
          [17.1913, 60.78919],
          [17.19083, 60.78873],
          [17.19038, 60.78829],
          [17.19, 60.78791],
          [17.1896, 60.78754],
          [17.18922, 60.78715],
          [17.18875, 60.78668],
          [17.18847, 60.78641],
          [17.18829, 60.78622],
          [17.18778, 60.78572],
          [17.18708, 60.78504],
          [17.18609, 60.78407],
          [17.18561, 60.78359],
          [17.18524, 60.78321],
          [17.18492, 60.78287],
          [17.18467, 60.78256],
          [17.18447, 60.7823],
          [17.18432, 60.78207],
          [17.18393, 60.78142],
          [17.18352, 60.78066],
          [17.18349, 60.7806],
          [17.1832, 60.78008],
          [17.1827, 60.77912],
          [17.18247, 60.77864],
          [17.18231, 60.77826],
          [17.18224, 60.77804],
          [17.18215, 60.77776],
          [17.18206, 60.77739],
          [17.182, 60.77704],
          [17.18195, 60.77665],
          [17.18194, 60.77614],
          [17.18196, 60.77571],
          [17.18205, 60.77507],
          [17.18218, 60.77443],
          [17.18229, 60.77399],
          [17.18243, 60.77346],
          [17.18261, 60.77279],
          [17.18286, 60.77187],
          [17.18288, 60.77179],
          [17.18288, 60.77179],
          [17.1829, 60.77171],
          [17.18301, 60.77132],
          [17.18327, 60.77033],
          [17.18359, 60.76912],
          [17.1838, 60.76836],
          [17.18408, 60.7673],
          [17.18429, 60.76649],
          [17.18454, 60.76554],
          [17.18463, 60.76522],
          [17.1851, 60.76344],
          [17.18514, 60.76327],
          [17.18525, 60.76289],
          [17.18526, 60.76285],
          [17.18532, 60.76262],
          [17.18559, 60.76159],
          [17.18571, 60.76114],
          [17.18582, 60.76078],
          [17.18589, 60.76054],
          [17.18599, 60.76029],
          [17.18601, 60.76024],
          [17.1863, 60.75963],
          [17.18658, 60.75911],
          [17.1868, 60.75869],
          [17.18698, 60.75829],
          [17.18711, 60.75794],
          [17.18721, 60.75764],
          [17.18731, 60.75719],
          [17.18737, 60.75685],
          [17.18741, 60.75631],
          [17.18739, 60.75582],
          [17.18738, 60.75548],
          [17.18732, 60.75515],
          [17.18723, 60.75475],
          [17.18714, 60.75444],
          [17.18701, 60.75409],
          [17.18684, 60.7537],
          [17.18664, 60.75331],
          [17.18626, 60.75272],
          [17.18568, 60.75191],
          [17.18542, 60.75151],
          [17.18538, 60.75146],
          [17.18516, 60.75107],
          [17.18494, 60.75046],
          [17.18488, 60.75011],
          [17.18486, 60.74973],
          [17.18489, 60.7493],
          [17.18496, 60.74886],
          [17.18502, 60.74844],
          [17.18505, 60.74813],
          [17.18506, 60.74789],
          [17.18503, 60.74758],
          [17.18496, 60.74722],
          [17.18484, 60.74686],
          [17.18468, 60.7464],
          [17.18454, 60.74601],
          [17.18435, 60.74551],
          [17.18413, 60.74495],
          [17.18394, 60.74445],
          [17.18375, 60.74389],
          [17.18365, 60.74342],
          [17.18362, 60.74295],
          [17.18363, 60.74266],
          [17.18363, 60.74257],
          [17.18364, 60.7424],
          [17.18368, 60.74186],
          [17.18366, 60.74139],
          [17.18362, 60.74098],
          [17.18351, 60.74052],
          [17.18341, 60.74015],
          [17.18324, 60.73975],
          [17.18302, 60.73921],
          [17.1824, 60.7378],
          [17.18226, 60.73751],
          [17.18217, 60.73732],
          [17.18199, 60.73703],
          [17.18181, 60.73676],
          [17.18139, 60.73625],
          [17.18103, 60.73594],
          [17.18057, 60.73558],
          [17.18003, 60.73523],
          [17.1793, 60.73481],
          [17.17849, 60.73438],
          [17.1784, 60.73433],
          [17.17828, 60.73426],
          [17.17799, 60.73411],
          [17.17719, 60.73368],
          [17.17582, 60.73296],
          [17.17582, 60.73296],
          [17.17532, 60.73269],
          [17.17516, 60.73261],
          [17.17411, 60.73203],
          [17.17362, 60.73175],
          [17.1736, 60.73173],
          [17.17273, 60.73118],
          [17.1714, 60.73031],
          [17.16972, 60.7292],
          [17.16909, 60.72879],
          [17.16898, 60.72872],
          [17.16803, 60.72809],
          [17.16787, 60.728],
          [17.16739, 60.72769],
          [17.16675, 60.72727],
          [17.16598, 60.72677],
          [17.16517, 60.72624],
          [17.16489, 60.72606],
          [17.15965, 60.72263],
          [17.15636, 60.72047],
          [17.15574, 60.72006],
          [17.15537, 60.71983],
          [17.15503, 60.7196],
          [17.15474, 60.7194],
          [17.1545, 60.71922],
          [17.15418, 60.71896],
          [17.15387, 60.7187],
          [17.15356, 60.71841],
          [17.15336, 60.71821],
          [17.15312, 60.71795],
          [17.15295, 60.71776],
          [17.15252, 60.7172],
          [17.15226, 60.71682],
          [17.15157, 60.71584],
          [17.15069, 60.71459],
          [17.15025, 60.71397],
          [17.15012, 60.71375],
          [17.14998, 60.71345],
          [17.14992, 60.71328],
          [17.14984, 60.71312],
          [17.14977, 60.71291],
          [17.1497, 60.71268],
          [17.14966, 60.71244],
          [17.14963, 60.71223],
          [17.14961, 60.71211],
          [17.14961, 60.71209],
          [17.14961, 60.71208],
          [17.1496, 60.71197],
          [17.1496, 60.71177],
          [17.1496, 60.71173],
          [17.14961, 60.71151],
          [17.14967, 60.71112],
          [17.14972, 60.71094],
          [17.14986, 60.71051],
          [17.15, 60.7102],
          [17.15028, 60.70972],
          [17.15045, 60.70944],
          [17.15091, 60.70888],
          [17.15138, 60.7083],
          [17.15138, 60.7083],
          [17.1518, 60.7078],
          [17.15209, 60.70746],
          [17.15219, 60.70735],
          [17.15237, 60.70712],
          [17.15373, 60.70551],
          [17.15408, 60.70508],
          [17.15434, 60.70473],
          [17.15456, 60.70441],
          [17.15472, 60.70413],
          [17.15484, 60.70386],
          [17.15499, 60.70352],
          [17.15508, 60.7032],
          [17.1551, 60.70314],
          [17.15519, 60.70275],
          [17.15523, 60.70242],
          [17.15523, 60.70217],
          [17.15522, 60.70184],
          [17.15521, 60.70166],
          [17.1552, 60.7016],
          [17.15518, 60.70131],
          [17.15516, 60.70123],
          [17.15513, 60.70107],
          [17.15503, 60.70067],
          [17.15493, 60.70027],
          [17.15484, 60.69994],
          [17.15479, 60.69962],
          [17.15476, 60.69943],
          [17.15471, 60.6991],
          [17.15462, 60.6985],
          [17.15457, 60.69819],
          [17.15455, 60.69802],
          [17.15455, 60.69802],
          [17.15444, 60.69759],
          [17.15437, 60.69734],
          [17.15435, 60.69723],
          [17.1543, 60.69677],
          [17.1543, 60.69677],
          [17.1543, 60.69606],
          [17.15419, 60.69534],
          [17.15419, 60.69534],
          [17.15411, 60.69473],
          [17.15402, 60.69428],
          [17.15402, 60.69426],
          [17.15388, 60.6938],
          [17.15374, 60.69344],
          [17.15358, 60.69313],
          [17.1534, 60.69286],
          [17.15322, 60.69259],
          [17.15301, 60.69233],
          [17.15279, 60.69208],
          [17.15267, 60.69195],
          [17.15244, 60.69173],
          [17.15234, 60.69164],
          [17.15217, 60.69148],
          [17.15183, 60.6912],
          [17.15156, 60.691],
          [17.15127, 60.6908],
          [17.15097, 60.6906],
          [17.15055, 60.69036],
          [17.15012, 60.69012],
          [17.14821, 60.68912],
          [17.14432, 60.68709],
          [17.14397, 60.6869],
          [17.14334, 60.68657],
          [17.14286, 60.68635],
          [17.14226, 60.6861],
          [17.14226, 60.6861],
          [17.14132, 60.68573],
          [17.14058, 60.68544],
          [17.14033, 60.68534],
          [17.13997, 60.68518],
          [17.13975, 60.68507],
          [17.13959, 60.68498],
          [17.13937, 60.68482],
          [17.13914, 60.68466],
          [17.13899, 60.68451],
          [17.13893, 60.68447],
          [17.13878, 60.6843],
          [17.13865, 60.68413],
          [17.1385, 60.68386],
          [17.13844, 60.68369],
          [17.1384, 60.6835],
          [17.13838, 60.68327],
          [17.13839, 60.6831],
          [17.13842, 60.68295],
          [17.13846, 60.68281],
          [17.13853, 60.68265],
          [17.13862, 60.68249],
          [17.1387, 60.68236],
          [17.13884, 60.6822],
          [17.13902, 60.68202],
          [17.13922, 60.68183],
          [17.13935, 60.68174],
          [17.13961, 60.68157],
          [17.13994, 60.6814],
          [17.14017, 60.68129],
          [17.1405, 60.68116],
          [17.14082, 60.68104],
          [17.14118, 60.68094],
          [17.14151, 60.68085],
          [17.14189, 60.68078],
          [17.14226, 60.68071],
          [17.14269, 60.68066],
          [17.14312, 60.68061],
          [17.14329, 60.68059],
          [17.14354, 60.68057],
          [17.14383, 60.68054],
          [17.14436, 60.68048],
          [17.14491, 60.6804],
          [17.14524, 60.68034],
          [17.14564, 60.68024],
          [17.14592, 60.68017],
          [17.14593, 60.68016],
          [17.14603, 60.68013],
          [17.14615, 60.6801],
          [17.14629, 60.68005],
          [17.14641, 60.68],
          [17.14667, 60.6799],
          [17.14713, 60.67968],
          [17.14764, 60.67938],
          [17.14783, 60.67924],
          [17.14813, 60.67899],
          [17.14821, 60.67891],
          [17.14821, 60.67891],
          [17.1484, 60.67878],
          [17.14865, 60.67857],
          [17.14924, 60.67803],
          [17.14924, 60.67803],
          [17.14973, 60.67759],
          [17.15013, 60.67722],
          [17.15146, 60.67599],
          [17.15201, 60.6755],
          [17.15227, 60.67525],
          [17.15275, 60.67482],
          [17.15397, 60.67368],
          [17.15421, 60.67346],
          [17.15452, 60.67317],
          [17.15511, 60.67263],
          [17.1554, 60.67235],
          [17.15568, 60.67206],
          [17.15609, 60.67159],
          [17.15645, 60.67121],
          [17.15699, 60.67071],
          [17.15723, 60.67048],
          [17.15755, 60.67019],
          [17.15755, 60.67019],
          [17.15811, 60.66967],
          [17.15909, 60.66879],
          [17.15964, 60.66838],
          [17.15974, 60.66831],
          [17.16026, 60.66796],
          [17.16091, 60.66758],
          [17.16132, 60.66737],
          [17.16171, 60.66717],
          [17.1625, 60.66681],
          [17.16332, 60.66645],
          [17.16391, 60.66619],
          [17.1641, 60.6661],
          [17.16454, 60.66589],
          [17.16492, 60.66569],
          [17.1653, 60.66548],
          [17.1656, 60.6653],
          [17.1658, 60.66518],
          [17.16629, 60.66486],
          [17.1669, 60.66441],
          [17.16747, 60.66396],
          [17.16804, 60.66347],
          [17.16859, 60.663],
          [17.16915, 60.66254],
          [17.16972, 60.66207],
          [17.17024, 60.66163],
          [17.17077, 60.66117],
          [17.17131, 60.66071],
          [17.17178, 60.66032],
          [17.17233, 60.65985],
          [17.17279, 60.65946],
          [17.17319, 60.65913],
          [17.17355, 60.65882],
          [17.17375, 60.65865],
          [17.17407, 60.65837],
          [17.17462, 60.6579],
          [17.17512, 60.65748],
          [17.17578, 60.65692],
          [17.17631, 60.6565],
          [17.17662, 60.65627],
          [17.17694, 60.65606],
          [17.17726, 60.65585],
          [17.17761, 60.65564],
          [17.17797, 60.65544],
          [17.17836, 60.65523],
          [17.17873, 60.65504],
          [17.17914, 60.65486],
          [17.17954, 60.65468],
          [17.17997, 60.65451],
          [17.1804, 60.65435],
          [17.18084, 60.65419],
          [17.18129, 60.65404],
          [17.18173, 60.6539],
          [17.18221, 60.65376],
          [17.1827, 60.65362],
          [17.18289, 60.65357],
          [17.18315, 60.6535],
          [17.18366, 60.65339],
          [17.18417, 60.65328],
          [17.18466, 60.65319],
          [17.18468, 60.65318],
          [17.18518, 60.65309],
          [17.18571, 60.653],
          [17.18625, 60.65292],
          [17.18676, 60.65286],
          [17.18727, 60.6528],
          [17.18782, 60.65275],
          [17.18835, 60.6527],
          [17.18889, 60.65267],
          [17.18999, 60.65263],
          [17.19108, 60.65262],
          [17.19217, 60.65264],
          [17.19316, 60.65269],
          [17.19397, 60.65273],
          [17.19497, 60.6528],
          [17.19616, 60.65287],
          [17.19702, 60.65291],
          [17.19771, 60.65295],
          [17.19839, 60.65297],
          [17.19891, 60.65299],
          [17.19963, 60.65301],
          [17.20045, 60.65303],
          [17.20083, 60.65303],
          [17.20137, 60.65304],
          [17.20226, 60.65304],
          [17.20329, 60.65304],
          [17.20448, 60.65302],
          [17.20567, 60.65299],
          [17.20685, 60.65295],
          [17.20805, 60.6529],
          [17.20922, 60.65283],
          [17.2104, 60.65276],
          [17.21156, 60.65268],
          [17.21902, 60.65221],
          [17.2307, 60.65148],
          [17.23076, 60.65148],
          [17.23612, 60.65114],
          [17.23612, 60.65114],
          [17.23707, 60.65109],
          [17.23755, 60.65106],
          [17.23798, 60.65103],
          [17.2392, 60.65095],
          [17.24068, 60.65086],
          [17.24111, 60.65083],
          [17.24406, 60.65065],
          [17.2453, 60.65057],
          [17.24532, 60.65057],
          [17.24609, 60.65052],
          [17.2472, 60.65046],
          [17.24814, 60.6504],
          [17.24922, 60.65032],
          [17.25031, 60.65026],
          [17.2514, 60.65019],
          [17.25248, 60.65012],
          [17.25359, 60.65005],
          [17.25466, 60.64998],
          [17.25523, 60.64994],
          [17.25574, 60.64991],
          [17.2571, 60.64983],
          [17.258, 60.64977],
          [17.25871, 60.64973],
          [17.2599, 60.64967],
          [17.26099, 60.64962],
          [17.262, 60.64958],
          [17.26271, 60.64956],
          [17.26344, 60.64954],
          [17.26529, 60.64952],
          [17.26666, 60.64953],
          [17.26746, 60.64954],
          [17.26827, 60.64956],
          [17.2688, 60.64957],
          [17.26941, 60.64959],
          [17.26997, 60.64961],
          [17.2705, 60.64963],
          [17.2712, 60.64967],
          [17.27174, 60.6497],
          [17.27322, 60.64979],
          [17.27336, 60.6498],
          [17.27751, 60.6501],
          [17.27952, 60.65024],
          [17.28187, 60.6504],
          [17.28413, 60.65056],
          [17.28949, 60.65096],
          [17.28951, 60.65096],
          [17.29145, 60.6511],
          [17.29184, 60.65113],
          [17.29585, 60.65142],
          [17.29926, 60.65165],
          [17.30093, 60.65177],
          [17.30243, 60.65187],
          [17.30482, 60.65202],
          [17.30594, 60.65208],
          [17.30667, 60.65211],
          [17.30733, 60.65213],
          [17.30814, 60.65215],
          [17.30909, 60.65217],
          [17.3095, 60.65217],
          [17.30996, 60.65218],
          [17.31079, 60.65218],
          [17.31174, 60.65218],
          [17.31455, 60.65212],
          [17.32215, 60.65183],
          [17.32332, 60.65179],
          [17.32427, 60.65175],
          [17.32538, 60.6517],
          [17.32657, 60.65163],
          [17.32756, 60.65157],
          [17.32774, 60.65156],
          [17.32858, 60.65151],
          [17.32942, 60.65145],
          [17.33035, 60.65137],
          [17.33201, 60.65124],
          [17.33247, 60.6512],
          [17.33304, 60.65117],
          [17.33391, 60.6511],
          [17.33409, 60.65108],
          [17.33484, 60.65102],
          [17.33551, 60.65095],
          [17.3362, 60.65088],
          [17.33666, 60.65083],
          [17.3372, 60.65076],
          [17.33775, 60.65069],
          [17.33844, 60.65059],
          [17.33919, 60.65048],
          [17.34008, 60.65034],
          [17.34085, 60.65021],
          [17.34166, 60.65005],
          [17.34225, 60.64994],
          [17.34271, 60.64985],
          [17.3428, 60.64983],
          [17.34338, 60.64971],
          [17.34446, 60.64945],
          [17.34544, 60.64921],
          [17.34638, 60.64895],
          [17.34732, 60.64869],
          [17.34815, 60.64845],
          [17.34925, 60.64809],
          [17.34975, 60.64792],
          [17.35032, 60.64773],
          [17.35072, 60.64758],
          [17.35144, 60.64732],
          [17.35259, 60.64689],
          [17.35547, 60.64582],
          [17.35872, 60.64461],
          [17.35978, 60.64421],
          [17.36139, 60.64362],
          [17.36238, 60.64327],
          [17.36311, 60.64304],
          [17.36391, 60.64278],
          [17.36413, 60.64272],
          [17.36474, 60.64254],
          [17.36565, 60.64228],
          [17.36649, 60.64206],
          [17.36751, 60.64181],
          [17.36831, 60.64162],
          [17.36979, 60.64129],
          [17.37092, 60.64103],
          [17.37367, 60.64046],
          [17.3746, 60.64026],
          [17.37499, 60.64017],
          [17.37644, 60.63986],
          [17.37644, 60.63986],
          [17.37801, 60.63952],
          [17.38129, 60.63881],
          [17.3841, 60.63821],
          [17.38602, 60.63777],
          [17.38704, 60.63751],
          [17.38808, 60.63722],
          [17.38903, 60.63694],
          [17.38993, 60.63665],
          [17.3904, 60.6365],
          [17.39095, 60.63631],
          [17.39097, 60.6363],
          [17.39147, 60.63612],
          [17.39181, 60.63599],
          [17.39217, 60.63585],
          [17.39262, 60.63568],
          [17.3931, 60.63548],
          [17.39347, 60.63533],
          [17.39421, 60.635],
          [17.39508, 60.63459],
          [17.39578, 60.63425],
          [17.39694, 60.63362],
          [17.39744, 60.63333],
          [17.39793, 60.63303],
          [17.3985, 60.63266],
          [17.39859, 60.63261],
          [17.3993, 60.63212],
          [17.39983, 60.63172],
          [17.39992, 60.63166],
          [17.40059, 60.63112],
          [17.40106, 60.63072],
          [17.40161, 60.63022],
          [17.40188, 60.62995],
          [17.40224, 60.62958],
          [17.40239, 60.6294],
          [17.40252, 60.62927],
          [17.4028, 60.62894],
          [17.40304, 60.62864],
          [17.40327, 60.62835],
          [17.4034, 60.62817],
          [17.40357, 60.62794],
          [17.40373, 60.6277],
          [17.40403, 60.62722],
          [17.40431, 60.62673],
          [17.40443, 60.62649],
          [17.40458, 60.62619],
          [17.40472, 60.62584],
          [17.40487, 60.62549],
          [17.40503, 60.62505],
          [17.40519, 60.62457],
          [17.40531, 60.6242],
          [17.40542, 60.62384],
          [17.40569, 60.62301],
          [17.40599, 60.62205],
          [17.40644, 60.62067],
          [17.40674, 60.61973],
          [17.40697, 60.61902],
          [17.40718, 60.61837],
          [17.40726, 60.61811],
          [17.40755, 60.61721],
          [17.40814, 60.61536],
          [17.40828, 60.61492],
          [17.40863, 60.61386],
          [17.40867, 60.61372],
          [17.4093, 60.61179],
          [17.4096, 60.61084],
          [17.41157, 60.60469],
          [17.41207, 60.60322],
          [17.41217, 60.60293],
          [17.41302, 60.60038],
          [17.41309, 60.60018],
          [17.41391, 60.59759],
          [17.41501, 60.59418],
          [17.41501, 60.59418],
          [17.41504, 60.59407],
          [17.41789, 60.58521],
          [17.41948, 60.58024],
          [17.42026, 60.5778],
          [17.4206, 60.57671],
          [17.42072, 60.57634],
          [17.42139, 60.57424],
          [17.4214, 60.57422],
          [17.42269, 60.57017],
          [17.42274, 60.57005],
          [17.42332, 60.56819],
          [17.42509, 60.56247],
          [17.42615, 60.55933],
          [17.4262, 60.55917],
          [17.42676, 60.55785],
          [17.42721, 60.55699],
          [17.42763, 60.55622],
          [17.42786, 60.55585],
          [17.42811, 60.55548],
          [17.4284, 60.55506],
          [17.42884, 60.55447],
          [17.42892, 60.55436],
          [17.42916, 60.55407],
          [17.42968, 60.55346],
          [17.43098, 60.55205],
          [17.43204, 60.55092],
          [17.43288, 60.55004],
          [17.43486, 60.5479],
          [17.43538, 60.54731],
          [17.43576, 60.54688],
          [17.43623, 60.54635],
          [17.43655, 60.54587],
          [17.43689, 60.54541],
          [17.43722, 60.54492],
          [17.43747, 60.54452],
          [17.43774, 60.54409],
          [17.43793, 60.54376],
          [17.4381, 60.54346],
          [17.43829, 60.54311],
          [17.43845, 60.54277],
          [17.43856, 60.54254],
          [17.43863, 60.54239],
          [17.43876, 60.54209],
          [17.43892, 60.54168],
          [17.43913, 60.54114],
          [17.43936, 60.54042],
          [17.43951, 60.53985],
          [17.43961, 60.53942],
          [17.43977, 60.53846],
          [17.43983, 60.53787],
          [17.43986, 60.53745],
          [17.43988, 60.53714],
          [17.43988, 60.53636],
          [17.43985, 60.53568],
          [17.43979, 60.53504],
          [17.43973, 60.53465],
          [17.43972, 60.5346],
          [17.43972, 60.53458],
          [17.43961, 60.53404],
          [17.43953, 60.53361],
          [17.43951, 60.53355],
          [17.43945, 60.5333],
          [17.43932, 60.53278],
          [17.43911, 60.53201],
          [17.4389, 60.53127],
          [17.43863, 60.53031],
          [17.4384, 60.52949],
          [17.43821, 60.52888],
          [17.43798, 60.52818],
          [17.43781, 60.5277],
          [17.43755, 60.52707],
          [17.43706, 60.52605],
          [17.43689, 60.52572],
          [17.43676, 60.52548],
          [17.43654, 60.52507],
          [17.43634, 60.52472],
          [17.43545, 60.52311],
          [17.43498, 60.52219],
          [17.4346, 60.52135],
          [17.43428, 60.52054],
          [17.43403, 60.51978],
          [17.43386, 60.51917],
          [17.43372, 60.51861],
          [17.43361, 60.51803],
          [17.43347, 60.5171],
          [17.43342, 60.5165],
          [17.43339, 60.51597],
          [17.43339, 60.51591],
          [17.43339, 60.51536],
          [17.4334, 60.51483],
          [17.43343, 60.51407],
          [17.43349, 60.51308],
          [17.43354, 60.5123],
          [17.43354, 60.51227],
          [17.43355, 60.51212],
          [17.43361, 60.51121],
          [17.43366, 60.5105],
          [17.43374, 60.50945],
          [17.43384, 60.50853],
          [17.43392, 60.5079],
          [17.43405, 60.50708],
          [17.43407, 60.50696],
          [17.4342, 60.50628],
          [17.43433, 60.5056],
          [17.43448, 60.50485],
          [17.4346, 60.50415],
          [17.43467, 60.5036],
          [17.43476, 60.50256],
          [17.43478, 60.50197],
          [17.43477, 60.50155],
          [17.43477, 60.50134],
          [17.43474, 60.50086],
          [17.4347, 60.50034],
          [17.43464, 60.4999],
          [17.43459, 60.49954],
          [17.43452, 60.49916],
          [17.43451, 60.49912],
          [17.43446, 60.49884],
          [17.43434, 60.49833],
          [17.43425, 60.498],
          [17.43421, 60.49783],
          [17.43401, 60.4972],
          [17.43376, 60.49651],
          [17.43354, 60.49595],
          [17.4333, 60.49543],
          [17.43305, 60.4949],
          [17.43277, 60.49437],
          [17.4325, 60.4939],
          [17.43216, 60.49334],
          [17.43173, 60.49268],
          [17.43135, 60.49214],
          [17.4311, 60.49181],
          [17.43079, 60.4914],
          [17.43037, 60.49086],
          [17.4296, 60.48992],
          [17.42959, 60.48991],
          [17.42948, 60.48977],
          [17.42902, 60.4892],
          [17.42882, 60.48897],
          [17.42815, 60.48815],
          [17.42791, 60.48784],
          [17.42791, 60.48784],
          [17.42719, 60.48693],
          [17.42583, 60.48531],
          [17.42573, 60.48519],
          [17.42433, 60.48349],
          [17.42284, 60.48186],
          [17.42229, 60.4813],
          [17.4219, 60.48093],
          [17.42046, 60.47957],
          [17.41763, 60.47691],
          [17.41588, 60.4752],
          [17.41581, 60.47513],
          [17.41506, 60.47436],
          [17.41459, 60.47387],
          [17.41387, 60.47313],
          [17.41368, 60.47292],
          [17.4133, 60.47251],
          [17.41233, 60.47152],
          [17.41196, 60.4711],
          [17.41151, 60.47067],
          [17.4107, 60.46985],
          [17.41064, 60.4698],
          [17.41063, 60.4698],
          [17.40929, 60.46854],
          [17.40805, 60.46735],
          [17.40737, 60.46664],
          [17.40671, 60.46591],
          [17.40639, 60.4655],
          [17.40611, 60.46515],
          [17.40589, 60.46481],
          [17.4052, 60.46379],
          [17.40506, 60.46356],
          [17.40451, 60.46266],
          [17.40421, 60.46214],
          [17.40394, 60.46169],
          [17.40368, 60.46119],
          [17.40327, 60.4603],
          [17.40293, 60.45943],
          [17.40283, 60.4591],
          [17.40255, 60.45819],
          [17.40231, 60.45729],
          [17.40201, 60.45605],
          [17.40119, 60.45274],
          [17.40117, 60.45263],
          [17.40097, 60.45174],
          [17.40067, 60.45048],
          [17.40037, 60.4493],
          [17.39984, 60.44717],
          [17.39946, 60.44567],
          [17.39766, 60.43827],
          [17.39558, 60.42975],
          [17.39558, 60.42974],
          [17.39548, 60.42934],
          [17.39537, 60.42887],
          [17.39493, 60.42707],
          [17.39478, 60.4264],
          [17.39468, 60.42593],
          [17.39458, 60.42548],
          [17.39449, 60.42501],
          [17.39443, 60.42461],
          [17.39426, 60.42316],
          [17.39422, 60.42235],
          [17.39417, 60.42141],
          [17.39418, 60.42075],
          [17.39419, 60.4204],
          [17.39422, 60.41968],
          [17.39427, 60.41911],
          [17.39437, 60.41828],
          [17.3945, 60.41739],
          [17.3946, 60.41687],
          [17.39488, 60.41565],
          [17.39491, 60.41551],
          [17.39545, 60.41374],
          [17.39613, 60.41194],
          [17.39641, 60.41132],
          [17.39666, 60.4108],
          [17.397, 60.41012],
          [17.39741, 60.40935],
          [17.39745, 60.40928],
          [17.39746, 60.40927],
          [17.39806, 60.40825],
          [17.3989, 60.40693],
          [17.39933, 60.40625],
          [17.39954, 60.40592],
          [17.39954, 60.40592],
          [17.40051, 60.40447],
          [17.40143, 60.40307],
          [17.4035, 60.40005],
          [17.40395, 60.39945],
          [17.40471, 60.39851],
          [17.40478, 60.39844],
          [17.40529, 60.39782],
          [17.40776, 60.39522],
          [17.40923, 60.39386],
          [17.40976, 60.39339],
          [17.41018, 60.39304],
          [17.41076, 60.39254],
          [17.41142, 60.39201],
          [17.41316, 60.39065],
          [17.41331, 60.39055],
          [17.41461, 60.38963],
          [17.41553, 60.38901],
          [17.41698, 60.38804],
          [17.417, 60.38803],
          [17.4171, 60.38796],
          [17.41922, 60.38673],
          [17.4206, 60.38589],
          [17.42206, 60.38509],
          [17.42331, 60.38443],
          [17.42488, 60.38365],
          [17.42995, 60.38115],
          [17.43188, 60.3802],
          [17.43764, 60.3773],
          [17.44384, 60.37429],
          [17.44967, 60.37133],
          [17.4497, 60.37132],
          [17.44983, 60.37125],
          [17.45044, 60.37096],
          [17.45168, 60.37038],
          [17.45364, 60.36954],
          [17.45624, 60.36846],
          [17.46248, 60.36579],
          [17.46411, 60.36511],
          [17.46853, 60.36326],
          [17.47548, 60.36035],
          [17.47792, 60.35932],
          [17.47854, 60.35906],
          [17.47907, 60.35883],
          [17.48262, 60.35726],
          [17.48423, 60.35654],
          [17.48595, 60.35579],
          [17.48667, 60.35545],
          [17.48874, 60.35453],
          [17.48989, 60.35402],
          [17.49148, 60.35331],
          [17.4933, 60.35251],
          [17.49448, 60.35204],
          [17.49474, 60.35194],
          [17.49562, 60.35163],
          [17.49633, 60.35138],
          [17.49719, 60.3511],
          [17.49853, 60.35072],
          [17.49989, 60.35035],
          [17.50023, 60.35027],
          [17.50023, 60.35027],
          [17.50064, 60.35017],
          [17.50265, 60.34966],
          [17.50361, 60.34941],
          [17.50456, 60.34914],
          [17.50548, 60.34886],
          [17.50634, 60.34858],
          [17.5066, 60.34849],
          [17.50719, 60.34828],
          [17.50792, 60.348],
          [17.50863, 60.34772],
          [17.50947, 60.34737],
          [17.51024, 60.34703],
          [17.51106, 60.34668],
          [17.51188, 60.34633],
          [17.51267, 60.34598],
          [17.51323, 60.34574],
          [17.51352, 60.34561],
          [17.5149, 60.34502],
          [17.51637, 60.34439],
          [17.51662, 60.34427],
          [17.51839, 60.34347],
          [17.5194, 60.34297],
          [17.51977, 60.34277],
          [17.52015, 60.34257],
          [17.52072, 60.34225],
          [17.52085, 60.34217],
          [17.52166, 60.34168],
          [17.52245, 60.34119],
          [17.52289, 60.3409],
          [17.52331, 60.3406],
          [17.52388, 60.34018],
          [17.52443, 60.33975],
          [17.52522, 60.33908],
          [17.5255, 60.33883],
          [17.52608, 60.33825],
          [17.5268, 60.33748],
          [17.52705, 60.33719],
          [17.528, 60.33595],
          [17.52885, 60.33475],
          [17.52913, 60.33436],
          [17.52981, 60.33339],
          [17.53081, 60.33198],
          [17.53332, 60.3285],
          [17.53415, 60.32734],
          [17.53454, 60.32683],
          [17.53477, 60.32653],
          [17.53496, 60.32631],
          [17.53533, 60.32587],
          [17.53578, 60.32539],
          [17.53664, 60.32455],
          [17.53719, 60.32405],
          [17.53773, 60.32361],
          [17.53786, 60.3235],
          [17.53835, 60.32312],
          [17.53896, 60.32268],
          [17.53959, 60.32225],
          [17.54016, 60.32188],
          [17.54085, 60.32145],
          [17.54149, 60.32108],
          [17.54221, 60.32068],
          [17.54296, 60.3203],
          [17.54453, 60.31955],
          [17.54534, 60.31919],
          [17.54547, 60.31913],
          [17.54704, 60.31851],
          [17.54966, 60.31757],
          [17.55162, 60.3169],
          [17.55992, 60.31402],
          [17.56041, 60.31386],
          [17.56401, 60.31261],
          [17.5658, 60.31199],
          [17.56843, 60.31108],
          [17.57038, 60.3104],
          [17.57319, 60.30943],
          [17.57319, 60.30943],
          [17.57444, 60.30899],
          [17.57479, 60.30887],
          [17.57609, 60.30842],
          [17.57626, 60.30836],
          [17.57743, 60.30795],
          [17.5798, 60.30713],
          [17.58016, 60.307],
          [17.58078, 60.30677],
          [17.58169, 60.30644],
          [17.58251, 60.30612],
          [17.58348, 60.30571],
          [17.58436, 60.30534],
          [17.58523, 60.30495],
          [17.58608, 60.30455],
          [17.58689, 60.30415],
          [17.58772, 60.30372],
          [17.58838, 60.30335],
          [17.58916, 60.30292],
          [17.58992, 60.30247],
          [17.59062, 60.30204],
          [17.59127, 60.30162],
          [17.59192, 60.30118],
          [17.59253, 60.30075],
          [17.59273, 60.3006],
          [17.59313, 60.3003],
          [17.59371, 60.29985],
          [17.59427, 60.2994],
          [17.59482, 60.29894],
          [17.59814, 60.29614],
          [17.602, 60.2929],
          [17.60509, 60.2903],
          [17.60522, 60.29019],
          [17.60535, 60.29008],
          [17.60636, 60.28923],
          [17.60834, 60.28756],
          [17.6086, 60.28734],
          [17.60913, 60.28688],
          [17.60966, 60.2864],
          [17.61017, 60.28593],
          [17.61065, 60.28545],
          [17.61096, 60.28512],
          [17.6111, 60.28496],
          [17.61158, 60.28442],
          [17.61198, 60.28397],
          [17.61239, 60.28342],
          [17.61274, 60.28291],
          [17.61307, 60.28239],
          [17.61338, 60.28188],
          [17.61366, 60.28136],
          [17.61391, 60.28085],
          [17.61415, 60.28033],
          [17.61561, 60.27662],
          [17.61567, 60.27647],
          [17.61715, 60.27268],
          [17.6173, 60.27235],
          [17.61754, 60.27182],
          [17.61782, 60.27127],
          [17.61814, 60.27073],
          [17.6185, 60.27019],
          [17.61887, 60.26966],
          [17.61927, 60.26916],
          [17.61972, 60.26863],
          [17.62016, 60.26816],
          [17.62045, 60.26788],
          [17.62072, 60.2676],
          [17.62118, 60.26716],
          [17.62133, 60.26703],
          [17.6224, 60.26614],
          [17.62303, 60.26567],
          [17.62369, 60.26521],
          [17.62439, 60.26474],
          [17.6282, 60.26243],
          [17.6282, 60.26243],
          [17.62949, 60.26164],
          [17.63113, 60.26065],
          [17.63139, 60.26049],
          [17.63403, 60.2589],
          [17.63478, 60.25844],
          [17.63704, 60.25707],
          [17.6383, 60.25632],
          [17.63859, 60.25614],
          [17.63874, 60.25605],
          [17.64012, 60.25523],
          [17.64262, 60.25371],
          [17.64295, 60.25351],
          [17.64444, 60.2526],
          [17.64496, 60.25228],
          [17.64635, 60.25144],
          [17.64908, 60.2498],
          [17.65246, 60.24775],
          [17.65404, 60.2468],
          [17.65551, 60.24591],
          [17.656, 60.24562],
          [17.65849, 60.24414],
          [17.65988, 60.24336],
          [17.66115, 60.2427],
          [17.66262, 60.24198],
          [17.66378, 60.24146],
          [17.66529, 60.24082],
          [17.66643, 60.24036],
          [17.66713, 60.24009],
          [17.66869, 60.23953],
          [17.67015, 60.23902],
          [17.67232, 60.23832],
          [17.67409, 60.23782],
          [17.6762, 60.23725],
          [17.67703, 60.23704],
          [17.67792, 60.23682],
          [17.68204, 60.23583],
          [17.6835, 60.23548],
          [17.6848, 60.23517],
          [17.6848, 60.23517],
          [17.6881, 60.23439],
          [17.69087, 60.23372],
          [17.691, 60.23369],
          [17.69216, 60.23338],
          [17.69382, 60.23292],
          [17.6948, 60.23263],
          [17.69594, 60.23226],
          [17.69693, 60.23193],
          [17.69788, 60.23159],
          [17.69794, 60.23157],
          [17.70043, 60.23057],
          [17.70255, 60.22971],
          [17.70386, 60.22917],
          [17.70489, 60.22875],
          [17.70638, 60.22814],
          [17.70667, 60.22802],
          [17.70806, 60.22746],
          [17.7093, 60.22694],
          [17.71118, 60.22616],
          [17.7119, 60.22586],
          [17.71341, 60.22521],
          [17.71389, 60.22497],
          [17.71451, 60.22465],
          [17.71498, 60.22439],
          [17.71511, 60.22432],
          [17.71555, 60.22406],
          [17.7161, 60.22372],
          [17.71638, 60.22354],
          [17.71725, 60.22296],
          [17.71819, 60.22229],
          [17.71888, 60.22176],
          [17.71988, 60.2209],
          [17.72038, 60.22044],
          [17.72105, 60.21975],
          [17.72189, 60.21875],
          [17.72218, 60.21837],
          [17.72259, 60.2178],
          [17.72297, 60.21716],
          [17.72352, 60.21612],
          [17.72379, 60.21551],
          [17.72431, 60.21425],
          [17.7247, 60.21319],
          [17.72585, 60.21001],
          [17.72632, 60.20872],
          [17.72673, 60.2076],
          [17.7272, 60.20632],
          [17.72779, 60.20471],
          [17.72817, 60.20364],
          [17.72907, 60.20118],
          [17.73099, 60.1958],
          [17.73112, 60.19538],
          [17.73128, 60.19484],
          [17.7314, 60.19437],
          [17.7318, 60.19232],
          [17.73189, 60.19186],
          [17.7322, 60.19007],
          [17.7323, 60.18905],
          [17.73231, 60.1885],
          [17.73231, 60.18811],
          [17.73216, 60.18602],
          [17.732, 60.18449],
          [17.73197, 60.18425],
          [17.73193, 60.18361],
          [17.73192, 60.18335],
          [17.73193, 60.18316],
          [17.73194, 60.18295],
          [17.73201, 60.18185],
          [17.73208, 60.18132],
          [17.73218, 60.18074],
          [17.73266, 60.17892],
          [17.73299, 60.178],
          [17.73337, 60.17711],
          [17.73439, 60.1745],
          [17.73495, 60.17313],
          [17.73573, 60.17114],
          [17.73654, 60.16913],
          [17.73764, 60.16569],
          [17.73779, 60.16527],
          [17.73819, 60.16409],
          [17.73856, 60.16303],
          [17.73912, 60.16142],
          [17.74063, 60.15684],
          [17.74144, 60.15444],
          [17.74165, 60.15376],
          [17.74193, 60.15233],
          [17.7421, 60.15089],
          [17.7422, 60.14791],
          [17.74227, 60.14623],
          [17.74236, 60.14379],
          [17.7424, 60.14279],
          [17.74232, 60.14062],
          [17.74232, 60.14062],
          [17.74221, 60.13891],
          [17.74214, 60.13788],
          [17.74211, 60.1373],
          [17.74191, 60.13407],
          [17.74192, 60.13329],
          [17.74197, 60.13117],
          [17.74201, 60.1303],
          [17.74202, 60.12993],
          [17.74208, 60.12843],
          [17.74218, 60.12521],
          [17.74228, 60.1222],
          [17.74231, 60.12121],
          [17.74232, 60.12088],
          [17.74262, 60.11191],
          [17.74264, 60.11136],
          [17.74279, 60.10659],
          [17.74282, 60.10578],
          [17.74277, 60.10496],
          [17.7427, 60.10395],
          [17.74264, 60.10343],
          [17.74259, 60.10309],
          [17.74218, 60.10015],
          [17.74203, 60.09908],
          [17.74134, 60.09414],
          [17.74058, 60.08904],
          [17.74047, 60.08854],
          [17.74032, 60.08796],
          [17.74014, 60.08735],
          [17.73991, 60.08675],
          [17.73929, 60.08524],
          [17.73915, 60.08489],
          [17.73912, 60.08481],
          [17.73712, 60.07993],
          [17.7366, 60.07867],
          [17.73613, 60.07752],
          [17.73582, 60.07677],
          [17.73569, 60.07644],
          [17.73329, 60.07057],
          [17.73212, 60.06765],
          [17.729, 60.06016],
          [17.7285, 60.05887],
          [17.72793, 60.05748],
          [17.72776, 60.05693],
          [17.72767, 60.0566],
          [17.72753, 60.05608],
          [17.72743, 60.05556],
          [17.72735, 60.05492],
          [17.72731, 60.05427],
          [17.72759, 60.05176],
          [17.72767, 60.05127],
          [17.72767, 60.05127],
          [17.72784, 60.04999],
          [17.72805, 60.04847],
          [17.72823, 60.04711],
          [17.72858, 60.04566],
          [17.72929, 60.04369],
          [17.73006, 60.04177],
          [17.73014, 60.04158],
          [17.73024, 60.04132],
          [17.7308, 60.03986],
          [17.73119, 60.03886],
          [17.73154, 60.03797],
          [17.73202, 60.03675],
          [17.73244, 60.03555],
          [17.73247, 60.03546],
          [17.73262, 60.035],
          [17.73273, 60.03449],
          [17.73281, 60.03407],
          [17.73288, 60.03356],
          [17.73292, 60.03306],
          [17.73292, 60.03246],
          [17.73292, 60.03205],
          [17.73286, 60.03143],
          [17.7326, 60.03023],
          [17.7322, 60.02887],
          [17.73177, 60.02773],
          [17.73125, 60.02619],
          [17.73095, 60.02537],
          [17.73067, 60.02459],
          [17.7303, 60.0236],
          [17.7299, 60.02251],
          [17.72983, 60.02229],
          [17.72949, 60.02135],
          [17.72932, 60.02048],
          [17.72925, 60.01959],
          [17.72918, 60.01694],
          [17.72912, 60.01629],
          [17.72904, 60.01576],
          [17.72889, 60.01516],
          [17.72875, 60.01477],
          [17.72871, 60.01468],
          [17.72867, 60.01458],
          [17.72825, 60.01371],
          [17.72801, 60.01328],
          [17.72722, 60.01204],
          [17.72598, 60.01032],
          [17.72575, 60.00989],
          [17.72556, 60.00945],
          [17.72539, 60.00892],
          [17.72525, 60.0084],
          [17.7252, 60.00765],
          [17.7252, 60.00737],
          [17.72527, 60.00647],
          [17.72536, 60.00598],
          [17.72555, 60.00496],
          [17.72601, 60.00347],
          [17.72619, 60.00282],
          [17.7265, 60.00181],
          [17.72652, 60.00127],
          [17.72652, 60.00116],
          [17.72652, 60.00116],
          [17.72651, 60.00072],
          [17.72637, 59.99943],
          [17.72606, 59.99801],
          [17.72577, 59.99704],
          [17.72549, 59.99613],
          [17.72521, 59.99514],
          [17.72473, 59.99343],
          [17.72467, 59.99321],
          [17.72452, 59.99236],
          [17.72446, 59.99191],
          [17.72434, 59.99067],
          [17.72427, 59.98949],
          [17.72417, 59.98812],
          [17.72391, 59.98437],
          [17.72373, 59.98157],
          [17.72357, 59.97941],
          [17.72353, 59.97918],
          [17.72341, 59.9784],
          [17.72311, 59.97737],
          [17.72262, 59.97627],
          [17.72208, 59.97522],
          [17.72121, 59.97396],
          [17.72015, 59.97276],
          [17.7187, 59.97118],
          [17.71819, 59.97064],
          [17.71726, 59.96967],
          [17.71548, 59.96779],
          [17.71546, 59.96776],
          [17.71501, 59.96726],
          [17.71452, 59.96672],
          [17.71392, 59.96608],
          [17.71178, 59.96368],
          [17.71162, 59.96351],
          [17.71065, 59.96245],
          [17.71042, 59.9622],
          [17.70932, 59.96102],
          [17.70866, 59.96016],
          [17.70829, 59.9596],
          [17.70787, 59.95897],
          [17.70773, 59.95878],
          [17.70714, 59.95777],
          [17.70714, 59.95777],
          [17.70688, 59.95721],
          [17.70669, 59.95691],
          [17.70646, 59.95655],
          [17.70639, 59.95644],
          [17.70634, 59.95634],
          [17.70574, 59.95536],
          [17.70517, 59.95444],
          [17.70475, 59.95386],
          [17.70453, 59.95357],
          [17.70432, 59.9533],
          [17.70395, 59.95288],
          [17.70296, 59.9519],
          [17.7027, 59.95167],
          [17.70189, 59.95102],
          [17.70004, 59.94956],
          [17.69932, 59.94895],
          [17.69779, 59.94784],
          [17.69605, 59.94646],
          [17.69595, 59.94638],
          [17.69595, 59.94638],
          [17.69566, 59.94613],
          [17.69435, 59.94509],
          [17.69301, 59.94403],
          [17.69256, 59.94367],
          [17.69184, 59.9431],
          [17.68935, 59.94104],
          [17.68627, 59.93866],
          [17.68575, 59.93826],
          [17.68257, 59.9357],
          [17.67977, 59.93346],
          [17.67909, 59.93291],
          [17.67873, 59.93261],
          [17.67838, 59.93228],
          [17.67799, 59.9319],
          [17.67745, 59.93131],
          [17.67714, 59.93096],
          [17.6762, 59.92972],
          [17.67496, 59.92802],
          [17.67407, 59.92679],
          [17.6732, 59.92559],
          [17.67248, 59.9246],
          [17.67175, 59.92359],
          [17.67119, 59.92286],
          [17.67095, 59.92255],
          [17.67041, 59.92186],
          [17.67013, 59.92152],
          [17.66984, 59.92119],
          [17.66911, 59.92047],
          [17.66786, 59.91944],
          [17.66664, 59.91856],
          [17.66572, 59.91799],
          [17.66361, 59.91671],
          [17.66103, 59.91513],
          [17.65993, 59.91446],
          [17.65752, 59.913],
          [17.65492, 59.9114],
          [17.65492, 59.9114],
          [17.65388, 59.91077],
          [17.6537, 59.91067],
          [17.65274, 59.91008],
          [17.65093, 59.90898],
          [17.64967, 59.90821],
          [17.6495, 59.90811],
          [17.64856, 59.90754],
          [17.64799, 59.90719],
          [17.64681, 59.90643],
          [17.6468, 59.90642],
          [17.64654, 59.90625],
          [17.64519, 59.90537],
          [17.64335, 59.90396],
          [17.64191, 59.9027],
          [17.64028, 59.90103],
          [17.6388, 59.8995],
          [17.6372, 59.89791],
          [17.63632, 59.89702],
          [17.63564, 59.89605],
          [17.63512, 59.89528],
          [17.63464, 59.89444],
          [17.6341, 59.89331],
          [17.63386, 59.8927],
          [17.63373, 59.89237],
          [17.63338, 59.89137],
          [17.63317, 59.89048],
          [17.63304, 59.88963],
          [17.63303, 59.88941],
          [17.633, 59.88854],
          [17.63308, 59.8876],
          [17.63337, 59.88619],
          [17.63418, 59.88382],
          [17.63499, 59.88142],
          [17.63512, 59.88085],
          [17.6352, 59.88048],
          [17.63526, 59.88015],
          [17.63531, 59.87969],
          [17.63537, 59.87925],
          [17.63541, 59.8787],
          [17.63544, 59.87803],
          [17.63547, 59.87765],
          [17.63547, 59.87765],
          [17.6355, 59.87724],
          [17.63554, 59.87674],
          [17.63556, 59.8762],
          [17.63558, 59.87581],
          [17.63559, 59.87536],
          [17.63562, 59.87487],
          [17.63562, 59.87483],
          [17.63567, 59.87336],
          [17.63568, 59.87282],
          [17.6357, 59.87242],
          [17.63572, 59.87174],
          [17.63574, 59.87114],
          [17.63576, 59.87057],
          [17.63578, 59.86998],
          [17.6358, 59.86939],
          [17.63582, 59.86881],
          [17.63584, 59.86826],
          [17.63586, 59.86778],
          [17.63587, 59.86729],
          [17.63588, 59.86685],
          [17.63591, 59.86642],
          [17.63595, 59.86603],
          [17.63598, 59.86591],
          [17.63603, 59.86568],
          [17.63605, 59.86562],
          [17.63612, 59.86541],
          [17.63623, 59.86518],
          [17.63632, 59.86498],
          [17.63644, 59.8648],
          [17.63656, 59.86464],
          [17.63662, 59.86456],
          [17.63681, 59.86436],
          [17.6371, 59.86409],
          [17.63737, 59.86387],
          [17.63764, 59.86367],
          [17.638, 59.86343],
          [17.63835, 59.86321],
          [17.63913, 59.86278],
          [17.63922, 59.86273],
          [17.63928, 59.86269],
          [17.63938, 59.86264],
          [17.6398, 59.86241],
          [17.64127, 59.86157],
          [17.6416, 59.86138],
          [17.64174, 59.8613],
          [17.64186, 59.86124],
          [17.64269, 59.86077],
          [17.64293, 59.86063],
          [17.64293, 59.86063],
          [17.64298, 59.8606],
          [17.64332, 59.86041],
          [17.64352, 59.86031],
          [17.64384, 59.86013],
          [17.64417, 59.85995],
          [17.64441, 59.85981],
          [17.64441, 59.85981],
          [17.64488, 59.85956],
          [17.64488, 59.85956],
          [17.64563, 59.85914],
          [17.64626, 59.85879],
          [17.64659, 59.8586],
          [17.64726, 59.85823],
          [17.6475, 59.8581],
          [17.64816, 59.85772],
          [17.64885, 59.85732],
          [17.64963, 59.85686],
          [17.65016, 59.85655],
          [17.6507, 59.85624],
          [17.651, 59.85606],
          [17.65151, 59.85577],
          [17.65195, 59.85553],
          [17.65219, 59.85541],
          [17.65223, 59.85539],
          [17.65262, 59.85519],
          [17.65307, 59.85496],
          [17.65367, 59.85464],
          [17.65404, 59.85444],
          [17.65439, 59.85427],
          [17.65491, 59.854],
          [17.65564, 59.85361],
          [17.65581, 59.85353],
          [17.65581, 59.85353],
          [17.65616, 59.85334],
          [17.65762, 59.85258],
          [17.65787, 59.85245],
          [17.65793, 59.85242],
          [17.65793, 59.85242],
          [17.65989, 59.8514],
          [17.66125, 59.85069],
          [17.66186, 59.85037],
          [17.66309, 59.84973],
          [17.66385, 59.84934],
          [17.66454, 59.84897],
          [17.66473, 59.84887],
          [17.66473, 59.84887],
          [17.66679, 59.8478],
          [17.6677, 59.84733],
          [17.6684, 59.84697],
          [17.66857, 59.84687],
          [17.66908, 59.84661],
          [17.66974, 59.84627],
          [17.67046, 59.84589],
          [17.67067, 59.84578],
          [17.67154, 59.84533],
          [17.67222, 59.84498],
          [17.67334, 59.84438],
          [17.67484, 59.84361],
          [17.6763, 59.84284],
          [17.67702, 59.84247],
          [17.67777, 59.84208],
          [17.67851, 59.84168],
          [17.67927, 59.84129],
          [17.68001, 59.8409],
          [17.68037, 59.84072],
          [17.68094, 59.84042],
          [17.68149, 59.84013],
          [17.68224, 59.83975],
          [17.68298, 59.83936],
          [17.68447, 59.83858],
          [17.68594, 59.83781],
          [17.68743, 59.83703],
          [17.68892, 59.83625],
          [17.69041, 59.83548],
          [17.69131, 59.835],
          [17.69259, 59.83434],
          [17.69336, 59.83393],
          [17.69407, 59.83357],
          [17.69482, 59.83317],
          [17.69556, 59.83279],
          [17.69631, 59.83239],
          [17.69705, 59.832],
          [17.69779, 59.83162],
          [17.69855, 59.83123],
          [17.69857, 59.83121],
          [17.69929, 59.83083],
          [17.70143, 59.82972],
          [17.70204, 59.8294],
          [17.70242, 59.8292],
          [17.70284, 59.82898],
          [17.70339, 59.82869],
          [17.70339, 59.82869],
          [17.70381, 59.82846],
          [17.70464, 59.82803],
          [17.70566, 59.82749],
          [17.70596, 59.82733],
          [17.70669, 59.82693],
          [17.70672, 59.82691],
          [17.70775, 59.82635],
          [17.70883, 59.82574],
          [17.70953, 59.82533],
          [17.71022, 59.82492],
          [17.71091, 59.82451],
          [17.71159, 59.82409],
          [17.71228, 59.82368],
          [17.71294, 59.82326],
          [17.71358, 59.82285],
          [17.71425, 59.82243],
          [17.71491, 59.82199],
          [17.71554, 59.82156],
          [17.71618, 59.82113],
          [17.71681, 59.82069],
          [17.71698, 59.82057],
          [17.71743, 59.82025],
          [17.71806, 59.8198],
          [17.71866, 59.81935],
          [17.71926, 59.81891],
          [17.71987, 59.81848],
          [17.72048, 59.81802],
          [17.7205, 59.81801],
          [17.72108, 59.81758],
          [17.72165, 59.81713],
          [17.72223, 59.81668],
          [17.72278, 59.81622],
          [17.72332, 59.81574],
          [17.72381, 59.81529],
          [17.72402, 59.81511],
          [17.72477, 59.81441],
          [17.72522, 59.81399],
          [17.72565, 59.8136],
          [17.72615, 59.81313],
          [17.72635, 59.81295],
          [17.72664, 59.81267],
          [17.72716, 59.81219],
          [17.72763, 59.81176],
          [17.72809, 59.81135],
          [17.72862, 59.81087],
          [17.72919, 59.81032],
          [17.73178, 59.80792],
          [17.73194, 59.80778],
          [17.73292, 59.80687],
          [17.73339, 59.80642],
          [17.73385, 59.80599],
          [17.73434, 59.80554],
          [17.73482, 59.8051],
          [17.73485, 59.80507],
          [17.73529, 59.80467],
          [17.73529, 59.80467],
          [17.73576, 59.80424],
          [17.73627, 59.80379],
          [17.73679, 59.80337],
          [17.73732, 59.80294],
          [17.73785, 59.8025],
          [17.73837, 59.80207],
          [17.73894, 59.80161],
          [17.73949, 59.80116],
          [17.74005, 59.8007],
          [17.74062, 59.80023],
          [17.74118, 59.79977],
          [17.74172, 59.79932],
          [17.74229, 59.79886],
          [17.74286, 59.7984],
          [17.74325, 59.79809],
          [17.74338, 59.79798],
          [17.74408, 59.7974],
          [17.7479, 59.79426],
          [17.74873, 59.79345],
          [17.74876, 59.79341],
          [17.74889, 59.79328],
          [17.74925, 59.79287],
          [17.74957, 59.79245],
          [17.75016, 59.79159],
          [17.75075, 59.79037],
          [17.7511, 59.78927],
          [17.75111, 59.78925],
          [17.75199, 59.78668],
          [17.75283, 59.78426],
          [17.75415, 59.78041],
          [17.75437, 59.77977],
          [17.75438, 59.77975],
          [17.75503, 59.77788],
          [17.75503, 59.77788],
          [17.75547, 59.77659],
          [17.75561, 59.77617],
          [17.75636, 59.77392],
          [17.75637, 59.7739],
          [17.75697, 59.77216],
          [17.75719, 59.77152],
          [17.75783, 59.76953],
          [17.75845, 59.76772],
          [17.75859, 59.76731],
          [17.75882, 59.76667],
          [17.75913, 59.76589],
          [17.7596, 59.76468],
          [17.75989, 59.76394],
          [17.76038, 59.76269],
          [17.76056, 59.7622],
          [17.76099, 59.76113],
          [17.76137, 59.76018],
          [17.76138, 59.76015],
          [17.76158, 59.75963],
          [17.76205, 59.75842],
          [17.76214, 59.7582],
          [17.76234, 59.75781],
          [17.76272, 59.75718],
          [17.76327, 59.75627],
          [17.76384, 59.75541],
          [17.76404, 59.75507],
          [17.76472, 59.754],
          [17.76593, 59.75211],
          [17.76612, 59.75181],
          [17.76769, 59.74928],
          [17.76812, 59.74859],
          [17.76893, 59.74734],
          [17.76921, 59.74689],
          [17.76925, 59.74684],
          [17.76956, 59.74632],
          [17.76987, 59.74583],
          [17.77012, 59.74547],
          [17.77058, 59.74486],
          [17.77113, 59.74421],
          [17.77181, 59.74346],
          [17.77239, 59.74281],
          [17.77348, 59.74154],
          [17.77449, 59.74035],
          [17.77513, 59.73961],
          [17.77546, 59.73921],
          [17.7762, 59.73834],
          [17.77718, 59.73722],
          [17.77768, 59.73665],
          [17.7789, 59.73522],
          [17.77924, 59.73482],
          [17.77952, 59.7345],
          [17.78043, 59.73343],
          [17.78252, 59.73098],
          [17.7826, 59.73088],
          [17.78319, 59.73021],
          [17.78351, 59.72984],
          [17.78351, 59.72984],
          [17.78363, 59.7297],
          [17.78387, 59.72938],
          [17.7842, 59.72897],
          [17.78528, 59.72759],
          [17.78584, 59.72693],
          [17.78632, 59.72641],
          [17.78689, 59.72576],
          [17.78787, 59.72442],
          [17.78823, 59.72391],
          [17.78832, 59.72379],
          [17.7884, 59.7237],
          [17.78859, 59.72345],
          [17.78868, 59.72332],
          [17.78891, 59.72298],
          [17.78925, 59.72253],
          [17.79015, 59.72134],
          [17.79073, 59.72058],
          [17.79105, 59.72018],
          [17.79105, 59.72018],
          [17.79115, 59.72006],
          [17.79188, 59.71921],
          [17.79266, 59.71818],
          [17.79338, 59.71717],
          [17.79378, 59.71666],
          [17.79552, 59.71454],
          [17.79608, 59.7137],
          [17.7967, 59.71281],
          [17.79705, 59.71221],
          [17.79797, 59.71059],
          [17.79892, 59.70874],
          [17.79976, 59.70693],
          [17.79977, 59.70689],
          [17.80098, 59.7045],
          [17.80123, 59.70396],
          [17.80147, 59.70354],
          [17.80167, 59.70323],
          [17.80202, 59.70273],
          [17.80375, 59.70054],
          [17.80585, 59.69769],
          [17.80639, 59.69684],
          [17.80666, 59.69637],
          [17.80688, 59.69589],
          [17.80718, 59.69522],
          [17.80725, 59.69507],
          [17.80728, 59.69501],
          [17.80728, 59.69501],
          [17.80783, 59.69376],
          [17.8081, 59.69307],
          [17.80831, 59.69261],
          [17.8086, 59.69192],
          [17.80893, 59.69122],
          [17.8092, 59.69068],
          [17.80952, 59.69012],
          [17.80987, 59.68957],
          [17.8102, 59.68912],
          [17.81052, 59.68869],
          [17.81089, 59.68825],
          [17.81128, 59.6878],
          [17.81182, 59.68726],
          [17.81224, 59.68684],
          [17.81256, 59.68655],
          [17.81302, 59.68615],
          [17.81349, 59.68576],
          [17.81429, 59.68515],
          [17.81511, 59.68457],
          [17.81615, 59.68392],
          [17.81707, 59.68338],
          [17.81746, 59.68316],
          [17.81863, 59.68251],
          [17.81906, 59.68228],
          [17.82022, 59.68166],
          [17.82022, 59.68166],
          [17.82309, 59.68014],
          [17.82388, 59.67972],
          [17.82414, 59.67959],
          [17.82527, 59.67899],
          [17.8258, 59.67873],
          [17.82672, 59.67829],
          [17.8275, 59.67794],
          [17.82775, 59.67783],
          [17.82792, 59.67775],
          [17.82824, 59.67761],
          [17.82862, 59.67745],
          [17.82908, 59.67728],
          [17.83039, 59.67678],
          [17.83103, 59.67656],
          [17.83141, 59.67644],
          [17.83229, 59.67614],
          [17.8329, 59.67596],
          [17.83403, 59.67565],
          [17.83537, 59.67528],
          [17.83657, 59.67499],
          [17.83789, 59.67472],
          [17.83928, 59.67446],
          [17.84086, 59.67422],
          [17.84254, 59.67399],
          [17.84346, 59.67389],
          [17.84416, 59.67382],
          [17.84566, 59.67369],
          [17.84798, 59.67355],
          [17.84936, 59.67346],
          [17.85202, 59.67332],
          [17.85392, 59.6732],
          [17.85434, 59.67317],
          [17.8565, 59.67306],
          [17.85754, 59.67302],
          [17.85945, 59.67295],
          [17.85991, 59.67294],
          [17.86099, 59.67292],
          [17.86231, 59.6729],
          [17.86369, 59.67295],
          [17.86515, 59.67303],
          [17.8656, 59.67306],
          [17.86827, 59.67324],
          [17.87097, 59.67345],
          [17.87253, 59.67358],
          [17.87638, 59.67386],
          [17.8798, 59.67412],
          [17.88208, 59.67431],
          [17.88332, 59.67441],
          [17.88366, 59.67444],
          [17.88382, 59.67445],
          [17.88508, 59.67453],
          [17.88732, 59.6747],
          [17.88959, 59.67483],
          [17.89126, 59.67488],
          [17.89196, 59.6749],
          [17.89295, 59.67492],
          [17.89485, 59.67494],
          [17.89644, 59.67493],
          [17.89809, 59.6749],
          [17.89962, 59.67485],
          [17.9012, 59.67479],
          [17.90131, 59.67478],
          [17.90293, 59.67469],
          [17.90312, 59.67468],
          [17.90407, 59.6746],
          [17.90556, 59.67448],
          [17.90695, 59.67435],
          [17.90896, 59.67414],
          [17.91124, 59.67385],
          [17.91343, 59.67352],
          [17.91549, 59.67315],
          [17.91642, 59.67294],
          [17.91729, 59.67275],
          [17.91782, 59.67261],
          [17.91833, 59.67247],
          [17.91934, 59.67218],
          [17.91942, 59.67216],
          [17.91946, 59.67215],
          [17.91985, 59.67203],
          [17.9207, 59.67175],
          [17.92213, 59.67122],
          [17.92291, 59.67089],
          [17.92372, 59.6705],
          [17.92422, 59.67024],
          [17.92492, 59.66984],
          [17.92573, 59.66933],
          [17.92717, 59.66836],
          [17.92838, 59.66736],
          [17.92947, 59.66623],
          [17.92966, 59.66603],
          [17.92998, 59.66565],
          [17.93066, 59.66472],
          [17.93094, 59.66425],
          [17.93149, 59.66323],
          [17.93162, 59.66291],
          [17.93184, 59.6621],
          [17.93196, 59.66159],
          [17.93207, 59.66101],
          [17.93212, 59.66064],
          [17.93215, 59.66026],
          [17.93216, 59.6595],
          [17.93193, 59.65851],
          [17.93152, 59.65725],
          [17.93142, 59.65697],
          [17.92948, 59.65227],
          [17.9286, 59.64943],
          [17.92828, 59.64843],
          [17.92651, 59.6429],
          [17.92621, 59.64189],
          [17.92619, 59.64183],
          [17.92619, 59.64183],
          [17.92618, 59.64179],
          [17.92547, 59.63964],
          [17.92325, 59.63152],
          [17.92306, 59.6309],
          [17.92233, 59.6286],
          [17.92233, 59.6286],
          [17.92244, 59.62936],
          [17.92244, 59.62936],
          [17.92265, 59.63009],
          [17.92265, 59.63009],
          [17.92264, 59.63093],
          [17.92265, 59.63221],
          [17.92263, 59.63273],
          [17.92279, 59.63348],
          [17.9231, 59.63455],
          [17.92343, 59.63549],
          [17.92416, 59.63666],
          [17.92543, 59.63861],
          [17.92589, 59.63967],
          [17.92649, 59.64106],
          [17.92871, 59.64752],
          [17.92871, 59.64752]
        ]
      }
    },
    {
      "type": "Feature",
      "properties": { "name": "Bath, UK", "icon": null, "type": "train", "order": 2 },
      "geometry": {
        "type": "LineString",
        "coordinates": [
          [-2.36078, 51.37727],
          [-2.36048, 51.37724],
          [-2.36038, 51.37723],
          [-2.36018, 51.37721],
          [-2.36001, 51.3772],
          [-2.35985, 51.37719],
          [-2.35966, 51.37718],
          [-2.35946, 51.37718],
          [-2.35926, 51.37719],
          [-2.35904, 51.37719],
          [-2.35885, 51.37721],
          [-2.35871, 51.37722],
          [-2.35847, 51.37724],
          [-2.35819, 51.37728],
          [-2.35801, 51.37731],
          [-2.35779, 51.37735],
          [-2.35756, 51.37741],
          [-2.35729, 51.37748],
          [-2.35675, 51.37763],
          [-2.35636, 51.37775],
          [-2.35616, 51.37782],
          [-2.35587, 51.37792],
          [-2.35562, 51.37802],
          [-2.35542, 51.3781],
          [-2.35494, 51.37833],
          [-2.35462, 51.37849],
          [-2.35424, 51.37867],
          [-2.35393, 51.37883],
          [-2.35352, 51.37907],
          [-2.35322, 51.37925],
          [-2.35295, 51.37942],
          [-2.35268, 51.37962],
          [-2.35244, 51.3798],
          [-2.35227, 51.37992],
          [-2.35184, 51.38028],
          [-2.35156, 51.38054],
          [-2.35127, 51.38082],
          [-2.351, 51.38113],
          [-2.35087, 51.38128],
          [-2.35075, 51.38143],
          [-2.35053, 51.38173],
          [-2.35036, 51.382],
          [-2.35004, 51.38257],
          [-2.34981, 51.38306],
          [-2.3497, 51.38335],
          [-2.34966, 51.38353],
          [-2.34951, 51.38413],
          [-2.34939, 51.3846],
          [-2.34924, 51.38519],
          [-2.34883, 51.38688],
          [-2.34875, 51.38715],
          [-2.34857, 51.38754],
          [-2.34851, 51.38771],
          [-2.34849, 51.38775],
          [-2.34834, 51.38806],
          [-2.34821, 51.38828],
          [-2.34803, 51.38853],
          [-2.34787, 51.38876],
          [-2.34752, 51.38919],
          [-2.34739, 51.38933],
          [-2.34728, 51.38944],
          [-2.3471, 51.38962],
          [-2.34693, 51.38978],
          [-2.3466, 51.39007],
          [-2.3464, 51.39022],
          [-2.34619, 51.39038],
          [-2.34562, 51.39077],
          [-2.34538, 51.39091],
          [-2.34514, 51.39105],
          [-2.34483, 51.39121],
          [-2.34454, 51.39136],
          [-2.3442, 51.39152],
          [-2.34386, 51.39166],
          [-2.34357, 51.39178],
          [-2.34333, 51.39187],
          [-2.34283, 51.39205],
          [-2.34238, 51.39219],
          [-2.34167, 51.39239],
          [-2.34152, 51.39243],
          [-2.3394, 51.39295],
          [-2.33854, 51.39316],
          [-2.3384, 51.39319],
          [-2.33544, 51.39396],
          [-2.33261, 51.39472],
          [-2.33261, 51.39472],
          [-2.32994, 51.3955],
          [-2.32798, 51.3961],
          [-2.32687, 51.39644],
          [-2.32463, 51.39717],
          [-2.32396, 51.39739],
          [-2.32396, 51.39739],
          [-2.32324, 51.39762],
          [-2.32178, 51.3981],
          [-2.32178, 51.3981],
          [-2.32096, 51.39837],
          [-2.3202, 51.39862],
          [-2.31832, 51.39923],
          [-2.31464, 51.40044],
          [-2.31073, 51.40172],
          [-2.31002, 51.40194],
          [-2.30932, 51.40217],
          [-2.30908, 51.40225],
          [-2.30834, 51.4025],
          [-2.30761, 51.40273],
          [-2.30683, 51.40296],
          [-2.30605, 51.40319],
          [-2.30554, 51.40333],
          [-2.30502, 51.40346],
          [-2.30449, 51.40358],
          [-2.30396, 51.4037],
          [-2.30277, 51.40393],
          [-2.30263, 51.40396],
          [-2.30167, 51.40411],
          [-2.30084, 51.40422],
          [-2.29988, 51.40433],
          [-2.29923, 51.40438],
          [-2.29855, 51.40443],
          [-2.29713, 51.4045],
          [-2.29627, 51.40454],
          [-2.29569, 51.40458],
          [-2.29511, 51.40463],
          [-2.2946, 51.40467],
          [-2.29413, 51.40473],
          [-2.29356, 51.4048],
          [-2.29306, 51.40488],
          [-2.29241, 51.40499],
          [-2.29184, 51.4051],
          [-2.29126, 51.40524],
          [-2.29069, 51.40537],
          [-2.29017, 51.40551],
          [-2.2894, 51.40573],
          [-2.28867, 51.40597],
          [-2.28791, 51.40625],
          [-2.28753, 51.4064],
          [-2.28716, 51.40654],
          [-2.28656, 51.40681],
          [-2.28594, 51.4071],
          [-2.28549, 51.40734],
          [-2.28497, 51.40762],
          [-2.28468, 51.40779],
          [-2.28452, 51.40788],
          [-2.28414, 51.40812],
          [-2.28384, 51.40832],
          [-2.28327, 51.40872],
          [-2.28284, 51.40906],
          [-2.28242, 51.40941],
          [-2.28203, 51.40977],
          [-2.28166, 51.41013],
          [-2.28111, 51.41071],
          [-2.28025, 51.41166],
          [-2.27971, 51.41219],
          [-2.27914, 51.41269],
          [-2.27852, 51.41317],
          [-2.27819, 51.41341],
          [-2.27784, 51.41365],
          [-2.27699, 51.41418],
          [-2.27654, 51.41443],
          [-2.2761, 51.41466],
          [-2.27517, 51.4151],
          [-2.27466, 51.41531],
          [-2.27415, 51.4155],
          [-2.27347, 51.41575],
          [-2.27274, 51.41598],
          [-2.27201, 51.41619],
          [-2.27125, 51.41638],
          [-2.26999, 51.41664],
          [-2.26914, 51.41677],
          [-2.26821, 51.41689],
          [-2.26693, 51.417],
          [-2.26561, 51.41707],
          [-2.26529, 51.41709],
          [-2.26451, 51.4171],
          [-2.26371, 51.41714],
          [-2.26298, 51.41717],
          [-2.26224, 51.41722],
          [-2.26167, 51.41726],
          [-2.26116, 51.4173],
          [-2.25852, 51.41759],
          [-2.25693, 51.41777],
          [-2.2558, 51.4179],
          [-2.25495, 51.41799],
          [-2.25345, 51.41816],
          [-2.25272, 51.41825],
          [-2.25254, 51.41826],
          [-2.24691, 51.41892],
          [-2.23579, 51.42018],
          [-2.20561, 51.42366],
          [-2.2005, 51.42424],
          [-2.19502, 51.42497],
          [-2.19373, 51.42514],
          [-2.19125, 51.42552],
          [-2.18951, 51.42577],
          [-2.1892, 51.42582],
          [-2.18843, 51.42593],
          [-2.18742, 51.42609],
          [-2.18681, 51.42618],
          [-2.18635, 51.42624],
          [-2.18518, 51.4264],
          [-2.18449, 51.42648],
          [-2.18342, 51.42659],
          [-2.18247, 51.42668],
          [-2.18162, 51.42675],
          [-2.17872, 51.42695],
          [-2.17708, 51.42703],
          [-2.17573, 51.42705],
          [-2.1743, 51.42709],
          [-2.17361, 51.4271],
          [-2.17259, 51.4271],
          [-2.17104, 51.42712],
          [-2.16818, 51.4272],
          [-2.16622, 51.42734],
          [-2.16401, 51.42758],
          [-2.16167, 51.42793],
          [-2.15935, 51.42837],
          [-2.1567, 51.42901],
          [-2.15362, 51.42998],
          [-2.15077, 51.43111],
          [-2.14915, 51.43184],
          [-2.14687, 51.43305],
          [-2.14524, 51.43407],
          [-2.14389, 51.43503],
          [-2.14273, 51.43602],
          [-2.14183, 51.43687],
          [-2.14153, 51.43715],
          [-2.1405, 51.43806],
          [-2.14016, 51.43841],
          [-2.13977, 51.43881],
          [-2.13956, 51.43905],
          [-2.13935, 51.43928],
          [-2.13894, 51.43974],
          [-2.13875, 51.43995],
          [-2.13763, 51.44157],
          [-2.13668, 51.44334],
          [-2.1366, 51.44352],
          [-2.13623, 51.44442],
          [-2.13554, 51.44641],
          [-2.13541, 51.44683],
          [-2.13541, 51.44683],
          [-2.13472, 51.4488],
          [-2.13452, 51.44932],
          [-2.13418, 51.45005],
          [-2.13384, 51.45065],
          [-2.13356, 51.45114],
          [-2.13329, 51.45154],
          [-2.1332, 51.45169],
          [-2.13194, 51.45335],
          [-2.13024, 51.45501],
          [-2.12845, 51.45646],
          [-2.12726, 51.45725],
          [-2.12708, 51.45737],
          [-2.1262, 51.45793],
          [-2.12554, 51.4583],
          [-2.12526, 51.45845],
          [-2.12451, 51.4589],
          [-2.12276, 51.45971],
          [-2.12051, 51.46063],
          [-2.11961, 51.46099],
          [-2.11854, 51.46141],
          [-2.11799, 51.46162],
          [-2.11745, 51.46183],
          [-2.11666, 51.46213],
          [-2.11479, 51.46285],
          [-2.1138, 51.46326],
          [-2.11227, 51.46389],
          [-2.11115, 51.46438],
          [-2.10946, 51.46517],
          [-2.10799, 51.46588],
          [-2.10661, 51.46657],
          [-2.10545, 51.46718],
          [-2.10492, 51.46749],
          [-2.10438, 51.46779],
          [-2.10392, 51.46806],
          [-2.10103, 51.46987],
          [-2.09944, 51.4708],
          [-2.09807, 51.47165],
          [-2.09579, 51.47307],
          [-2.09235, 51.47524],
          [-2.09049, 51.4764],
          [-2.08664, 51.47886],
          [-2.08625, 51.4791],
          [-2.08376, 51.48071],
          [-2.08212, 51.48182],
          [-2.08031, 51.48305],
          [-2.08022, 51.48312],
          [-2.0781, 51.48483],
          [-2.07495, 51.48748],
          [-2.07415, 51.48817],
          [-2.07339, 51.48875],
          [-2.07292, 51.48912],
          [-2.07217, 51.48967],
          [-2.07082, 51.49061],
          [-2.0699, 51.49126],
          [-2.06878, 51.49199],
          [-2.06769, 51.49265],
          [-2.06732, 51.49289],
          [-2.0669, 51.49316],
          [-2.06623, 51.49358],
          [-2.06549, 51.49405],
          [-2.06472, 51.49454],
          [-2.06342, 51.49537],
          [-2.06231, 51.49608],
          [-2.06151, 51.49658],
          [-2.06139, 51.49666],
          [-2.06069, 51.49711],
          [-2.06001, 51.49754],
          [-2.0591, 51.49812],
          [-2.05894, 51.49823],
          [-2.05815, 51.49872],
          [-2.05715, 51.49936],
          [-2.05622, 51.49996],
          [-2.05508, 51.50069],
          [-2.05466, 51.50095],
          [-2.05341, 51.50175],
          [-2.05077, 51.50342],
          [-2.05057, 51.50355],
          [-2.04777, 51.50534],
          [-2.04624, 51.50631],
          [-2.04412, 51.50766],
          [-2.04331, 51.50817],
          [-2.04313, 51.50828],
          [-2.04245, 51.50871],
          [-2.04206, 51.50896],
          [-2.04166, 51.5092],
          [-2.04116, 51.5095],
          [-2.04071, 51.50979],
          [-2.04052, 51.5099],
          [-2.04021, 51.51008],
          [-2.03937, 51.51056],
          [-2.03832, 51.51114],
          [-2.03771, 51.51147],
          [-2.03716, 51.51176],
          [-2.03667, 51.51201],
          [-2.03625, 51.51223],
          [-2.03573, 51.5125],
          [-2.0351, 51.51281],
          [-2.03459, 51.51307],
          [-2.03428, 51.51321],
          [-2.03379, 51.51345],
          [-2.03302, 51.51382],
          [-2.03261, 51.51401],
          [-2.03196, 51.5143],
          [-2.03147, 51.51452],
          [-2.03098, 51.51474],
          [-2.03062, 51.5149],
          [-2.03022, 51.51507],
          [-2.02963, 51.51532],
          [-2.02903, 51.51557],
          [-2.02864, 51.51573],
          [-2.02811, 51.51594],
          [-2.02751, 51.51618],
          [-2.02716, 51.51632],
          [-2.02618, 51.51669],
          [-2.02549, 51.51695],
          [-2.02512, 51.51709],
          [-2.02432, 51.51738],
          [-2.02364, 51.51762],
          [-2.02269, 51.51795],
          [-2.022, 51.51818],
          [-2.02155, 51.51833],
          [-2.02052, 51.51866],
          [-2.02023, 51.51876],
          [-2.01899, 51.51915],
          [-2.01828, 51.51936],
          [-2.01702, 51.51973],
          [-2.01668, 51.51982],
          [-2.01585, 51.52005],
          [-2.01513, 51.52025],
          [-2.01401, 51.52054],
          [-2.01274, 51.52086],
          [-2.01149, 51.52116],
          [-2.01049, 51.52139],
          [-2.01015, 51.52147],
          [-2.00965, 51.52158],
          [-2.00901, 51.52172],
          [-2.00656, 51.52221],
          [-2.00536, 51.52243],
          [-2.00417, 51.52265],
          [-2.00299, 51.52286],
          [-2.00209, 51.52302],
          [-2.00081, 51.52326],
          [-2.00007, 51.52339],
          [-1.99896, 51.52359],
          [-1.9976, 51.52384],
          [-1.99707, 51.52393],
          [-1.9961, 51.52411],
          [-1.9952, 51.52427],
          [-1.99435, 51.52443],
          [-1.99353, 51.52457],
          [-1.99289, 51.52469],
          [-1.99175, 51.5249],
          [-1.99064, 51.5251],
          [-1.98983, 51.52525],
          [-1.98881, 51.52543],
          [-1.98785, 51.5256],
          [-1.98746, 51.52567],
          [-1.98662, 51.52583],
          [-1.98599, 51.52594],
          [-1.98487, 51.52614],
          [-1.98443, 51.52622],
          [-1.98403, 51.52629],
          [-1.98327, 51.52643],
          [-1.98277, 51.52652],
          [-1.98223, 51.52662],
          [-1.98145, 51.52676],
          [-1.98068, 51.5269],
          [-1.98002, 51.52702],
          [-1.97948, 51.52712],
          [-1.97822, 51.52735],
          [-1.97731, 51.52751],
          [-1.97699, 51.52757],
          [-1.97601, 51.52774],
          [-1.97568, 51.52781],
          [-1.97437, 51.52804],
          [-1.97389, 51.52813],
          [-1.97257, 51.52837],
          [-1.97167, 51.52853],
          [-1.97093, 51.52866],
          [-1.97005, 51.52882],
          [-1.96906, 51.529],
          [-1.96878, 51.52905],
          [-1.96784, 51.52922],
          [-1.96728, 51.52932],
          [-1.9666, 51.52945],
          [-1.96564, 51.52962],
          [-1.96474, 51.52978],
          [-1.96378, 51.52995],
          [-1.96334, 51.53003],
          [-1.96271, 51.53015],
          [-1.96212, 51.53026],
          [-1.96147, 51.53038],
          [-1.96101, 51.53047],
          [-1.96038, 51.53061],
          [-1.95992, 51.53071],
          [-1.95955, 51.5308],
          [-1.95916, 51.53089],
          [-1.95861, 51.53103],
          [-1.9582, 51.53114],
          [-1.95773, 51.53126],
          [-1.95721, 51.53141],
          [-1.95682, 51.53153],
          [-1.95623, 51.53171],
          [-1.95588, 51.53182],
          [-1.9554, 51.53197],
          [-1.95494, 51.53213],
          [-1.95429, 51.53234],
          [-1.95392, 51.53248],
          [-1.95342, 51.53266],
          [-1.95294, 51.53283],
          [-1.95238, 51.53303],
          [-1.95202, 51.53315],
          [-1.95176, 51.53324],
          [-1.95134, 51.53338],
          [-1.95096, 51.5335],
          [-1.95065, 51.5336],
          [-1.95049, 51.53366],
          [-1.95015, 51.53376],
          [-1.94934, 51.53401],
          [-1.94905, 51.53409],
          [-1.94857, 51.53423],
          [-1.94824, 51.53433],
          [-1.94775, 51.53446],
          [-1.94746, 51.53453],
          [-1.94712, 51.53462],
          [-1.94692, 51.53468],
          [-1.94616, 51.53487],
          [-1.94561, 51.535],
          [-1.94518, 51.53511],
          [-1.94446, 51.53527],
          [-1.9439, 51.5354],
          [-1.94362, 51.53546],
          [-1.94312, 51.53556],
          [-1.94243, 51.5357],
          [-1.94204, 51.53578],
          [-1.94167, 51.53585],
          [-1.94118, 51.53594],
          [-1.94076, 51.53602],
          [-1.94038, 51.53609],
          [-1.93983, 51.53618],
          [-1.93918, 51.53628],
          [-1.93838, 51.5364],
          [-1.93763, 51.53651],
          [-1.93706, 51.53659],
          [-1.93672, 51.53663],
          [-1.93585, 51.53673],
          [-1.93535, 51.53679],
          [-1.93485, 51.53685],
          [-1.93444, 51.53689],
          [-1.93394, 51.53694],
          [-1.93337, 51.53699],
          [-1.9324, 51.53707],
          [-1.93186, 51.53711],
          [-1.93143, 51.53714],
          [-1.93064, 51.53718],
          [-1.93023, 51.53721],
          [-1.92975, 51.53723],
          [-1.92926, 51.53725],
          [-1.92884, 51.53727],
          [-1.92841, 51.53728],
          [-1.92801, 51.53729],
          [-1.92755, 51.5373],
          [-1.92705, 51.53732],
          [-1.9265, 51.53732],
          [-1.92625, 51.53732],
          [-1.92532, 51.53733],
          [-1.92458, 51.53733],
          [-1.92401, 51.53732],
          [-1.92353, 51.53731],
          [-1.92299, 51.53729],
          [-1.92246, 51.53728],
          [-1.92135, 51.53724],
          [-1.92085, 51.53721],
          [-1.92028, 51.53717],
          [-1.91912, 51.5371],
          [-1.91842, 51.53704],
          [-1.91799, 51.53701],
          [-1.91725, 51.53694],
          [-1.91668, 51.53689],
          [-1.91625, 51.53684],
          [-1.91565, 51.53677],
          [-1.91512, 51.53671],
          [-1.91483, 51.53667],
          [-1.91456, 51.53664],
          [-1.91407, 51.53658],
          [-1.91386, 51.53655],
          [-1.91309, 51.53644],
          [-1.91247, 51.53635],
          [-1.91204, 51.53628],
          [-1.91128, 51.53616],
          [-1.91045, 51.53602],
          [-1.90954, 51.53587],
          [-1.9088, 51.53574],
          [-1.9088, 51.53574],
          [-1.90739, 51.53551],
          [-1.90671, 51.53539],
          [-1.90635, 51.53533],
          [-1.90493, 51.53509],
          [-1.90385, 51.53493],
          [-1.90307, 51.53481],
          [-1.90196, 51.53468],
          [-1.90171, 51.53465],
          [-1.90131, 51.53461],
          [-1.90057, 51.53454],
          [-1.89968, 51.53447],
          [-1.89863, 51.53441],
          [-1.89765, 51.53435],
          [-1.89697, 51.53433],
          [-1.89644, 51.53431],
          [-1.89593, 51.5343],
          [-1.89525, 51.53429],
          [-1.89458, 51.53428],
          [-1.89398, 51.53428],
          [-1.89336, 51.53429],
          [-1.89219, 51.53431],
          [-1.89158, 51.53433],
          [-1.89094, 51.53436],
          [-1.88973, 51.53442],
          [-1.88841, 51.53452],
          [-1.8873, 51.53462],
          [-1.88608, 51.53473],
          [-1.88497, 51.53487],
          [-1.88371, 51.53504],
          [-1.88257, 51.53522],
          [-1.88167, 51.53537],
          [-1.88098, 51.53547],
          [-1.88036, 51.53557],
          [-1.87983, 51.53566],
          [-1.8794, 51.53572],
          [-1.87912, 51.53576],
          [-1.87829, 51.53588],
          [-1.87744, 51.53598],
          [-1.87576, 51.53617],
          [-1.87411, 51.53635],
          [-1.87284, 51.53649],
          [-1.87133, 51.53666],
          [-1.86919, 51.53689],
          [-1.86792, 51.53703],
          [-1.86667, 51.53717],
          [-1.86516, 51.53734],
          [-1.86395, 51.53747],
          [-1.86284, 51.53759],
          [-1.86196, 51.53769],
          [-1.86142, 51.53775],
          [-1.86069, 51.53783],
          [-1.85968, 51.53796],
          [-1.85866, 51.53809],
          [-1.8578, 51.53821],
          [-1.85724, 51.53829],
          [-1.85689, 51.53833],
          [-1.85618, 51.53844],
          [-1.85557, 51.53854],
          [-1.85475, 51.53866],
          [-1.85356, 51.53886],
          [-1.85341, 51.53888],
          [-1.85287, 51.53897],
          [-1.8512, 51.53927],
          [-1.85026, 51.53945],
          [-1.8495, 51.5396],
          [-1.849, 51.5397],
          [-1.84832, 51.53984],
          [-1.84819, 51.53987],
          [-1.84732, 51.54005],
          [-1.8465, 51.54022],
          [-1.84577, 51.54038],
          [-1.845, 51.54055],
          [-1.84416, 51.54074],
          [-1.8434, 51.54092],
          [-1.84202, 51.54125],
          [-1.84063, 51.54161],
          [-1.83959, 51.54189],
          [-1.83885, 51.54209],
          [-1.83801, 51.54232],
          [-1.83715, 51.54257],
          [-1.83654, 51.54274],
          [-1.83591, 51.54293],
          [-1.83508, 51.54318],
          [-1.8343, 51.54343],
          [-1.83349, 51.54368],
          [-1.83274, 51.54392],
          [-1.83187, 51.54421],
          [-1.831, 51.5445],
          [-1.83015, 51.5448],
          [-1.82928, 51.54511],
          [-1.82855, 51.54537],
          [-1.82785, 51.54562],
          [-1.8276, 51.54571],
          [-1.82677, 51.54603],
          [-1.82595, 51.54634],
          [-1.82533, 51.54659],
          [-1.82479, 51.5468],
          [-1.82429, 51.547],
          [-1.82369, 51.54725],
          [-1.82309, 51.54749],
          [-1.82243, 51.54777],
          [-1.82179, 51.54805],
          [-1.82128, 51.54827],
          [-1.82083, 51.54847],
          [-1.82038, 51.54867],
          [-1.81975, 51.54896],
          [-1.81905, 51.54928],
          [-1.8183, 51.54962],
          [-1.8176, 51.54996],
          [-1.81695, 51.55027],
          [-1.81616, 51.55066],
          [-1.81535, 51.55107],
          [-1.81449, 51.55152],
          [-1.81392, 51.55181],
          [-1.81323, 51.55218],
          [-1.81251, 51.55257],
          [-1.81232, 51.55268],
          [-1.81194, 51.55289],
          [-1.81158, 51.55309],
          [-1.81121, 51.5533],
          [-1.81075, 51.55356],
          [-1.8103, 51.55382],
          [-1.80975, 51.55413],
          [-1.80924, 51.55444],
          [-1.80873, 51.55474],
          [-1.80834, 51.55498],
          [-1.8081, 51.55513],
          [-1.80768, 51.55538],
          [-1.80732, 51.55558],
          [-1.80675, 51.55592],
          [-1.80675, 51.55592],
          [-1.80625, 51.55621],
          [-1.80582, 51.55646],
          [-1.80543, 51.55667],
          [-1.80513, 51.55684],
          [-1.80437, 51.55726],
          [-1.80363, 51.55766],
          [-1.80211, 51.55846],
          [-1.80057, 51.55924],
          [-1.7994, 51.55981],
          [-1.79899, 51.56001],
          [-1.79824, 51.56038],
          [-1.79741, 51.56076],
          [-1.79727, 51.56082],
          [-1.79673, 51.56108],
          [-1.79609, 51.56137],
          [-1.79547, 51.56165],
          [-1.79486, 51.56192],
          [-1.79356, 51.56248],
          [-1.79225, 51.56303],
          [-1.79133, 51.56341],
          [-1.79096, 51.56356],
          [-1.79056, 51.56372],
          [-1.79056, 51.56372],
          [-1.78984, 51.56401],
          [-1.78904, 51.56431],
          [-1.78885, 51.56439],
          [-1.78885, 51.56439],
          [-1.78854, 51.56451],
          [-1.78799, 51.56471],
          [-1.78751, 51.56489],
          [-1.78669, 51.56519],
          [-1.78583, 51.5655],
          [-1.78483, 51.56585],
          [-1.78396, 51.56615],
          [-1.78358, 51.56629],
          [-1.78323, 51.5664],
          [-1.7832, 51.56642],
          [-1.78255, 51.56663],
          [-1.78238, 51.56669],
          [-1.78168, 51.56692],
          [-1.78133, 51.56703],
          [-1.78101, 51.56713],
          [-1.78068, 51.56724],
          [-1.78068, 51.56724],
          [-1.78045, 51.56731],
          [-1.78044, 51.56731],
          [-1.77986, 51.56749],
          [-1.77948, 51.56761],
          [-1.77921, 51.56769],
          [-1.77921, 51.56769],
          [-1.77868, 51.56785],
          [-1.77764, 51.56815],
          [-1.77631, 51.56853],
          [-1.77576, 51.56868],
          [-1.77545, 51.56877],
          [-1.77426, 51.56909],
          [-1.77306, 51.56941],
          [-1.77062, 51.57002],
          [-1.76928, 51.57034],
          [-1.76858, 51.57049],
          [-1.76784, 51.57066],
          [-1.76586, 51.57111],
          [-1.76501, 51.5713],
          [-1.76447, 51.57142],
          [-1.76447, 51.57142],
          [-1.76346, 51.57165],
          [-1.75609, 51.5733],
          [-1.75393, 51.57377],
          [-1.75342, 51.57389],
          [-1.75198, 51.57422],
          [-1.7508, 51.57448],
          [-1.75012, 51.57463],
          [-1.74126, 51.57661],
          [-1.7404, 51.5768],
          [-1.73944, 51.57701],
          [-1.73878, 51.57716],
          [-1.73763, 51.57742],
          [-1.73458, 51.57811],
          [-1.73261, 51.57854],
          [-1.73175, 51.57873],
          [-1.73048, 51.57901],
          [-1.72954, 51.57922],
          [-1.7287, 51.57941],
          [-1.7279, 51.57959],
          [-1.7279, 51.57959],
          [-1.72639, 51.57992],
          [-1.72439, 51.58037],
          [-1.72385, 51.58049],
          [-1.72247, 51.5808],
          [-1.72107, 51.58111],
          [-1.71925, 51.5815],
          [-1.71745, 51.58188],
          [-1.71576, 51.5822],
          [-1.71489, 51.58236],
          [-1.714, 51.58252],
          [-1.71319, 51.58266],
          [-1.7127, 51.58275],
          [-1.71228, 51.58282],
          [-1.71196, 51.58287],
          [-1.71092, 51.58304],
          [-1.71001, 51.58318],
          [-1.70939, 51.58328],
          [-1.70856, 51.5834],
          [-1.7083, 51.58344],
          [-1.70761, 51.58354],
          [-1.70691, 51.58364],
          [-1.70635, 51.58371],
          [-1.70564, 51.5838],
          [-1.70493, 51.5839],
          [-1.70409, 51.584],
          [-1.70396, 51.58402],
          [-1.70339, 51.58409],
          [-1.7027, 51.58417],
          [-1.70179, 51.58427],
          [-1.70109, 51.58435],
          [-1.70024, 51.58444],
          [-1.69959, 51.58451],
          [-1.69817, 51.58464],
          [-1.69805, 51.58465],
          [-1.69751, 51.5847],
          [-1.69652, 51.58479],
          [-1.69584, 51.58484],
          [-1.69491, 51.58491],
          [-1.69398, 51.58498],
          [-1.69307, 51.58503],
          [-1.6922, 51.58509],
          [-1.69118, 51.58514],
          [-1.69009, 51.5852],
          [-1.68915, 51.58526],
          [-1.6882, 51.58531],
          [-1.68708, 51.58537],
          [-1.68631, 51.58541],
          [-1.68573, 51.58544],
          [-1.68445, 51.58551],
          [-1.68304, 51.58559],
          [-1.68263, 51.58562],
          [-1.68181, 51.58566],
          [-1.68047, 51.58573],
          [-1.67924, 51.5858],
          [-1.67749, 51.5859],
          [-1.67665, 51.58594],
          [-1.67665, 51.58594],
          [-1.6748, 51.58604],
          [-1.6734, 51.58611],
          [-1.67206, 51.58618],
          [-1.67053, 51.58625],
          [-1.66909, 51.5863],
          [-1.66781, 51.58634],
          [-1.66649, 51.58637],
          [-1.66547, 51.58639],
          [-1.66408, 51.58643],
          [-1.66305, 51.58646],
          [-1.66224, 51.5865],
          [-1.66151, 51.58653],
          [-1.66084, 51.58657],
          [-1.66047, 51.58659],
          [-1.66, 51.58662],
          [-1.65913, 51.58668],
          [-1.65825, 51.58675],
          [-1.65758, 51.58681],
          [-1.65643, 51.58692],
          [-1.65561, 51.58701],
          [-1.65466, 51.58711],
          [-1.65366, 51.58723],
          [-1.65301, 51.58731],
          [-1.65262, 51.58736],
          [-1.65159, 51.5875],
          [-1.65029, 51.58767],
          [-1.64947, 51.58779],
          [-1.64867, 51.5879],
          [-1.64777, 51.58805],
          [-1.64708, 51.58817],
          [-1.64688, 51.5882],
          [-1.64579, 51.5884],
          [-1.64493, 51.58856],
          [-1.64416, 51.58871],
          [-1.64351, 51.58884],
          [-1.64266, 51.58902],
          [-1.64166, 51.58923],
          [-1.64061, 51.58947],
          [-1.63975, 51.58966],
          [-1.63866, 51.58991],
          [-1.63725, 51.59023],
          [-1.63623, 51.59046],
          [-1.63535, 51.59065],
          [-1.63421, 51.59088],
          [-1.63329, 51.59106],
          [-1.63256, 51.59121],
          [-1.63162, 51.59139],
          [-1.63091, 51.59153],
          [-1.6298, 51.59175],
          [-1.62971, 51.59177],
          [-1.62826, 51.59205],
          [-1.62727, 51.59225],
          [-1.62619, 51.59247],
          [-1.62501, 51.59272],
          [-1.6238, 51.59299],
          [-1.6229, 51.59319],
          [-1.62161, 51.5935],
          [-1.62074, 51.59372],
          [-1.6199, 51.59394],
          [-1.61895, 51.59419],
          [-1.61804, 51.59444],
          [-1.61731, 51.59465],
          [-1.61635, 51.59492],
          [-1.61579, 51.59509],
          [-1.61483, 51.59538],
          [-1.61387, 51.59569],
          [-1.61255, 51.59613],
          [-1.61193, 51.59633],
          [-1.61104, 51.59662],
          [-1.60993, 51.59698],
          [-1.60875, 51.59736],
          [-1.60795, 51.59762],
          [-1.60749, 51.59777],
          [-1.60593, 51.5983],
          [-1.60441, 51.59883],
          [-1.60343, 51.59918],
          [-1.60275, 51.59944],
          [-1.60263, 51.59948],
          [-1.60171, 51.59984],
          [-1.60138, 51.59996],
          [-1.60115, 51.60005],
          [-1.60069, 51.60024],
          [-1.59876, 51.60105],
          [-1.59704, 51.60181],
          [-1.59506, 51.60271],
          [-1.59369, 51.60336],
          [-1.59251, 51.60391],
          [-1.59147, 51.60437],
          [-1.59131, 51.60444],
          [-1.59061, 51.60475],
          [-1.58969, 51.60513],
          [-1.58821, 51.60572],
          [-1.58704, 51.60616],
          [-1.58687, 51.60623],
          [-1.58608, 51.60651],
          [-1.58542, 51.60674],
          [-1.58459, 51.60703],
          [-1.58444, 51.60708],
          [-1.58373, 51.6073],
          [-1.5829, 51.60757],
          [-1.58195, 51.60787],
          [-1.58105, 51.60813],
          [-1.57983, 51.60847],
          [-1.57885, 51.60874],
          [-1.57793, 51.60897],
          [-1.57773, 51.60902],
          [-1.5772, 51.60916],
          [-1.57624, 51.60939],
          [-1.5754, 51.60958],
          [-1.57458, 51.60976],
          [-1.57373, 51.60994],
          [-1.57285, 51.61012],
          [-1.572, 51.61028],
          [-1.57119, 51.61042],
          [-1.57068, 51.61051],
          [-1.57023, 51.6106],
          [-1.56926, 51.61076],
          [-1.56839, 51.6109],
          [-1.56751, 51.61103],
          [-1.56671, 51.61114],
          [-1.56586, 51.61125],
          [-1.56535, 51.61131],
          [-1.56467, 51.61139],
          [-1.56428, 51.61143],
          [-1.56395, 51.61147],
          [-1.56316, 51.61155],
          [-1.56248, 51.61162],
          [-1.56169, 51.61169],
          [-1.56115, 51.61174],
          [-1.56021, 51.61181],
          [-1.55961, 51.61186],
          [-1.55902, 51.6119],
          [-1.55842, 51.61194],
          [-1.55773, 51.61197],
          [-1.55716, 51.612],
          [-1.55657, 51.61203],
          [-1.55599, 51.61205],
          [-1.55545, 51.61207],
          [-1.55488, 51.61208],
          [-1.55435, 51.6121],
          [-1.55377, 51.61211],
          [-1.55337, 51.61212],
          [-1.55311, 51.61213],
          [-1.55241, 51.61213],
          [-1.55157, 51.61214],
          [-1.54975, 51.61215],
          [-1.54917, 51.61215],
          [-1.54894, 51.61215],
          [-1.54894, 51.61215],
          [-1.54722, 51.61215],
          [-1.54626, 51.61214],
          [-1.54547, 51.61213],
          [-1.54442, 51.61212],
          [-1.5435, 51.6121],
          [-1.54261, 51.61208],
          [-1.54184, 51.61207],
          [-1.54111, 51.61205],
          [-1.54045, 51.61204],
          [-1.5398, 51.61202],
          [-1.53896, 51.612],
          [-1.5381, 51.61197],
          [-1.53764, 51.61195],
          [-1.53722, 51.61194],
          [-1.53615, 51.6119],
          [-1.53503, 51.61186],
          [-1.53457, 51.61184],
          [-1.53378, 51.6118],
          [-1.53331, 51.61178],
          [-1.53292, 51.61177],
          [-1.53234, 51.61175],
          [-1.53133, 51.6117],
          [-1.53069, 51.61168],
          [-1.53016, 51.61166],
          [-1.52914, 51.61163],
          [-1.52785, 51.61159],
          [-1.5273, 51.61158],
          [-1.52666, 51.61157],
          [-1.52541, 51.61153],
          [-1.52418, 51.61151],
          [-1.524, 51.61151],
          [-1.52302, 51.61149],
          [-1.52176, 51.61148],
          [-1.5206, 51.61147],
          [-1.51966, 51.61147],
          [-1.51877, 51.61147],
          [-1.51767, 51.61147],
          [-1.51661, 51.61147],
          [-1.51573, 51.61148],
          [-1.51472, 51.61149],
          [-1.51317, 51.61152],
          [-1.51167, 51.61155],
          [-1.51025, 51.61159],
          [-1.5101, 51.61159],
          [-1.50849, 51.61163],
          [-1.50749, 51.61166],
          [-1.50604, 51.61172],
          [-1.50444, 51.61177],
          [-1.50384, 51.6118],
          [-1.5029, 51.61184],
          [-1.50155, 51.6119],
          [-1.5, 51.61197],
          [-1.49807, 51.61209],
          [-1.49653, 51.61217],
          [-1.495, 51.61226],
          [-1.49355, 51.61235],
          [-1.49227, 51.61245],
          [-1.49135, 51.61253],
          [-1.49135, 51.61253],
          [-1.49005, 51.61263],
          [-1.48928, 51.61269],
          [-1.48835, 51.61276],
          [-1.48744, 51.61284],
          [-1.48643, 51.61292],
          [-1.48442, 51.6131],
          [-1.48245, 51.61327],
          [-1.48085, 51.61341],
          [-1.47911, 51.61356],
          [-1.47715, 51.61373],
          [-1.47497, 51.61391],
          [-1.47446, 51.61395],
          [-1.47321, 51.61405],
          [-1.47134, 51.6142],
          [-1.4697, 51.61433],
          [-1.46754, 51.6145],
          [-1.4659, 51.61463],
          [-1.46398, 51.61479],
          [-1.4621, 51.61494],
          [-1.46019, 51.61509],
          [-1.45851, 51.61523],
          [-1.4566, 51.61538],
          [-1.45478, 51.61552],
          [-1.45318, 51.61565],
          [-1.45148, 51.61579],
          [-1.44967, 51.61594],
          [-1.44798, 51.61608],
          [-1.4463, 51.61622],
          [-1.44497, 51.61633],
          [-1.44476, 51.61635],
          [-1.44328, 51.61649],
          [-1.44199, 51.6166],
          [-1.44064, 51.61672],
          [-1.43899, 51.61687],
          [-1.43742, 51.61702],
          [-1.43563, 51.6172],
          [-1.43396, 51.61736],
          [-1.43357, 51.6174],
          [-1.43227, 51.61753],
          [-1.43091, 51.61767],
          [-1.42925, 51.61784],
          [-1.42789, 51.61798],
          [-1.42639, 51.61812],
          [-1.42492, 51.61827],
          [-1.42366, 51.6184],
          [-1.42201, 51.61856],
          [-1.42015, 51.61876],
          [-1.41813, 51.61895],
          [-1.41676, 51.61907],
          [-1.41634, 51.61911],
          [-1.41472, 51.61926],
          [-1.41327, 51.61939],
          [-1.41297, 51.61941],
          [-1.41136, 51.61953],
          [-1.40997, 51.61963],
          [-1.40805, 51.61975],
          [-1.4071, 51.61981],
          [-1.4071, 51.61981],
          [-1.40562, 51.61992],
          [-1.40411, 51.62002],
          [-1.40258, 51.62011],
          [-1.40009, 51.62025],
          [-1.39802, 51.62036],
          [-1.39621, 51.62044],
          [-1.39599, 51.62045],
          [-1.39435, 51.62053],
          [-1.39225, 51.62062],
          [-1.39031, 51.62068],
          [-1.38864, 51.62074],
          [-1.38769, 51.62077],
          [-1.38761, 51.62077],
          [-1.38714, 51.62079],
          [-1.38558, 51.62084],
          [-1.38502, 51.62085],
          [-1.38491, 51.62085],
          [-1.38395, 51.62087],
          [-1.38234, 51.62091],
          [-1.38093, 51.62093],
          [-1.37935, 51.62095],
          [-1.37777, 51.62097],
          [-1.37622, 51.62099],
          [-1.37423, 51.62101],
          [-1.37409, 51.62101],
          [-1.37218, 51.62103],
          [-1.37105, 51.62104],
          [-1.36892, 51.62107],
          [-1.36702, 51.62108],
          [-1.36489, 51.62111],
          [-1.36311, 51.62113],
          [-1.36138, 51.62114],
          [-1.35959, 51.62115],
          [-1.35732, 51.62118],
          [-1.35531, 51.62121],
          [-1.35296, 51.62122],
          [-1.35126, 51.62124],
          [-1.34968, 51.62126],
          [-1.34803, 51.62127],
          [-1.34634, 51.62129],
          [-1.3446, 51.62131],
          [-1.34304, 51.62133],
          [-1.34142, 51.62135],
          [-1.33958, 51.62137],
          [-1.33771, 51.62139],
          [-1.33587, 51.6214],
          [-1.33396, 51.62142],
          [-1.33207, 51.62144],
          [-1.33021, 51.62146],
          [-1.32882, 51.62147],
          [-1.32819, 51.62147],
          [-1.32796, 51.62147],
          [-1.32596, 51.62149],
          [-1.32388, 51.6215],
          [-1.32214, 51.6215],
          [-1.32047, 51.62149],
          [-1.31903, 51.62148],
          [-1.31878, 51.62147],
          [-1.31761, 51.62145],
          [-1.31691, 51.62144],
          [-1.31691, 51.62144],
          [-1.31611, 51.62142],
          [-1.31483, 51.62139],
          [-1.31251, 51.62133],
          [-1.3102, 51.62126],
          [-1.30788, 51.62117],
          [-1.30556, 51.62108],
          [-1.30324, 51.62099],
          [-1.30155, 51.62092],
          [-1.29986, 51.62085],
          [-1.29817, 51.62077],
          [-1.29648, 51.62069],
          [-1.29479, 51.6206],
          [-1.29472, 51.62059],
          [-1.29376, 51.62054],
          [-1.29232, 51.62044],
          [-1.29222, 51.62044],
          [-1.2909, 51.62035],
          [-1.28944, 51.62023],
          [-1.28801, 51.62011],
          [-1.28658, 51.61998],
          [-1.28503, 51.61983],
          [-1.28428, 51.61975],
          [-1.28404, 51.61973],
          [-1.28404, 51.61973],
          [-1.28171, 51.61947],
          [-1.28023, 51.61929],
          [-1.27891, 51.61913],
          [-1.27721, 51.6189],
          [-1.2758, 51.61871],
          [-1.2743, 51.61848],
          [-1.2729, 51.61827],
          [-1.27146, 51.61804],
          [-1.2699, 51.61778],
          [-1.26856, 51.61754],
          [-1.26705, 51.61727],
          [-1.26549, 51.61698],
          [-1.26397, 51.61668],
          [-1.26226, 51.61633],
          [-1.26218, 51.61632],
          [-1.26085, 51.61603],
          [-1.25957, 51.61573],
          [-1.2586, 51.61549],
          [-1.25757, 51.61524],
          [-1.25757, 51.61524],
          [-1.25653, 51.61498],
          [-1.2562, 51.6149],
          [-1.2562, 51.6149],
          [-1.25506, 51.61461],
          [-1.25428, 51.61441],
          [-1.25428, 51.61441],
          [-1.25345, 51.61421],
          [-1.25252, 51.61398],
          [-1.2512, 51.61362],
          [-1.2499, 51.61325],
          [-1.24619, 51.61219],
          [-1.24488, 51.61181],
          [-1.24317, 51.61127],
          [-1.24248, 51.61106],
          [-1.24151, 51.61076],
          [-1.24049, 51.61047],
          [-1.2397, 51.61023],
          [-1.23848, 51.60987],
          [-1.2369, 51.60937],
          [-1.23559, 51.60894],
          [-1.23415, 51.60846],
          [-1.23271, 51.60799],
          [-1.23095, 51.60742],
          [-1.22885, 51.60672],
          [-1.22856, 51.60663],
          [-1.22548, 51.60561],
          [-1.22421, 51.60519],
          [-1.22248, 51.6046],
          [-1.22103, 51.6041],
          [-1.22067, 51.60398],
          [-1.21935, 51.60353],
          [-1.21935, 51.60353],
          [-1.21818, 51.60313],
          [-1.21738, 51.60285],
          [-1.21603, 51.60239],
          [-1.21505, 51.60205],
          [-1.21427, 51.60179],
          [-1.21382, 51.60164],
          [-1.21276, 51.60128],
          [-1.21164, 51.6009],
          [-1.21065, 51.60056],
          [-1.20971, 51.60026],
          [-1.20863, 51.59989],
          [-1.20863, 51.59989],
          [-1.20755, 51.59953],
          [-1.20656, 51.59916],
          [-1.20534, 51.59875],
          [-1.20413, 51.59833],
          [-1.20287, 51.59791],
          [-1.2018, 51.59754],
          [-1.20084, 51.59719],
          [-1.19971, 51.59678],
          [-1.19882, 51.59642],
          [-1.19757, 51.59591],
          [-1.19655, 51.59549],
          [-1.19567, 51.5951],
          [-1.19477, 51.59471],
          [-1.19387, 51.59431],
          [-1.19322, 51.59401],
          [-1.19231, 51.5936],
          [-1.19152, 51.59322],
          [-1.1906, 51.59279],
          [-1.18976, 51.59237],
          [-1.18953, 51.59225],
          [-1.18881, 51.59189],
          [-1.18799, 51.59146],
          [-1.1869, 51.59088],
          [-1.18606, 51.59041],
          [-1.18503, 51.58983],
          [-1.18352, 51.58898],
          [-1.18338, 51.5889],
          [-1.18236, 51.58825],
          [-1.18159, 51.58777],
          [-1.18046, 51.58703],
          [-1.17937, 51.58627],
          [-1.17888, 51.58593],
          [-1.17852, 51.58567],
          [-1.17786, 51.5852],
          [-1.17712, 51.58467],
          [-1.1764, 51.58412],
          [-1.1757, 51.58358],
          [-1.17489, 51.58296],
          [-1.17367, 51.58201],
          [-1.17271, 51.58126],
          [-1.17196, 51.58067],
          [-1.17087, 51.57982],
          [-1.16968, 51.57887],
          [-1.1686, 51.57803],
          [-1.16787, 51.57743],
          [-1.16707, 51.5768],
          [-1.16625, 51.57617],
          [-1.16547, 51.57555],
          [-1.1649, 51.5751],
          [-1.16465, 51.5749],
          [-1.16411, 51.57446],
          [-1.16365, 51.57411],
          [-1.16294, 51.57355],
          [-1.16224, 51.57302],
          [-1.1614, 51.57237],
          [-1.16076, 51.57189],
          [-1.16013, 51.5714],
          [-1.1595, 51.57091],
          [-1.15894, 51.57049],
          [-1.15832, 51.57003],
          [-1.1576, 51.5695],
          [-1.15747, 51.56942],
          [-1.15728, 51.56927],
          [-1.15674, 51.56888],
          [-1.15587, 51.56829],
          [-1.15512, 51.56777],
          [-1.15431, 51.56723],
          [-1.15345, 51.56667],
          [-1.15268, 51.56619],
          [-1.15195, 51.5657],
          [-1.15126, 51.56525],
          [-1.15118, 51.56519],
          [-1.15054, 51.56477],
          [-1.14995, 51.56433],
          [-1.14912, 51.56374],
          [-1.14839, 51.56319],
          [-1.14761, 51.56263],
          [-1.14691, 51.56201],
          [-1.14625, 51.56147],
          [-1.14559, 51.56092],
          [-1.1452, 51.56058],
          [-1.14468, 51.56011],
          [-1.14403, 51.55948],
          [-1.14332, 51.55884],
          [-1.14305, 51.55857],
          [-1.14251, 51.55804],
          [-1.14201, 51.55758],
          [-1.14183, 51.55739],
          [-1.14135, 51.55691],
          [-1.14081, 51.55633],
          [-1.14034, 51.5558],
          [-1.13991, 51.55531],
          [-1.13945, 51.55476],
          [-1.13897, 51.55414],
          [-1.13859, 51.55366],
          [-1.13821, 51.55312],
          [-1.1378, 51.55254],
          [-1.13719, 51.55159],
          [-1.13684, 51.55102],
          [-1.1365, 51.55043],
          [-1.13633, 51.55012],
          [-1.13585, 51.54922],
          [-1.13568, 51.5489],
          [-1.13542, 51.54837],
          [-1.13515, 51.54778],
          [-1.13482, 51.54703],
          [-1.13478, 51.54693],
          [-1.13452, 51.54626],
          [-1.13427, 51.54564],
          [-1.13407, 51.54505],
          [-1.13404, 51.54496],
          [-1.13389, 51.54447],
          [-1.1337, 51.54384],
          [-1.1335, 51.54307],
          [-1.13336, 51.54245],
          [-1.13323, 51.54187],
          [-1.1331, 51.54116],
          [-1.13299, 51.54034],
          [-1.13292, 51.53971],
          [-1.13284, 51.53854],
          [-1.13281, 51.53792],
          [-1.13281, 51.53729],
          [-1.13283, 51.53656],
          [-1.13294, 51.53517],
          [-1.13301, 51.53448],
          [-1.13311, 51.53372],
          [-1.1332, 51.53309],
          [-1.1333, 51.53257],
          [-1.13332, 51.53248],
          [-1.13348, 51.5318],
          [-1.13359, 51.53115],
          [-1.1337, 51.53055],
          [-1.13379, 51.52997],
          [-1.13385, 51.52924],
          [-1.13387, 51.52908],
          [-1.13396, 51.52841],
          [-1.13405, 51.52765],
          [-1.13408, 51.52716],
          [-1.13411, 51.52648],
          [-1.1341, 51.52579],
          [-1.13403, 51.5251],
          [-1.13394, 51.52438],
          [-1.13385, 51.52379],
          [-1.13373, 51.52317],
          [-1.13358, 51.52255],
          [-1.13346, 51.52203],
          [-1.13312, 51.52088],
          [-1.13266, 51.5196],
          [-1.13236, 51.51887],
          [-1.13202, 51.51806],
          [-1.13173, 51.51742],
          [-1.13138, 51.51678],
          [-1.13102, 51.5161],
          [-1.13068, 51.51548],
          [-1.13058, 51.51531],
          [-1.13033, 51.51489],
          [-1.12992, 51.5143],
          [-1.12987, 51.51422],
          [-1.12948, 51.51367],
          [-1.12907, 51.51309],
          [-1.12862, 51.51252],
          [-1.12824, 51.51206],
          [-1.1276, 51.5113],
          [-1.12704, 51.51063],
          [-1.12632, 51.50983],
          [-1.1258, 51.50929],
          [-1.12516, 51.50863],
          [-1.12455, 51.50802],
          [-1.12388, 51.50738],
          [-1.12333, 51.50684],
          [-1.12263, 51.5062],
          [-1.12177, 51.50545],
          [-1.12063, 51.50453],
          [-1.11956, 51.50372],
          [-1.1189, 51.5032],
          [-1.11816, 51.50264],
          [-1.11755, 51.50216],
          [-1.11677, 51.50151],
          [-1.11621, 51.50106],
          [-1.11577, 51.5007],
          [-1.11558, 51.50053],
          [-1.11479, 51.49989],
          [-1.11391, 51.4991],
          [-1.11344, 51.49863],
          [-1.11293, 51.49808],
          [-1.11259, 51.49769],
          [-1.11211, 51.49713],
          [-1.11169, 51.49665],
          [-1.11138, 51.49631],
          [-1.11095, 51.49584],
          [-1.11044, 51.49529],
          [-1.10994, 51.49476],
          [-1.10937, 51.49422],
          [-1.10907, 51.49392],
          [-1.10878, 51.49366],
          [-1.10847, 51.49339],
          [-1.10815, 51.49312],
          [-1.1078, 51.49282],
          [-1.10742, 51.49252],
          [-1.10691, 51.49213],
          [-1.10656, 51.49187],
          [-1.1062, 51.49162],
          [-1.10574, 51.4913],
          [-1.10544, 51.4911],
          [-1.1051, 51.49088],
          [-1.10459, 51.49057],
          [-1.10421, 51.49033],
          [-1.10369, 51.49003],
          [-1.10302, 51.48966],
          [-1.10242, 51.48936],
          [-1.10177, 51.48902],
          [-1.10119, 51.48874],
          [-1.10054, 51.48845],
          [-1.09986, 51.48815],
          [-1.09918, 51.48786],
          [-1.0985, 51.48758],
          [-1.09797, 51.48737],
          [-1.09751, 51.4872],
          [-1.09708, 51.48704],
          [-1.0963, 51.48677],
          [-1.09585, 51.48662],
          [-1.09551, 51.4865],
          [-1.09514, 51.48639],
          [-1.09474, 51.48627],
          [-1.09441, 51.48617],
          [-1.09385, 51.48602],
          [-1.09332, 51.48588],
          [-1.09274, 51.48573],
          [-1.09223, 51.48562],
          [-1.09187, 51.48554],
          [-1.0915, 51.48546],
          [-1.09111, 51.48538],
          [-1.09075, 51.48532],
          [-1.09048, 51.48527],
          [-1.09016, 51.48521],
          [-1.08987, 51.48516],
          [-1.08954, 51.48511],
          [-1.08923, 51.48506],
          [-1.08906, 51.48504],
          [-1.08879, 51.485],
          [-1.08852, 51.48497],
          [-1.08795, 51.48489],
          [-1.08739, 51.48483],
          [-1.08675, 51.48475],
          [-1.08635, 51.48471],
          [-1.08618, 51.48469],
          [-1.08597, 51.48467],
          [-1.0854, 51.48461],
          [-1.08468, 51.48455],
          [-1.08397, 51.4845],
          [-1.08325, 51.48445],
          [-1.08254, 51.4844],
          [-1.08168, 51.48436],
          [-1.0813, 51.48434],
          [-1.08081, 51.48433],
          [-1.07994, 51.48431],
          [-1.0793, 51.4843],
          [-1.07912, 51.4843],
          [-1.07818, 51.48431],
          [-1.07717, 51.48434],
          [-1.07635, 51.48435],
          [-1.07569, 51.48437],
          [-1.07464, 51.48441],
          [-1.0734, 51.48444],
          [-1.07305, 51.48444],
          [-1.07226, 51.48444],
          [-1.07154, 51.48444],
          [-1.07063, 51.48442],
          [-1.06977, 51.4844],
          [-1.06882, 51.48436],
          [-1.06779, 51.48432],
          [-1.06695, 51.48426],
          [-1.06623, 51.4842],
          [-1.06563, 51.48415],
          [-1.06466, 51.48406],
          [-1.0637, 51.48397],
          [-1.06278, 51.48387],
          [-1.06179, 51.48375],
          [-1.06089, 51.48363],
          [-1.05996, 51.48351],
          [-1.05919, 51.4834],
          [-1.05867, 51.48332],
          [-1.05848, 51.48329],
          [-1.0575, 51.48312],
          [-1.05642, 51.48292],
          [-1.05573, 51.48279],
          [-1.05503, 51.48266],
          [-1.05425, 51.48248],
          [-1.05368, 51.48237],
          [-1.05315, 51.48225],
          [-1.05248, 51.4821],
          [-1.05176, 51.48193],
          [-1.05092, 51.48171],
          [-1.05028, 51.48154],
          [-1.04946, 51.48129],
          [-1.04868, 51.48104],
          [-1.04798, 51.48079],
          [-1.04725, 51.48054],
          [-1.04663, 51.4803],
          [-1.0458, 51.47997],
          [-1.04517, 51.47971],
          [-1.04451, 51.47943],
          [-1.04398, 51.47919],
          [-1.04379, 51.47909],
          [-1.04316, 51.47878],
          [-1.04244, 51.47841],
          [-1.04181, 51.47807],
          [-1.04132, 51.47778],
          [-1.04076, 51.47746],
          [-1.04039, 51.47723],
          [-1.03983, 51.47687],
          [-1.03911, 51.47642],
          [-1.03832, 51.47593],
          [-1.03755, 51.47549],
          [-1.03678, 51.47509],
          [-1.03599, 51.47468],
          [-1.03517, 51.47427],
          [-1.03453, 51.47396],
          [-1.03392, 51.47366],
          [-1.0333, 51.47334],
          [-1.03261, 51.47299],
          [-1.03184, 51.47261],
          [-1.03118, 51.47231],
          [-1.03083, 51.47214],
          [-1.03067, 51.47207],
          [-1.03026, 51.47187],
          [-1.02974, 51.47161],
          [-1.02903, 51.47125],
          [-1.02831, 51.4709],
          [-1.02722, 51.47036],
          [-1.02645, 51.46999],
          [-1.02645, 51.46999],
          [-1.0255, 51.46954],
          [-1.02485, 51.46922],
          [-1.02394, 51.46877],
          [-1.02331, 51.46847],
          [-1.02261, 51.46812],
          [-1.02211, 51.46788],
          [-1.02162, 51.46765],
          [-1.02105, 51.4674],
          [-1.02029, 51.46708],
          [-1.01968, 51.46683],
          [-1.0191, 51.4666],
          [-1.01862, 51.46642],
          [-1.01778, 51.46611],
          [-1.01721, 51.46591],
          [-1.01715, 51.46589],
          [-1.01651, 51.46567],
          [-1.01605, 51.46552],
          [-1.0159, 51.46547],
          [-1.01529, 51.46529],
          [-1.01461, 51.46508],
          [-1.01413, 51.46493],
          [-1.0134, 51.46473],
          [-1.01268, 51.46454],
          [-1.01212, 51.4644],
          [-1.01151, 51.46425],
          [-1.01093, 51.46411],
          [-1.01015, 51.46393],
          [-1.00938, 51.46376],
          [-1.00859, 51.46361],
          [-1.00781, 51.46346],
          [-1.00696, 51.4633],
          [-1.00549, 51.46305],
          [-1.00471, 51.46292],
          [-1.00456, 51.46289],
          [-1.00405, 51.46281],
          [-1.00325, 51.46269],
          [-1.00163, 51.46248],
          [-1.0013, 51.46243],
          [-0.99965, 51.46224],
          [-0.99713, 51.46194],
          [-0.9955, 51.46175],
          [-0.99482, 51.46167],
          [-0.99363, 51.46151],
          [-0.99363, 51.46151],
          [-0.99244, 51.46137],
          [-0.9913, 51.46124],
          [-0.99017, 51.4611],
          [-0.98879, 51.46094],
          [-0.98824, 51.46087],
          [-0.98545, 51.46054],
          [-0.98383, 51.46036],
          [-0.98264, 51.46025],
          [-0.98179, 51.46016],
          [-0.98002, 51.45999],
          [-0.97915, 51.45991],
          [-0.97743, 51.45975],
          [-0.97743, 51.45975],
          [-0.97652, 51.45967],
          [-0.9762, 51.45964],
          [-0.97513, 51.45953],
          [-0.97487, 51.4595],
          [-0.97398, 51.45941],
          [-0.97143, 51.45915],
          [-0.97036, 51.45906],
          [-0.96954, 51.459],
          [-0.96867, 51.45894],
          [-0.96845, 51.45892],
          [-0.96821, 51.4589],
          [-0.9681, 51.45889],
          [-0.9681, 51.45889],
          [-0.96659, 51.45877],
          [-0.9655, 51.45868],
          [-0.96331, 51.45859],
          [-0.96216, 51.45853],
          [-0.96157, 51.45851],
          [-0.95759, 51.45844],
          [-0.95676, 51.45844],
          [-0.95595, 51.45844],
          [-0.95595, 51.45844],
          [-0.95356, 51.45847],
          [-0.95068, 51.45854],
          [-0.95033, 51.45855],
          [-0.94924, 51.45856],
          [-0.94855, 51.45856],
          [-0.94855, 51.45856],
          [-0.94696, 51.45859],
          [-0.94605, 51.45862],
          [-0.94573, 51.45862],
          [-0.94486, 51.45864],
          [-0.94375, 51.45865],
          [-0.94254, 51.45866],
          [-0.94168, 51.45867],
          [-0.94121, 51.45868],
          [-0.94037, 51.4587],
          [-0.93906, 51.45874],
          [-0.93785, 51.45877],
          [-0.93757, 51.45878],
          [-0.93634, 51.45882],
          [-0.93521, 51.45888],
          [-0.93438, 51.45892],
          [-0.93364, 51.45897],
          [-0.933, 51.45901],
          [-0.93245, 51.45905],
          [-0.93164, 51.45912],
          [-0.93103, 51.45917],
          [-0.92983, 51.45928],
          [-0.92902, 51.45936],
          [-0.92799, 51.45947],
          [-0.92695, 51.45959],
          [-0.92603, 51.4597],
          [-0.92501, 51.45983],
          [-0.92422, 51.45993],
          [-0.92311, 51.46009],
          [-0.92233, 51.46021],
          [-0.92174, 51.4603],
          [-0.9207, 51.46047],
          [-0.92003, 51.46057],
          [-0.91941, 51.46068],
          [-0.91922, 51.46071],
          [-0.91859, 51.46083],
          [-0.91802, 51.46092],
          [-0.91736, 51.46104],
          [-0.91642, 51.46121],
          [-0.91585, 51.4613],
          [-0.91523, 51.4614],
          [-0.9146, 51.4615],
          [-0.91377, 51.46163],
          [-0.91287, 51.46179],
          [-0.91237, 51.46187],
          [-0.91147, 51.46203],
          [-0.91053, 51.4622],
          [-0.90967, 51.46235],
          [-0.90879, 51.46251],
          [-0.90759, 51.46272],
          [-0.90688, 51.46285],
          [-0.90595, 51.46302],
          [-0.90498, 51.4632],
          [-0.90413, 51.46337],
          [-0.90309, 51.46359],
          [-0.90263, 51.46368],
          [-0.90253, 51.4637],
          [-0.90132, 51.46394],
          [-0.89996, 51.46425],
          [-0.89858, 51.46456],
          [-0.89787, 51.46474],
          [-0.89637, 51.46511],
          [-0.8956, 51.4653],
          [-0.89443, 51.4656],
          [-0.89351, 51.46587],
          [-0.89265, 51.4661],
          [-0.89147, 51.46643],
          [-0.89008, 51.46684],
          [-0.88871, 51.46724],
          [-0.88591, 51.46814],
          [-0.88455, 51.46856],
          [-0.88054, 51.46983],
          [-0.8803, 51.46989],
          [-0.87993, 51.47002],
          [-0.87882, 51.47039],
          [-0.87737, 51.47086],
          [-0.87488, 51.47169],
          [-0.87431, 51.47187],
          [-0.87286, 51.47233],
          [-0.87139, 51.47281],
          [-0.87097, 51.47294],
          [-0.87053, 51.47307],
          [-0.86963, 51.47332],
          [-0.86841, 51.47371],
          [-0.86774, 51.47393],
          [-0.86678, 51.47423],
          [-0.86494, 51.47477],
          [-0.86381, 51.4751],
          [-0.86267, 51.47546],
          [-0.86078, 51.47609],
          [-0.8601, 51.47634],
          [-0.8582, 51.47698],
          [-0.85595, 51.47778],
          [-0.85493, 51.4781],
          [-0.85384, 51.47845],
          [-0.85242, 51.47893],
          [-0.84976, 51.47977],
          [-0.84668, 51.48075],
          [-0.84393, 51.4816],
          [-0.84354, 51.48172],
          [-0.84326, 51.48182],
          [-0.84236, 51.48213],
          [-0.84045, 51.48273],
          [-0.83727, 51.48379],
          [-0.83088, 51.4859],
          [-0.82991, 51.48621],
          [-0.82885, 51.48656],
          [-0.82782, 51.48689],
          [-0.82697, 51.48714],
          [-0.82553, 51.48756],
          [-0.82117, 51.48895],
          [-0.82041, 51.4892],
          [-0.81956, 51.48947],
          [-0.81817, 51.48992],
          [-0.81533, 51.49086],
          [-0.81194, 51.49196],
          [-0.81137, 51.49215],
          [-0.81024, 51.49251],
          [-0.80897, 51.49292],
          [-0.80728, 51.49345],
          [-0.80418, 51.49443],
          [-0.80107, 51.49543],
          [-0.79794, 51.49645],
          [-0.79685, 51.49681],
          [-0.79684, 51.49681],
          [-0.79529, 51.49731],
          [-0.79267, 51.49818],
          [-0.79012, 51.49901],
          [-0.78747, 51.49985],
          [-0.78665, 51.5001],
          [-0.78571, 51.5004],
          [-0.78405, 51.50093],
          [-0.78392, 51.50098],
          [-0.78073, 51.50204],
          [-0.77737, 51.50315],
          [-0.774, 51.50422],
          [-0.77322, 51.50446],
          [-0.77241, 51.50472],
          [-0.77111, 51.50514],
          [-0.76873, 51.5059],
          [-0.7687, 51.50591],
          [-0.76379, 51.50745],
          [-0.76319, 51.50763],
          [-0.76283, 51.50775],
          [-0.76219, 51.50797],
          [-0.76149, 51.50819],
          [-0.76036, 51.50855],
          [-0.75805, 51.50931],
          [-0.75367, 51.51072],
          [-0.75283, 51.51098],
          [-0.75196, 51.51126],
          [-0.7518, 51.51131],
          [-0.75133, 51.51146],
          [-0.75058, 51.5117],
          [-0.74991, 51.51191],
          [-0.74916, 51.51214],
          [-0.7481, 51.51246],
          [-0.74705, 51.51278],
          [-0.746, 51.51307],
          [-0.74549, 51.51321],
          [-0.74495, 51.51337],
          [-0.74392, 51.51366],
          [-0.74186, 51.51422],
          [-0.74171, 51.51426],
          [-0.73736, 51.51532],
          [-0.73431, 51.51606],
          [-0.72782, 51.5174],
          [-0.72374, 51.51812],
          [-0.72149, 51.51852],
          [-0.72093, 51.51862],
          [-0.7209, 51.51862],
          [-0.71811, 51.51913],
          [-0.71691, 51.51933],
          [-0.71574, 51.51952],
          [-0.71475, 51.51966],
          [-0.71293, 51.5199],
          [-0.71204, 51.52],
          [-0.71204, 51.52],
          [-0.70983, 51.52025],
          [-0.70939, 51.52032],
          [-0.70406, 51.52089],
          [-0.70346, 51.52096],
          [-0.70024, 51.52131],
          [-0.69842, 51.5215],
          [-0.69699, 51.52165],
          [-0.69558, 51.52181],
          [-0.69438, 51.52194],
          [-0.6939, 51.522],
          [-0.69273, 51.52212],
          [-0.69249, 51.52215],
          [-0.69159, 51.52226],
          [-0.68963, 51.52248],
          [-0.68931, 51.52251],
          [-0.68784, 51.52266],
          [-0.6866, 51.52278],
          [-0.68498, 51.52295],
          [-0.6838, 51.52306],
          [-0.68267, 51.52318],
          [-0.68035, 51.5234],
          [-0.68003, 51.52343],
          [-0.68001, 51.52343],
          [-0.68, 51.52343],
          [-0.67955, 51.52348],
          [-0.67886, 51.52353],
          [-0.67784, 51.52361],
          [-0.67636, 51.5237],
          [-0.67529, 51.52376],
          [-0.67515, 51.52377],
          [-0.6734, 51.52387],
          [-0.67258, 51.52392],
          [-0.67172, 51.52395],
          [-0.67152, 51.52396],
          [-0.67097, 51.52398],
          [-0.67013, 51.524],
          [-0.66947, 51.52402],
          [-0.66853, 51.52404],
          [-0.66745, 51.52407],
          [-0.66725, 51.52407],
          [-0.66616, 51.52409],
          [-0.66562, 51.5241],
          [-0.66487, 51.5241],
          [-0.66389, 51.5241],
          [-0.66345, 51.5241],
          [-0.66324, 51.5241],
          [-0.66233, 51.52409],
          [-0.66158, 51.52407],
          [-0.66089, 51.52406],
          [-0.66001, 51.52404],
          [-0.65971, 51.52404],
          [-0.65878, 51.52401],
          [-0.6582, 51.524],
          [-0.65775, 51.52398],
          [-0.65728, 51.52396],
          [-0.65662, 51.52393],
          [-0.65618, 51.52391],
          [-0.65558, 51.52388],
          [-0.65488, 51.52385],
          [-0.65419, 51.52381],
          [-0.65334, 51.52376],
          [-0.65245, 51.52371],
          [-0.65167, 51.52366],
          [-0.65093, 51.52361],
          [-0.65048, 51.52358],
          [-0.65006, 51.52355],
          [-0.64927, 51.52348],
          [-0.64839, 51.5234],
          [-0.64757, 51.52333],
          [-0.64708, 51.52329],
          [-0.64655, 51.52324],
          [-0.64566, 51.52315],
          [-0.64563, 51.52315],
          [-0.64541, 51.52313],
          [-0.64473, 51.52307],
          [-0.64397, 51.52299],
          [-0.64327, 51.52291],
          [-0.64213, 51.52277],
          [-0.64106, 51.52263],
          [-0.64069, 51.52258],
          [-0.63916, 51.52237],
          [-0.63795, 51.52218],
          [-0.6378, 51.52216],
          [-0.63664, 51.52199],
          [-0.63584, 51.52186],
          [-0.63522, 51.52176],
          [-0.63396, 51.52154],
          [-0.63382, 51.52151],
          [-0.63366, 51.52149],
          [-0.63274, 51.52134],
          [-0.63194, 51.5212],
          [-0.63163, 51.52115],
          [-0.63047, 51.52095],
          [-0.62913, 51.52069],
          [-0.62802, 51.52046],
          [-0.62657, 51.52014],
          [-0.62568, 51.51994],
          [-0.62471, 51.51971],
          [-0.62391, 51.51952],
          [-0.62363, 51.51944],
          [-0.62259, 51.51919],
          [-0.62174, 51.51899],
          [-0.62005, 51.51855],
          [-0.61884, 51.51822],
          [-0.61501, 51.51716],
          [-0.61476, 51.51709],
          [-0.61354, 51.51675],
          [-0.61229, 51.51643],
          [-0.61206, 51.51637],
          [-0.60987, 51.51581],
          [-0.60974, 51.51578],
          [-0.60951, 51.51572],
          [-0.60951, 51.51572],
          [-0.60752, 51.51523],
          [-0.60577, 51.51483],
          [-0.60464, 51.51457],
          [-0.60405, 51.51444],
          [-0.60405, 51.51444],
          [-0.60242, 51.51409],
          [-0.60114, 51.51382],
          [-0.59925, 51.51344],
          [-0.59669, 51.51295],
          [-0.59458, 51.51256],
          [-0.5935, 51.51238],
          [-0.5906, 51.5119],
          [-0.58882, 51.51163],
          [-0.58729, 51.5114],
          [-0.58578, 51.51119],
          [-0.5849, 51.51107],
          [-0.58349, 51.51089],
          [-0.58239, 51.51075],
          [-0.5805, 51.51052],
          [-0.57801, 51.51025],
          [-0.57546, 51.51],
          [-0.57488, 51.50994],
          [-0.57372, 51.50984],
          [-0.57187, 51.50969],
          [-0.57031, 51.50958],
          [-0.56908, 51.5095],
          [-0.56859, 51.50947],
          [-0.56859, 51.50947],
          [-0.56733, 51.50939],
          [-0.56517, 51.50925],
          [-0.56342, 51.50913],
          [-0.56167, 51.50902],
          [-0.56133, 51.50899],
          [-0.56133, 51.50899],
          [-0.55943, 51.50887],
          [-0.55829, 51.5088],
          [-0.55617, 51.50866],
          [-0.55543, 51.50862],
          [-0.55398, 51.50852],
          [-0.55354, 51.50849],
          [-0.55243, 51.50842],
          [-0.5493, 51.50821],
          [-0.54792, 51.50812],
          [-0.54653, 51.50804],
          [-0.54435, 51.5079],
          [-0.54268, 51.50784],
          [-0.54255, 51.50784],
          [-0.53989, 51.50772],
          [-0.53981, 51.50772],
          [-0.5382, 51.50768],
          [-0.53665, 51.50765],
          [-0.53484, 51.50761],
          [-0.53255, 51.50758],
          [-0.53047, 51.50758],
          [-0.52925, 51.50759],
          [-0.52891, 51.50759],
          [-0.52704, 51.5076],
          [-0.5252, 51.50763],
          [-0.52334, 51.50768],
          [-0.52114, 51.50775],
          [-0.52104, 51.50775],
          [-0.51692, 51.50792],
          [-0.51566, 51.50797],
          [-0.51471, 51.50802],
          [-0.5136, 51.50808],
          [-0.51278, 51.50813],
          [-0.51229, 51.50815],
          [-0.51168, 51.50819],
          [-0.51098, 51.50824],
          [-0.5105, 51.50827],
          [-0.50994, 51.50831],
          [-0.50955, 51.50833],
          [-0.50907, 51.50837],
          [-0.50863, 51.5084],
          [-0.5082, 51.50843],
          [-0.50765, 51.50847],
          [-0.50705, 51.50852],
          [-0.50647, 51.50857],
          [-0.50589, 51.50862],
          [-0.50524, 51.50868],
          [-0.50519, 51.50869],
          [-0.50449, 51.50876],
          [-0.50372, 51.50883],
          [-0.50298, 51.50891],
          [-0.50223, 51.50898],
          [-0.50134, 51.50908],
          [-0.50051, 51.50916],
          [-0.49969, 51.50924],
          [-0.49886, 51.50931],
          [-0.49816, 51.50938],
          [-0.49744, 51.50944],
          [-0.49676, 51.50949],
          [-0.49609, 51.50954],
          [-0.49539, 51.50959],
          [-0.49452, 51.50965],
          [-0.49379, 51.5097],
          [-0.49313, 51.50973],
          [-0.49236, 51.50977],
          [-0.49164, 51.50981],
          [-0.49096, 51.50984],
          [-0.49008, 51.50988],
          [-0.48959, 51.5099],
          [-0.48899, 51.50992],
          [-0.48835, 51.50995],
          [-0.48826, 51.50995],
          [-0.48761, 51.50997],
          [-0.48724, 51.50998],
          [-0.48649, 51.51],
          [-0.48568, 51.51002],
          [-0.48485, 51.51003],
          [-0.4839, 51.51004],
          [-0.4828, 51.51005],
          [-0.48177, 51.51005],
          [-0.48068, 51.51004],
          [-0.47931, 51.51002],
          [-0.47855, 51.51001],
          [-0.47758, 51.50999],
          [-0.47734, 51.50998],
          [-0.47698, 51.50997],
          [-0.4764, 51.50995],
          [-0.4763, 51.50995],
          [-0.47569, 51.50993],
          [-0.47508, 51.50991],
          [-0.47438, 51.50988],
          [-0.47405, 51.50986],
          [-0.47378, 51.50985],
          [-0.47312, 51.50981],
          [-0.47262, 51.50978],
          [-0.47211, 51.50975],
          [-0.47167, 51.50971],
          [-0.47099, 51.50967],
          [-0.47005, 51.5096],
          [-0.46938, 51.50956],
          [-0.46861, 51.5095],
          [-0.46823, 51.50947],
          [-0.46777, 51.50944],
          [-0.46715, 51.50939],
          [-0.46655, 51.50935],
          [-0.46586, 51.50929],
          [-0.46502, 51.50922],
          [-0.46441, 51.50917],
          [-0.46373, 51.5091],
          [-0.46308, 51.50904],
          [-0.46245, 51.50898],
          [-0.4617, 51.5089],
          [-0.46105, 51.50883],
          [-0.46042, 51.50876],
          [-0.4598, 51.50868],
          [-0.45914, 51.50859],
          [-0.45852, 51.50852],
          [-0.45791, 51.50844],
          [-0.45736, 51.50836],
          [-0.45668, 51.50827],
          [-0.45607, 51.50818],
          [-0.45546, 51.50809],
          [-0.45476, 51.50798],
          [-0.45422, 51.5079],
          [-0.4536, 51.5078],
          [-0.45336, 51.50776],
          [-0.45293, 51.50769],
          [-0.45218, 51.50757],
          [-0.45152, 51.50746],
          [-0.45107, 51.50738],
          [-0.45066, 51.50731],
          [-0.44986, 51.50716],
          [-0.44878, 51.50695],
          [-0.4481, 51.50681],
          [-0.44652, 51.50646],
          [-0.44616, 51.50638],
          [-0.44572, 51.50628],
          [-0.44572, 51.50628],
          [-0.44554, 51.50624],
          [-0.44469, 51.50606],
          [-0.44366, 51.50583],
          [-0.44243, 51.50557],
          [-0.44124, 51.50532],
          [-0.44049, 51.50518],
          [-0.43988, 51.50507],
          [-0.43923, 51.50495],
          [-0.4387, 51.50487],
          [-0.4381, 51.50477],
          [-0.43741, 51.50466],
          [-0.4364, 51.50451],
          [-0.43604, 51.50445],
          [-0.43552, 51.50438],
          [-0.43497, 51.5043],
          [-0.43442, 51.50422],
          [-0.43392, 51.50416],
          [-0.43324, 51.50407],
          [-0.43284, 51.50401],
          [-0.43214, 51.50393],
          [-0.43155, 51.50385],
          [-0.43097, 51.50379],
          [-0.43038, 51.50373],
          [-0.43023, 51.50371],
          [-0.42964, 51.50365],
          [-0.42909, 51.5036],
          [-0.42848, 51.50355],
          [-0.42724, 51.50344],
          [-0.4266, 51.50338],
          [-0.42594, 51.50332],
          [-0.42537, 51.50327],
          [-0.425, 51.50324],
          [-0.42448, 51.5032],
          [-0.42322, 51.5031],
          [-0.42301, 51.50309],
          [-0.42266, 51.50306],
          [-0.42201, 51.50302],
          [-0.42153, 51.503],
          [-0.42136, 51.50299],
          [-0.42118, 51.50298],
          [-0.42086, 51.50295],
          [-0.42057, 51.50294],
          [-0.41891, 51.50287],
          [-0.41726, 51.50281],
          [-0.41577, 51.50277],
          [-0.4155, 51.50277],
          [-0.415, 51.50276],
          [-0.41385, 51.50274],
          [-0.41296, 51.50273],
          [-0.4114, 51.50272],
          [-0.41037, 51.50273],
          [-0.40951, 51.50273],
          [-0.40768, 51.50277],
          [-0.40719, 51.50279],
          [-0.40614, 51.50282],
          [-0.40496, 51.50287],
          [-0.40405, 51.50292],
          [-0.40366, 51.50294],
          [-0.40262, 51.503],
          [-0.40109, 51.50309],
          [-0.40062, 51.50313],
          [-0.40009, 51.50317],
          [-0.39945, 51.50321],
          [-0.39798, 51.50334],
          [-0.39652, 51.5035],
          [-0.395, 51.50369],
          [-0.39452, 51.50375],
          [-0.39404, 51.50381],
          [-0.39404, 51.50381],
          [-0.3911, 51.50416],
          [-0.3887, 51.50448],
          [-0.38338, 51.50523],
          [-0.38056, 51.50563],
          [-0.37968, 51.50575],
          [-0.37911, 51.50583],
          [-0.37834, 51.50594],
          [-0.3764, 51.50622],
          [-0.37464, 51.50647],
          [-0.37187, 51.50686],
          [-0.37167, 51.50689],
          [-0.37167, 51.50689],
          [-0.36924, 51.50723],
          [-0.36845, 51.50734],
          [-0.36753, 51.50747],
          [-0.36675, 51.50758],
          [-0.36592, 51.5077],
          [-0.36501, 51.50783],
          [-0.36458, 51.50789],
          [-0.36412, 51.50795],
          [-0.36324, 51.50808],
          [-0.36245, 51.50819],
          [-0.36171, 51.50829],
          [-0.36076, 51.50843],
          [-0.35976, 51.50857],
          [-0.35871, 51.50872],
          [-0.35762, 51.50889],
          [-0.35661, 51.50905],
          [-0.35554, 51.50922],
          [-0.35516, 51.50929],
          [-0.35478, 51.50936],
          [-0.35435, 51.50942],
          [-0.35373, 51.50953],
          [-0.3527, 51.5097],
          [-0.35174, 51.50984],
          [-0.3508, 51.50999],
          [-0.34985, 51.51013],
          [-0.34877, 51.51029],
          [-0.3479, 51.51042],
          [-0.34671, 51.51059],
          [-0.34655, 51.51061],
          [-0.34325, 51.51105],
          [-0.3415, 51.5113],
          [-0.34086, 51.51138],
          [-0.3403, 51.51146],
          [-0.33819, 51.51174],
          [-0.33768, 51.51181],
          [-0.33725, 51.51186],
          [-0.33688, 51.5119],
          [-0.3366, 51.51193],
          [-0.33629, 51.51197],
          [-0.3359, 51.51201],
          [-0.33539, 51.51207],
          [-0.33487, 51.51212],
          [-0.33432, 51.51218],
          [-0.33377, 51.51224],
          [-0.33321, 51.51229],
          [-0.33268, 51.51234],
          [-0.33217, 51.5124],
          [-0.33168, 51.51245],
          [-0.33114, 51.5125],
          [-0.3306, 51.51255],
          [-0.33013, 51.5126],
          [-0.32963, 51.51265],
          [-0.32913, 51.51269],
          [-0.32846, 51.51276],
          [-0.32792, 51.51281],
          [-0.3273, 51.51287],
          [-0.32662, 51.51293],
          [-0.32591, 51.513],
          [-0.32527, 51.51305],
          [-0.32464, 51.51311],
          [-0.32386, 51.51318],
          [-0.32326, 51.51321],
          [-0.32256, 51.51327],
          [-0.32183, 51.51333],
          [-0.32127, 51.51337],
          [-0.32081, 51.5134],
          [-0.32, 51.51346],
          [-0.31986, 51.51347],
          [-0.3196, 51.51349],
          [-0.31932, 51.51351],
          [-0.31851, 51.51357],
          [-0.31777, 51.51362],
          [-0.31701, 51.51367],
          [-0.31545, 51.51378],
          [-0.31449, 51.51384],
          [-0.31364, 51.51389],
          [-0.30616, 51.51436],
          [-0.30477, 51.51445],
          [-0.30443, 51.51448],
          [-0.30394, 51.51451],
          [-0.30348, 51.51453],
          [-0.30282, 51.51458],
          [-0.30152, 51.51466],
          [-0.30024, 51.51473],
          [-0.29896, 51.51478],
          [-0.29789, 51.51481],
          [-0.29724, 51.51483],
          [-0.29695, 51.51484],
          [-0.296, 51.51485],
          [-0.29501, 51.51487],
          [-0.2939, 51.51487],
          [-0.29292, 51.51487],
          [-0.29236, 51.51487],
          [-0.29231, 51.51487],
          [-0.29179, 51.51488],
          [-0.29169, 51.51488],
          [-0.29169, 51.51488],
          [-0.29105, 51.51489],
          [-0.2898, 51.51492],
          [-0.28908, 51.51493],
          [-0.28908, 51.51493],
          [-0.2889, 51.51493],
          [-0.28683, 51.51494],
          [-0.28683, 51.51494],
          [-0.28602, 51.51496],
          [-0.28513, 51.51499],
          [-0.28474, 51.515],
          [-0.28428, 51.51502],
          [-0.28428, 51.51502],
          [-0.28316, 51.51506],
          [-0.28277, 51.51507],
          [-0.28277, 51.51507],
          [-0.28225, 51.5151],
          [-0.28149, 51.51513],
          [-0.27969, 51.51523],
          [-0.27844, 51.51534],
          [-0.27715, 51.51547],
          [-0.27588, 51.51563],
          [-0.27511, 51.51573],
          [-0.27433, 51.51584],
          [-0.27328, 51.516],
          [-0.27294, 51.51605],
          [-0.27159, 51.51626],
          [-0.27086, 51.51639],
          [-0.27011, 51.51654],
          [-0.26917, 51.51674],
          [-0.2669, 51.51724],
          [-0.2668, 51.51726],
          [-0.26669, 51.51728],
          [-0.26628, 51.51735],
          [-0.2653, 51.51755],
          [-0.26478, 51.51767],
          [-0.26478, 51.51767],
          [-0.26441, 51.51776],
          [-0.26399, 51.51789],
          [-0.26381, 51.51794],
          [-0.26375, 51.51795],
          [-0.26375, 51.51795],
          [-0.26296, 51.51817],
          [-0.2626, 51.51827],
          [-0.26202, 51.51845],
          [-0.26153, 51.51863],
          [-0.26059, 51.51897],
          [-0.26019, 51.51911],
          [-0.25954, 51.51936],
          [-0.25893, 51.5196],
          [-0.25836, 51.51985],
          [-0.25802, 51.52001],
          [-0.25766, 51.52019],
          [-0.25747, 51.52028],
          [-0.25728, 51.52037],
          [-0.25705, 51.52049],
          [-0.25685, 51.5206],
          [-0.25671, 51.52068],
          [-0.25658, 51.52077],
          [-0.25642, 51.52088],
          [-0.25628, 51.52099],
          [-0.25612, 51.52114],
          [-0.25594, 51.52132],
          [-0.25583, 51.52146],
          [-0.25549, 51.52187],
          [-0.25549, 51.52187],
          [-0.25519, 51.52232],
          [-0.2551, 51.52246],
          [-0.25486, 51.52283],
          [-0.25483, 51.52287],
          [-0.25456, 51.52329],
          [-0.25456, 51.52329],
          [-0.25438, 51.52358],
          [-0.25431, 51.52373],
          [-0.25431, 51.52373],
          [-0.25421, 51.52392],
          [-0.25414, 51.52407],
          [-0.25404, 51.52434],
          [-0.25395, 51.52468],
          [-0.25391, 51.525],
          [-0.25387, 51.52555],
          [-0.25387, 51.52588],
          [-0.25388, 51.52613],
          [-0.25392, 51.52654],
          [-0.25395, 51.52675],
          [-0.25411, 51.52752],
          [-0.25419, 51.52794],
          [-0.25428, 51.52834],
          [-0.25443, 51.52902],
          [-0.25443, 51.52902],
          [-0.25454, 51.52944],
          [-0.25463, 51.5298],
          [-0.25491, 51.53093],
          [-0.25496, 51.5311],
          [-0.25512, 51.53174],
          [-0.25522, 51.53214],
          [-0.25529, 51.5324],
          [-0.25536, 51.53265],
          [-0.25547, 51.5331],
          [-0.25555, 51.53337],
          [-0.25563, 51.53368],
          [-0.25575, 51.53414],
          [-0.25585, 51.53453],
          [-0.25609, 51.53546],
          [-0.25618, 51.53578],
          [-0.25623, 51.53595],
          [-0.25632, 51.53636],
          [-0.25643, 51.53685],
          [-0.25648, 51.53709],
          [-0.2565, 51.53733],
          [-0.25656, 51.5377],
          [-0.25663, 51.53833],
          [-0.25667, 51.53889],
          [-0.25669, 51.5395],
          [-0.25669, 51.54012],
          [-0.25666, 51.54058],
          [-0.25663, 51.54092],
          [-0.25656, 51.54141],
          [-0.25653, 51.54165],
          [-0.25649, 51.54188],
          [-0.25641, 51.54228],
          [-0.25635, 51.54256],
          [-0.25628, 51.54285],
          [-0.25613, 51.54339],
          [-0.25608, 51.54357],
          [-0.25602, 51.54373],
          [-0.25593, 51.54401],
          [-0.25571, 51.54456],
          [-0.2556, 51.54482],
          [-0.25549, 51.54507],
          [-0.25525, 51.54558],
          [-0.25506, 51.54594],
          [-0.25484, 51.54634],
          [-0.2548, 51.54642],
          [-0.25459, 51.54678],
          [-0.25446, 51.54699],
          [-0.25433, 51.5472],
          [-0.25405, 51.54763],
          [-0.25389, 51.54785],
          [-0.25371, 51.54811],
          [-0.25335, 51.54857],
          [-0.25294, 51.54904],
          [-0.25251, 51.54949],
          [-0.25208, 51.54992],
          [-0.25162, 51.55036],
          [-0.25129, 51.55064],
          [-0.25094, 51.55093],
          [-0.25094, 51.55093],
          [-0.24991, 51.55168],
          [-0.2495, 51.55195],
          [-0.24922, 51.55212],
          [-0.24886, 51.55239],
          [-0.24864, 51.55252],
          [-0.24808, 51.55284],
          [-0.24801, 51.55288],
          [-0.24738, 51.5532],
          [-0.24696, 51.55341],
          [-0.24623, 51.55373],
          [-0.2461, 51.55379],
          [-0.245, 51.55424],
          [-0.24398, 51.55462],
          [-0.24343, 51.5548],
          [-0.24277, 51.55499],
          [-0.24196, 51.55522],
          [-0.24087, 51.55543],
          [-0.24024, 51.55557],
          [-0.23952, 51.55572],
          [-0.23938, 51.55575],
          [-0.23897, 51.55583],
          [-0.23819, 51.55597],
          [-0.23801, 51.55601],
          [-0.23741, 51.55612],
          [-0.2359, 51.55642],
          [-0.23499, 51.55659],
          [-0.23416, 51.55677],
          [-0.23379, 51.55686],
          [-0.23343, 51.55695],
          [-0.23282, 51.55711],
          [-0.23169, 51.55745],
          [-0.23168, 51.55745],
          [-0.23128, 51.55759],
          [-0.23094, 51.5577],
          [-0.23094, 51.5577],
          [-0.23042, 51.55785],
          [-0.22971, 51.55805],
          [-0.22931, 51.55819],
          [-0.22891, 51.55836],
          [-0.2283, 51.55862],
          [-0.22758, 51.55896],
          [-0.22695, 51.55927],
          [-0.2264, 51.55957],
          [-0.22548, 51.56007],
          [-0.22466, 51.56052],
          [-0.22383, 51.56096],
          [-0.22354, 51.56109],
          [-0.22324, 51.56121],
          [-0.2229, 51.56132],
          [-0.2225, 51.56143],
          [-0.22167, 51.5616],
          [-0.22089, 51.56168],
          [-0.22054, 51.56169],
          [-0.21996, 51.56167],
          [-0.21953, 51.56164],
          [-0.2191, 51.56159],
          [-0.21865, 51.56151],
          [-0.21827, 51.56143],
          [-0.21781, 51.56129],
          [-0.21731, 51.56114],
          [-0.21683, 51.56097],
          [-0.21624, 51.56075],
          [-0.21583, 51.56059],
          [-0.21553, 51.56043],
          [-0.21512, 51.56018],
          [-0.21435, 51.5596],
          [-0.21401, 51.55932],
          [-0.21343, 51.55885],
          [-0.21267, 51.55823],
          [-0.21243, 51.55802],
          [-0.21201, 51.55763],
          [-0.21162, 51.55723],
          [-0.21111, 51.55665],
          [-0.21075, 51.55627],
          [-0.2103, 51.55576],
          [-0.20979, 51.55519],
          [-0.20926, 51.55465],
          [-0.20869, 51.55411],
          [-0.20824, 51.55372],
          [-0.20824, 51.55372],
          [-0.20787, 51.55341],
          [-0.20754, 51.55316],
          [-0.20723, 51.55294],
          [-0.20678, 51.55262],
          [-0.20646, 51.55242],
          [-0.20605, 51.55215],
          [-0.20563, 51.5519],
          [-0.20528, 51.55169],
          [-0.20484, 51.55145],
          [-0.20439, 51.55122],
          [-0.20387, 51.55097],
          [-0.20347, 51.55078],
          [-0.20298, 51.55058],
          [-0.20251, 51.5504],
          [-0.20203, 51.55023],
          [-0.2016, 51.55007],
          [-0.20105, 51.54988],
          [-0.20015, 51.5496],
          [-0.19959, 51.54944],
          [-0.19925, 51.54935],
          [-0.19838, 51.54913],
          [-0.19807, 51.54906],
          [-0.19782, 51.549],
          [-0.19782, 51.549],
          [-0.197, 51.54887],
          [-0.19672, 51.54882],
          [-0.19647, 51.54878],
          [-0.19627, 51.54874],
          [-0.19627, 51.54874],
          [-0.19551, 51.54866],
          [-0.19551, 51.54866],
          [-0.19506, 51.54859],
          [-0.19441, 51.54851],
          [-0.1936, 51.54843],
          [-0.19288, 51.54839],
          [-0.19233, 51.54837],
          [-0.192, 51.54836],
          [-0.19167, 51.54835],
          [-0.19167, 51.54835],
          [-0.19092, 51.54833],
          [-0.19019, 51.54831],
          [-0.18922, 51.54829],
          [-0.18906, 51.54829],
          [-0.18874, 51.54828],
          [-0.18806, 51.54827],
          [-0.18751, 51.54827],
          [-0.18751, 51.54827],
          [-0.18686, 51.54827],
          [-0.18674, 51.54827],
          [-0.18641, 51.54828],
          [-0.18592, 51.5483],
          [-0.18552, 51.54831],
          [-0.18469, 51.54837],
          [-0.18402, 51.54842],
          [-0.1829, 51.54851],
          [-0.18143, 51.54866],
          [-0.17992, 51.54887],
          [-0.17867, 51.54906],
          [-0.17767, 51.54922],
          [-0.17585, 51.5495],
          [-0.17309, 51.54993],
          [-0.17038, 51.55034],
          [-0.16646, 51.55094],
          [-0.16491, 51.55118],
          [-0.16257, 51.55153],
          [-0.15941, 51.55199],
          [-0.15876, 51.55211],
          [-0.15866, 51.55213],
          [-0.15857, 51.55214],
          [-0.15847, 51.55215],
          [-0.15838, 51.55217],
          [-0.15829, 51.55218],
          [-0.1582, 51.5522],
          [-0.1581, 51.55221],
          [-0.15801, 51.55222],
          [-0.15791, 51.55224],
          [-0.15782, 51.55225],
          [-0.15774, 51.55226],
          [-0.15768, 51.55227],
          [-0.15755, 51.55228],
          [-0.15753, 51.55228],
          [-0.15636, 51.55241],
          [-0.15553, 51.5525],
          [-0.15553, 51.5525],
          [-0.15484, 51.55257],
          [-0.1541, 51.55264],
          [-0.15389, 51.55265],
          [-0.15366, 51.55266],
          [-0.15315, 51.55268],
          [-0.15239, 51.55269],
          [-0.15239, 51.55269],
          [-0.15123, 51.55273],
          [-0.15123, 51.55273],
          [-0.1506, 51.55271],
          [-0.1506, 51.55271],
          [-0.15046, 51.55271],
          [-0.15035, 51.55272],
          [-0.1502, 51.55272],
          [-0.1502, 51.55272],
          [-0.14971, 51.5527],
          [-0.14904, 51.55265],
          [-0.14846, 51.5526],
          [-0.14802, 51.55255],
          [-0.14736, 51.55247],
          [-0.14647, 51.55235],
          [-0.14537, 51.55215],
          [-0.14513, 51.5521],
          [-0.14466, 51.552],
          [-0.14424, 51.55191],
          [-0.14399, 51.55186],
          [-0.14327, 51.55171],
          [-0.14285, 51.55162],
          [-0.14237, 51.55151],
          [-0.14184, 51.55138],
          [-0.14112, 51.55116],
          [-0.14083, 51.55107],
          [-0.14008, 51.55082],
          [-0.13991, 51.55076],
          [-0.13977, 51.55071],
          [-0.1396, 51.55065],
          [-0.13944, 51.55058],
          [-0.13916, 51.55046],
          [-0.13894, 51.55035],
          [-0.13873, 51.55025],
          [-0.13856, 51.55016],
          [-0.1384, 51.55007],
          [-0.13821, 51.54996],
          [-0.13808, 51.54987],
          [-0.13779, 51.54968],
          [-0.13728, 51.54933],
          [-0.13703, 51.54916],
          [-0.13681, 51.54901],
          [-0.13636, 51.5487],
          [-0.13598, 51.54842],
          [-0.13564, 51.54816],
          [-0.13544, 51.548],
          [-0.13524, 51.54783],
          [-0.13488, 51.5475],
          [-0.13468, 51.54732],
          [-0.13446, 51.54711],
          [-0.13432, 51.54698],
          [-0.13419, 51.54684],
          [-0.13411, 51.54675],
          [-0.13402, 51.54665],
          [-0.13387, 51.54649],
          [-0.13372, 51.54632],
          [-0.13358, 51.54615],
          [-0.13344, 51.54599],
          [-0.13307, 51.54552],
          [-0.13293, 51.54535],
          [-0.13235, 51.54461],
          [-0.13168, 51.54376],
          [-0.13138, 51.54333],
          [-0.1312, 51.54299],
          [-0.13103, 51.54268],
          [-0.13089, 51.54238],
          [-0.13086, 51.54231],
          [-0.13082, 51.5422],
          [-0.13077, 51.54205],
          [-0.13074, 51.54193],
          [-0.13061, 51.54158],
          [-0.1305, 51.54129],
          [-0.13037, 51.54097],
          [-0.13026, 51.54063],
          [-0.13012, 51.54039],
          [-0.12986, 51.53997],
          [-0.12965, 51.5395],
          [-0.12941, 51.53873],
          [-0.12919, 51.53782],
          [-0.129, 51.53691],
          [-0.12892, 51.53624],
          [-0.12887, 51.53593],
          [-0.12876, 51.53562],
          [-0.12861, 51.53515],
          [-0.12844, 51.53469],
          [-0.12817, 51.53396],
          [-0.12798, 51.53351],
          [-0.12787, 51.53306],
          [-0.12769, 51.53252],
          [-0.1276, 51.53231],
          [-0.12715, 51.53137],
          [-0.12711, 51.53129],
          [-0.12709, 51.53126],
          [-0.127, 51.53114],
          [-0.12686, 51.53099],
          [-0.12661, 51.5308],
          [-0.1264, 51.53065],
          [-0.12613, 51.53055],
          [-0.12586, 51.53047],
          [-0.12552, 51.5304],
          [-0.1251, 51.53036],
          [-0.12462, 51.53034],
          [-0.12443, 51.53034],
          [-0.12422, 51.53035],
          [-0.12401, 51.53037],
          [-0.12377, 51.53041],
          [-0.12358, 51.53044],
          [-0.12336, 51.53049],
          [-0.12311, 51.53057],
          [-0.1229, 51.53063],
          [-0.12266, 51.53067],
          [-0.1224, 51.53069],
          [-0.12215, 51.53071],
          [-0.12184, 51.53072],
          [-0.12127, 51.53073],
          [-0.12091, 51.53073],
          [-0.12071, 51.53071],
          [-0.12063, 51.5307],
          [-0.12054, 51.53069],
          [-0.12043, 51.53067],
          [-0.12006, 51.53057],
          [-0.11968, 51.53047],
          [-0.11953, 51.53043],
          [-0.11933, 51.53037],
          [-0.11907, 51.53029],
          [-0.11876, 51.53017],
          [-0.11854, 51.53007],
          [-0.11832, 51.52994],
          [-0.11827, 51.52991],
          [-0.1164, 51.52883],
          [-0.11622, 51.52872],
          [-0.11601, 51.5286],
          [-0.11559, 51.52836],
          [-0.11559, 51.52836],
          [-0.11545, 51.52828],
          [-0.11532, 51.5282],
          [-0.11495, 51.52797],
          [-0.11453, 51.52773],
          [-0.11443, 51.52768],
          [-0.11332, 51.52695],
          [-0.11243, 51.52638],
          [-0.11088, 51.52543],
          [-0.10996, 51.52481],
          [-0.10982, 51.52469],
          [-0.10975, 51.52465],
          [-0.10971, 51.52461],
          [-0.10964, 51.52455],
          [-0.10957, 51.52448],
          [-0.1095, 51.52442],
          [-0.10939, 51.52434],
          [-0.10929, 51.52426],
          [-0.10917, 51.52418],
          [-0.10905, 51.5241],
          [-0.10898, 51.52405],
          [-0.10888, 51.52399],
          [-0.1088, 51.52395],
          [-0.10872, 51.52391],
          [-0.10862, 51.52386],
          [-0.10841, 51.52374],
          [-0.10809, 51.52354],
          [-0.1079, 51.52339],
          [-0.10782, 51.52331],
          [-0.10776, 51.52325],
          [-0.10773, 51.52321],
          [-0.10746, 51.5229],
          [-0.10733, 51.52277],
          [-0.10709, 51.52256],
          [-0.10696, 51.52245],
          [-0.10685, 51.52235],
          [-0.10678, 51.52229],
          [-0.10661, 51.52213],
          [-0.10646, 51.52198],
          [-0.10631, 51.52182],
          [-0.10616, 51.52163],
          [-0.10607, 51.52153],
          [-0.10602, 51.52146],
          [-0.10593, 51.52136],
          [-0.10585, 51.52126],
          [-0.10572, 51.52112],
          [-0.10564, 51.52102],
          [-0.10554, 51.52089],
          [-0.10548, 51.52081],
          [-0.10543, 51.52074],
          [-0.10539, 51.52068],
          [-0.10539, 51.52068]
        ]
      }
    },
    {
      "type": "Feature",
      "properties": { "name": "NSZ4455", "icon": null, "type": "flight", "order": 3 },
      "geometry": {
        "type": "LineString",
        "coordinates": [
          [17.91463, 59.64082, 152.0],
          [17.91046, 59.62958, 305.0],
          [17.90383, 59.61745, 427.0],
          [17.88437, 59.60683, 511.0],
          [17.85727, 59.59955, 671.0],
          [17.81918, 59.58948, 1059.0],
          [17.76855, 59.57538, 1273.0],
          [17.73477, 59.56915, 1455.0],
          [17.70016, 59.56828, 1669.0],
          [17.63239, 59.57029, 2080.0],
          [17.5816, 59.56824, 2362.0],
          [17.54471, 59.56325, 2583.0],
          [17.47769, 59.55382, 2911.0],
          [17.40253, 59.54348, 3193.0],
          [17.32127, 59.53212, 3353.0],
          [17.23774, 59.52053, 3650.0],
          [17.14937, 59.50824, 4016.0],
          [17.06113, 59.49586, 4389.0],
          [16.97333, 59.48351, 4671.0],
          [16.87866, 59.47005, 4991.0],
          [16.78436, 59.45673, 5380.0],
          [16.69409, 59.44377, 5723.0],
          [16.6261, 59.42961, 5982.0],
          [16.50806, 59.39635, 6386.0],
          [16.42295, 59.37249, 6675.0],
          [16.3343, 59.34773, 6942.0],
          [16.24281, 59.32198, 7224.0],
          [16.15201, 59.29619, 7506.0],
          [16.05936, 59.26973, 7780.0],
          [15.96768, 59.24345, 8047.0],
          [15.87332, 59.21635, 8306.0],
          [15.77987, 59.18945, 8512.0],
          [15.68564, 59.16226, 8710.0],
          [15.58913, 59.13414, 8885.0],
          [15.49329, 59.10612, 9045.0],
          [15.39317, 59.07679, 9197.0],
          [15.2942, 59.0477, 9334.0],
          [15.19125, 59.0172, 9472.0],
          [15.09293, 58.98811, 9700.0],
          [14.99103, 58.95776, 10028.0],
          [14.89149, 58.92787, 10234.0],
          [14.7919, 58.89789, 10356.0],
          [14.69705, 58.86932, 10439.0],
          [14.62112, 58.84621, 10493.0],
          [14.56979, 58.83058, 10523.0],
          [14.45934, 58.79686, 10630.0],
          [14.35583, 58.76508, 10805.0],
          [14.25662, 58.73451, 10973.0],
          [14.1573, 58.7038, 10973.0],
          [14.04886, 58.67001, 10973.0],
          [13.94971, 58.63911, 10973.0],
          [13.85385, 58.60913, 10973.0],
          [13.74939, 58.57631, 10973.0],
          [13.65477, 58.54655, 10973.0],
          [13.54375, 58.51208, 10973.0],
          [13.44886, 58.48283, 10973.0],
          [13.34537, 58.45052, 10973.0],
          [13.25013, 58.42053, 10973.0],
          [13.15001, 58.38899, 10973.0],
          [13.0546, 58.35877, 10973.0],
          [12.95306, 58.3266, 10973.0],
          [12.85931, 58.29676, 10973.0],
          [12.75823, 58.26453, 10973.0],
          [12.68026, 58.23958, 10973.0],
          [12.55609, 58.19951, 10973.0],
          [12.45511, 58.1667, 10973.0],
          [12.36035, 58.13588, 10973.0],
          [12.25941, 58.10284, 10973.0],
          [12.16638, 58.07222, 10973.0],
          [12.07123, 58.04068, 10973.0],
          [11.97345, 58.00832, 10973.0],
          [11.87994, 57.97751, 10973.0],
          [11.80605, 57.95293, 10973.0],
          [11.68222, 57.91136, 10973.0],
          [11.61328, 57.88808, 10973.0],
          [11.51722, 57.85565, 10973.0],
          [11.42084, 57.82305, 10973.0],
          [11.32744, 57.79134, 10973.0],
          [11.23361, 57.75929, 10973.0],
          [11.13585, 57.72583, 10973.0],
          [11.04323, 57.69406, 10973.0],
          [10.94566, 57.66025, 10973.0],
          [10.84857, 57.62645, 10973.0],
          [10.75416, 57.59354, 10973.0],
          [10.66064, 57.56096, 10973.0],
          [10.53082, 57.51535, 10973.0],
          [10.44371, 57.48436, 10973.0],
          [10.37021, 57.45817, 10973.0],
          [10.27399, 57.42409, 10973.0],
          [10.17961, 57.39052, 10973.0],
          [10.0882, 57.35779, 10973.0],
          [9.99464, 57.32405, 10973.0],
          [9.9009, 57.29002, 10973.0],
          [9.80933, 57.25694, 10973.0],
          [9.71519, 57.2221, 10973.0],
          [9.62783, 57.18845, 10973.0],
          [9.53711, 57.15344, 10973.0],
          [9.45134, 57.12053, 10973.0],
          [9.32101, 57.07048, 10973.0],
          [9.22781, 57.03445, 10973.0],
          [9.13573, 56.99854, 10973.0],
          [9.04973, 56.96498, 10973.0],
          [8.95497, 56.92809, 10973.0],
          [8.86399, 56.89252, 10973.0],
          [8.77524, 56.85805, 10973.0],
          [8.6834, 56.82166, 10973.0],
          [8.59654, 56.78682, 10973.0],
          [8.5051, 56.75011, 10973.0],
          [8.41441, 56.71385, 10973.0],
          [8.32463, 56.67787, 10973.0],
          [8.24, 56.64386, 10973.0],
          [8.14734, 56.60645, 10973.0],
          [8.0565, 56.56958, 10973.0],
          [7.96775, 56.53336, 10973.0],
          [7.87828, 56.49673, 10973.0],
          [7.79102, 56.46093, 10973.0],
          [7.70258, 56.42427, 10973.0],
          [7.61421, 56.38784, 10973.0],
          [7.52272, 56.35002, 10973.0],
          [7.43633, 56.31409, 10973.0],
          [7.34779, 56.27705, 10973.0],
          [7.25206, 56.23691, 10973.0],
          [7.17012, 56.20228, 10973.0],
          [7.12838, 56.18459, 10973.0],
          [7.04026, 56.14726, 10973.0],
          [6.951, 56.10946, 10973.0],
          [6.86551, 56.07301, 10973.0],
          [6.73171, 56.01553, 10973.0],
          [6.64307, 55.97731, 10973.0],
          [6.55798, 55.94052, 10973.0],
          [6.46854, 55.90179, 10973.0],
          [6.3848, 55.86539, 10973.0],
          [6.29758, 55.82744, 10973.0],
          [6.21102, 55.78954, 10973.0],
          [6.11897, 55.74898, 10973.0],
          [6.03549, 55.71208, 10973.0],
          [5.94515, 55.67201, 10973.0],
          [5.85779, 55.63312, 10973.0],
          [5.77165, 55.59476, 10973.0],
          [5.68474, 55.55605, 10973.0],
          [5.59856, 55.51755, 10973.0],
          [5.51376, 55.47937, 10973.0],
          [5.42571, 55.43948, 10973.0],
          [5.34283, 55.40181, 10973.0],
          [5.25962, 55.36397, 10973.0],
          [5.16664, 55.32138, 10973.0],
          [5.07706, 55.28018, 10973.0],
          [5.0277, 55.25491, 10973.0],
          [4.97293, 55.21495, 10973.0],
          [4.90681, 55.14522, 10973.0],
          [4.84955, 55.08466, 10973.0],
          [4.79728, 55.02959, 10973.0],
          [4.74609, 54.97495, 10973.0],
          [4.69441, 54.91935, 10973.0],
          [4.64269, 54.86357, 10973.0],
          [4.59051, 54.8069, 10973.0],
          [4.53913, 54.7511, 10973.0],
          [4.48654, 54.69402, 10973.0],
          [4.43423, 54.6372, 10973.0],
          [4.3808, 54.5787, 10973.0],
          [4.32724, 54.51984, 10973.0],
          [4.27784, 54.46509, 10973.0],
          [4.22533, 54.40714, 10973.0],
          [4.17505, 54.35161, 10973.0],
          [4.12464, 54.29558, 10973.0],
          [4.0742, 54.23932, 10973.0],
          [4.02327, 54.18214, 10973.0],
          [3.9735, 54.1261, 10973.0],
          [3.92314, 54.06944, 10973.0],
          [3.87163, 54.01149, 10973.0],
          [3.81985, 53.95274, 10912.0],
          [3.7709, 53.89711, 10836.0],
          [3.72028, 53.83942, 10759.0],
          [3.67092, 53.78297, 10683.0],
          [3.62156, 53.72658, 10607.0],
          [3.57299, 53.67119, 10546.0],
          [3.52347, 53.61369, 10462.0],
          [3.4727, 53.55446, 10394.0],
          [3.42555, 53.49937, 10363.0],
          [3.37414, 53.43938, 10363.0],
          [3.32627, 53.38345, 10363.0],
          [3.27542, 53.3242, 10363.0],
          [3.22626, 53.26665, 10363.0],
          [3.18692, 53.22019, 10363.0],
          [3.13479, 53.15863, 10363.0],
          [3.08355, 53.09793, 10173.0],
          [3.03497, 53.03993, 9914.0],
          [2.98907, 52.98473, 9677.0],
          [2.93922, 52.92535, 9418.0],
          [2.89042, 52.867, 9174.0],
          [2.83981, 52.80607, 8915.0],
          [2.79359, 52.74964, 8672.0],
          [2.74658, 52.69299, 8458.0],
          [2.69516, 52.63087, 8313.0],
          [2.64661, 52.57167, 8161.0],
          [2.59764, 52.51167, 7993.0],
          [2.54844, 52.4511, 7925.0],
          [2.49837, 52.38914, 7925.0],
          [2.44885, 52.32821, 7925.0],
          [2.39799, 52.26544, 7925.0],
          [2.34927, 52.20466, 7932.0],
          [2.30219, 52.14609, 7925.0],
          [2.25369, 52.08539, 7879.0],
          [2.20741, 52.0275, 7711.0],
          [2.15819, 51.96575, 7574.0],
          [2.1106, 51.9061, 7407.0],
          [2.06535, 51.84867, 7262.0],
          [2.0195, 51.79048, 7071.0],
          [1.99402, 51.75836, 6957.0],
          [1.94656, 51.69784, 6736.0],
          [1.91803, 51.6667, 6614.0],
          [1.88542, 51.6411, 6500.0],
          [1.84541, 51.61743, 6256.0],
          [1.77376, 51.57867, 5867.0],
          [1.69123, 51.53284, 5425.0],
          [1.65107, 51.5105, 5174.0],
          [1.59142, 51.48193, 4884.0],
          [1.53961, 51.45624, 4679.0],
          [1.496, 51.43469, 4572.0],
          [1.4041, 51.38969, 4366.0],
          [1.33751, 51.35715, 4161.0],
          [1.27182, 51.32496, 3940.0],
          [1.20674, 51.29288, 3787.0],
          [1.09366, 51.23685, 3658.0],
          [1.03041, 51.20544, 3658.0],
          [0.96542, 51.17297, 3658.0],
          [0.91187, 51.14629, 3658.0],
          [0.86844, 51.12447, 3650.0],
          [0.81055, 51.09527, 3650.0],
          [0.7585, 51.06935, 3658.0],
          [0.70946, 51.04471, 3650.0],
          [0.66245, 51.02097, 3658.0],
          [0.6067, 50.993, 3658.0],
          [0.56112, 50.96979, 3658.0],
          [0.52841, 50.95315, 3650.0],
          [0.48073, 50.92896, 3444.0],
          [0.45265, 50.918, 3345.0],
          [0.42141, 50.91637, 3269.0],
          [0.35208, 50.9295, 3048.0],
          [0.30339, 50.93784, 3040.0],
          [0.27481, 50.94255, 2964.0],
          [0.24994, 50.95026, 2873.0],
          [0.21876, 50.9556, 2781.0],
          [0.19003, 50.95427, 2697.0],
          [0.14564, 50.95166, 2568.0],
          [0.09658, 50.94868, 2431.0],
          [0.06516, 50.94714, 2339.0],
          [0.03891, 50.95361, 2233.0],
          [0.02539, 50.97098, 2103.0],
          [0.0354, 50.98843, 1989.0],
          [0.06386, 51.00403, 1897.0],
          [0.10289, 51.02463, 1798.0],
          [0.13985, 51.04362, 1699.0],
          [0.16685, 51.05761, 1615.0],
          [0.1799, 51.07009, 1577.0],
          [0.17982, 51.08321, 1524.0],
          [0.16724, 51.09622, 1433.0],
          [0.15871, 51.10954, 1341.0],
          [0.14921, 51.13179, 1242.0],
          [0.14186, 51.14909, 1166.0],
          [0.13359, 51.16133, 1128.0],
          [0.1107, 51.16906, 1067.0],
          [0.08583, 51.17492, 991.0],
          [0.06488, 51.17953, 930.0],
          [0.04219, 51.17934, 869.0],
          [0.00885, 51.17567, 732.0],
          [-0.01778, 51.1718, 625.0],
          [-0.04318, 51.1684, 526.0],
          [-0.05011, 51.1674, 495.0],
          [-0.05989, 51.16612, 457.0],
          [-0.07839, 51.16351, 381.0],
          [-0.09567, 51.16114, 312.0],
          [-0.11246, 51.15891, 244.0],
          [-0.12802, 51.15672, 175.0],
          [-0.14404, 51.15458, 122.0],
          [-0.16121, 51.15216, 53.0],
          [-0.17876, 51.14974, -15.0]
        ]
      }
    },
    {
      "type": "Feature",
      "properties": { "name": "EGLL Airport", "icon": "target", "type": null, "order": null },
      "geometry": { "type": "Point", "coordinates": [-0.461389, 51.4775, 0.0] }
    },
    {
      "type": "Feature",
      "properties": { "name": "KATL Airport", "icon": "target", "type": null, "order": null },
      "geometry": { "type": "Point", "coordinates": [-84.427864, 33.6366996, 0.0] }
    },
    {
      "type": "Feature",
      "properties": { "name": "DAL33", "icon": null, "type": "flight", "order": 4 },
      "geometry": {
        "type": "LineString",
        "coordinates": [
          [-0.48897, 51.47745, 145.0],
          [-0.50972, 51.47709, 320.0],
          [-0.53268, 51.47602, 404.0],
          [-0.558, 51.47237, 488.0],
          [-0.60524, 51.46508, 792.0],
          [-0.63454, 51.46071, 1036.0],
          [-0.67177, 51.45572, 1372.0],
          [-0.68489, 51.45531, 1478.0],
          [-0.70647, 51.45538, 1669.0],
          [-0.74509, 51.45521, 1966.0],
          [-0.77595, 51.45172, 2187.0],
          [-0.81429, 51.44604, 2492.0],
          [-0.85419, 51.43982, 2728.0],
          [-0.89378, 51.43352, 3040.0],
          [-0.93503, 51.42636, 3223.0],
          [-0.97557, 51.42602, 3284.0],
          [-1.10016, 51.45694, 3589.0],
          [-1.24779, 51.49799, 4298.0],
          [-1.33041, 51.52015, 4557.0],
          [-1.41586, 51.54338, 4572.0],
          [-1.50297, 51.56699, 4564.0],
          [-1.58379, 51.58886, 4587.0],
          [-1.64101, 51.6039, 4846.0],
          [-1.73376, 51.62846, 5189.0],
          [-1.82144, 51.65166, 5570.0],
          [-1.91155, 51.67548, 5890.0],
          [-1.9725, 51.69114, 6104.0],
          [-2.05254, 51.71176, 6378.0],
          [-2.11021, 51.72549, 6546.0],
          [-2.25279, 51.7408, 6934.0],
          [-2.35153, 51.75208, 7178.0],
          [-2.45239, 51.76423, 7422.0],
          [-2.50977, 51.77126, 7544.0],
          [-2.6123, 51.78392, 7780.0],
          [-2.67433, 51.79113, 7910.0],
          [-2.74888, 51.79861, 8123.0],
          [-2.85875, 51.80946, 8504.0],
          [-2.9644, 51.81995, 8801.0],
          [-3.07001, 51.83061, 9045.0],
          [-3.17711, 51.84132, 9304.0],
          [-3.2809, 51.85162, 9647.0],
          [-3.3849, 51.86197, 9754.0],
          [-3.4864, 51.87195, 9754.0],
          [-3.55003, 51.87814, 9754.0],
          [-3.65384, 51.88811, 9754.0],
          [-3.75557, 51.89781, 9754.0],
          [-3.82654, 51.90444, 9754.0],
          [-3.93265, 51.91438, 9754.0],
          [-4.03033, 51.92339, 9754.0],
          [-4.13071, 51.93256, 9754.0],
          [-4.23698, 51.94217, 9754.0],
          [-4.33762, 51.95119, 9754.0],
          [-4.43443, 51.95979, 9761.0],
          [-4.50516, 51.96735, 9898.0],
          [-4.56992, 51.98265, 10036.0],
          [-4.62242, 52.00206, 10135.0],
          [-4.70421, 52.03972, 10340.0],
          [-4.79141, 52.08009, 10363.0],
          [-4.86183, 52.1131, 10363.0],
          [-4.93835, 52.14884, 10363.0],
          [-5.01778, 52.18579, 10363.0],
          [-5.09585, 52.22202, 10363.0],
          [-5.15596, 52.24967, 10363.0],
          [-5.19959, 52.26978, 10363.0],
          [-5.23828, 52.28761, 10363.0],
          [-5.32617, 52.32788, 10363.0],
          [-5.40756, 52.3651, 10363.0],
          [-5.48736, 52.40139, 10363.0],
          [-5.56811, 52.43807, 10363.0],
          [-5.65262, 52.47629, 10363.0],
          [-5.7318, 52.51195, 10363.0],
          [-5.81389, 52.54886, 10363.0],
          [-5.87062, 52.57442, 10363.0],
          [-5.9594, 52.61407, 10363.0],
          [-6.03828, 52.64923, 10363.0],
          [-6.11984, 52.68549, 10363.0],
          [-6.19568, 52.71904, 10363.0],
          [-6.27304, 52.75323, 10363.0],
          [-6.36002, 52.79146, 10363.0],
          [-6.42677, 52.82073, 10363.0],
          [-6.50642, 52.85564, 10363.0],
          [-6.58677, 52.89065, 10363.0],
          [-6.66695, 52.92558, 10363.0],
          [-6.74828, 52.96078, 10363.0],
          [-6.82957, 52.99595, 10363.0],
          [-6.91055, 53.03078, 10363.0],
          [-6.9915, 53.06557, 10363.0],
          [-7.07111, 53.09962, 10363.0],
          [-7.15477, 53.13524, 10363.0],
          [-7.23547, 53.16959, 10363.0],
          [-7.31867, 53.20493, 10363.0],
          [-7.4018, 53.23998, 10363.0],
          [-7.48397, 53.27454, 10363.0],
          [-7.56796, 53.30981, 10363.0],
          [-7.65135, 53.34471, 10363.0],
          [-7.73494, 53.37959, 10363.0],
          [-7.81855, 53.41432, 10363.0],
          [-7.90317, 53.44936, 10363.0],
          [-7.98777, 53.48424, 10363.0],
          [-8.07158, 53.51871, 10363.0],
          [-8.15291, 53.55207, 10363.0],
          [-8.23739, 53.58659, 10363.0],
          [-8.32128, 53.62074, 10363.0],
          [-8.40674, 53.6554, 10363.0],
          [-8.48788, 53.68808, 10363.0],
          [-8.57451, 53.723, 10363.0],
          [-8.65908, 53.75708, 10363.0],
          [-8.74108, 53.78999, 10363.0],
          [-8.82618, 53.82404, 10363.0],
          [-8.91209, 53.85824, 10363.0],
          [-8.99393, 53.89069, 10363.0],
          [-9.07802, 53.92383, 10363.0],
          [-9.16413, 53.95772, 10363.0],
          [-9.24939, 53.99117, 10363.0],
          [-9.33757, 54.02569, 10363.0],
          [-9.42393, 54.05934, 10363.0],
          [-9.50463, 54.09067, 10363.0],
          [-9.59535, 54.12577, 10363.0],
          [-9.68021, 54.15852, 10363.0],
          [-9.76555, 54.19132, 10363.0],
          [-9.85136, 54.22421, 10363.0],
          [-9.94302, 54.25919, 10363.0],
          [-10.0286, 54.29173, 10363.0],
          [-10.11485, 54.32442, 10363.0],
          [-10.20258, 54.3576, 10363.0],
          [-10.29261, 54.3915, 10363.0],
          [-10.37869, 54.42375, 10363.0],
          [-10.46642, 54.45653, 10363.0],
          [-10.55213, 54.48848, 10363.0],
          [-10.64082, 54.52139, 10363.0],
          [-10.72782, 54.55354, 10363.0],
          [-10.81163, 54.58436, 10363.0],
          [-10.9016, 54.61741, 10363.0],
          [-10.98576, 54.64815, 10363.0],
          [-11.0783, 54.68198, 10363.0],
          [-11.19848, 54.72565, 10363.0],
          [-11.29669, 54.76108, 10363.0],
          [-11.38342, 54.79226, 10363.0],
          [-11.48297, 54.82805, 10363.0],
          [-11.57701, 54.86163, 10363.0],
          [-11.67023, 54.89482, 10363.0],
          [-11.7577, 54.92582, 10363.0],
          [-11.85069, 54.95879, 10363.0],
          [-11.93315, 54.98774, 10363.0],
          [-12.02841, 55.02113, 10363.0],
          [-12.11734, 55.05207, 10363.0],
          [-12.20723, 55.08354, 10363.0],
          [-12.29678, 55.11464, 10363.0],
          [-12.38482, 55.145, 10363.0],
          [-12.47578, 55.17632, 10363.0],
          [-12.56497, 55.20694, 10363.0],
          [-12.65463, 55.23756, 10363.0],
          [-12.74366, 55.26787, 10363.0],
          [-12.85699, 55.30632, 10363.0],
          [-12.95097, 55.33813, 10363.0],
          [-13.04269, 55.36895, 10363.0],
          [-13.13041, 55.39833, 10363.0],
          [-13.22035, 55.42836, 10363.0],
          [-13.3126, 55.45898, 10363.0],
          [-13.45667, 55.50673, 10363.0],
          [-20.0, 57.0, 10973.0],
          [-20.4763, 57.06721, 10973.0],
          [-20.84167, 57.11738, 10973.0],
          [-21.22998, 57.16939, 10973.0],
          [-21.58479, 57.21574, 10973.0],
          [-21.97515, 57.26544, 10973.0],
          [-22.3539, 57.31239, 10973.0],
          [-22.54997, 57.3362, 10973.0],
          [-22.93335, 57.38179, 10973.0],
          [-23.3113, 57.42548, 10973.0],
          [-23.69334, 57.4684, 10973.0],
          [-23.88469, 57.48942, 10973.0],
          [-24.25206, 57.52891, 10973.0],
          [-24.64585, 57.56995, 10973.0],
          [-24.84789, 57.5905, 10973.0],
          [-25.2237, 57.62781, 10973.0],
          [-25.42316, 57.64713, 10973.0],
          [-25.77755, 57.68062, 10973.0],
          [-26.14552, 57.71429, 10973.0],
          [-26.37826, 57.73501, 10973.0],
          [-26.58537, 57.75306, 10973.0],
          [-26.96127, 57.78492, 10973.0],
          [-27.33458, 57.8154, 10973.0],
          [-27.75082, 57.84804, 10973.0],
          [-27.94944, 57.86312, 10973.0],
          [-28.34392, 57.8921, 10973.0],
          [-28.72268, 57.91874, 10973.0],
          [-29.12162, 57.94553, 10973.0],
          [-29.49493, 57.96944, 10973.0],
          [-29.69817, 57.98199, 10973.0],
          [-29.90482, 57.9944, 10973.0],
          [-30.10493, 58.00408, 10973.0],
          [-30.47891, 58.01792, 10973.0],
          [-30.69884, 58.02554, 10973.0],
          [-30.89587, 58.03205, 10973.0],
          [-31.2737, 58.04366, 10973.0],
          [-31.49065, 58.04982, 10973.0],
          [-31.86226, 58.05951, 10973.0],
          [-32.26698, 58.06882, 10973.0],
          [-32.67518, 58.07692, 10973.0],
          [-32.87276, 58.08036, 10973.0],
          [-33.26802, 58.08634, 10973.0],
          [-33.66011, 58.09106, 10973.0],
          [-34.05559, 58.09459, 10973.0],
          [-34.25335, 58.0959, 10973.0],
          [-34.65221, 58.09761, 10973.0],
          [-34.85001, 58.098, 10973.0],
          [-35.22911, 58.09788, 10973.0],
          [-35.59172, 58.09671, 10973.0],
          [-35.83564, 58.09535, 10973.0],
          [-36.20477, 58.0924, 10973.0],
          [-36.62655, 58.08773, 10973.0],
          [-37.01856, 58.08213, 10973.0],
          [-37.41701, 58.0752, 10973.0],
          [-37.61453, 58.07131, 10973.0],
          [-37.98641, 58.06314, 10973.0],
          [-38.20352, 58.05787, 10973.0],
          [-38.40413, 58.05267, 10973.0],
          [-38.78874, 58.04182, 10973.0],
          [-38.99902, 58.03539, 10973.0],
          [-39.37667, 58.02297, 10973.0],
          [-39.58672, 58.01557, 10973.0],
          [-39.78685, 58.0082, 10973.0],
          [-53.23333, 56.18333, 10973.0],
          [-53.41667, 56.13333, 10973.0],
          [-53.61667, 56.06667, 10973.0],
          [-53.8, 56.01667, 10973.0],
          [-54.0, 55.98333, 10973.0],
          [-54.18333, 55.91667, 10973.0],
          [-54.33333, 55.86667, 10973.0],
          [-54.53333, 55.8, 10973.0],
          [-54.71667, 55.75, 10973.0],
          [-54.9, 55.68333, 10973.0],
          [-55.15, 55.65, 10973.0],
          [-55.31667, 55.58333, 10973.0],
          [-55.48525, 55.5142, 10973.0],
          [-55.58683, 55.47194, 10973.0],
          [-55.75, 55.38333, 10973.0],
          [-55.93333, 55.3, 10973.0],
          [-56.18666, 55.22045, 10973.0],
          [-56.33854, 55.15617, 10973.0],
          [-56.52016, 55.07875, 10973.0],
          [-56.60366, 55.04306, 10973.0],
          [-56.76927, 54.97169, 10973.0],
          [-56.85208, 54.93588, 10973.0],
          [-57.01694, 54.8644, 10973.0],
          [-57.09928, 54.82871, 10973.0],
          [-57.184, 54.79166, 10973.0],
          [-57.2659, 54.75572, 10973.0],
          [-57.34697, 54.72006, 10973.0],
          [-57.43095, 54.68307, 10973.0],
          [-57.51326, 54.64651, 10973.0],
          [-57.59106, 54.6118, 10973.0],
          [-57.67612, 54.57404, 10973.0],
          [-57.77968, 54.52775, 10973.0],
          [-57.86158, 54.49112, 10973.0],
          [-57.94004, 54.4557, 10973.0],
          [-58.02251, 54.4183, 10973.0],
          [-58.10015, 54.38306, 10973.0],
          [-58.18276, 54.34555, 10973.0],
          [-58.26374, 54.30873, 10973.0],
          [-58.34093, 54.27333, 10973.0],
          [-58.42101, 54.23662, 10973.0],
          [-58.50438, 54.19812, 10973.0],
          [-58.58403, 54.16125, 10973.0],
          [-58.66158, 54.12534, 10973.0],
          [-58.74295, 54.08743, 10973.0],
          [-58.8225, 54.05036, 10973.0],
          [-58.90139, 54.01332, 10973.0],
          [-58.98148, 53.97578, 10973.0],
          [-59.05967, 53.93898, 10973.0],
          [-59.13973, 53.90111, 10973.0],
          [-59.21817, 53.86392, 10973.0],
          [-59.29701, 53.8263, 10973.0],
          [-59.37483, 53.78906, 10973.0],
          [-59.45397, 53.75136, 10973.0],
          [-59.53303, 53.71335, 10973.0],
          [-59.61135, 53.67558, 10973.0],
          [-59.68985, 53.63758, 10973.0],
          [-59.76861, 53.5995, 10973.0],
          [-59.84528, 53.56229, 10973.0],
          [-59.92289, 53.52448, 10973.0],
          [-60.00128, 53.48589, 10973.0],
          [-60.07952, 53.44743, 10973.0],
          [-60.15721, 53.40921, 10973.0],
          [-60.23513, 53.37076, 10973.0],
          [-60.31631, 53.33048, 10973.0],
          [-60.39294, 53.29234, 10973.0],
          [-60.47063, 53.2538, 10973.0],
          [-60.54526, 53.21635, 10973.0],
          [-60.62358, 53.1769, 10973.0],
          [-60.70582, 53.13565, 10973.0],
          [-60.78272, 53.09674, 10973.0],
          [-60.85953, 53.05783, 10973.0],
          [-60.93575, 53.019, 10973.0],
          [-61.01242, 52.98015, 10973.0],
          [-61.08893, 52.94083, 10973.0],
          [-61.16473, 52.90201, 10973.0],
          [-61.24077, 52.86291, 10973.0],
          [-61.31768, 52.82334, 10973.0],
          [-61.39389, 52.78372, 10973.0],
          [-61.47079, 52.7438, 10973.0],
          [-61.54625, 52.70453, 10973.0],
          [-61.62399, 52.66388, 10973.0],
          [-61.70052, 52.62369, 10973.0],
          [-61.77757, 52.5834, 10973.0],
          [-61.85303, 52.54353, 10973.0],
          [-61.9297, 52.50284, 10973.0],
          [-62.0066, 52.46218, 10973.0],
          [-62.12102, 52.40134, 10973.0],
          [-62.19588, 52.36126, 10973.0],
          [-62.272, 52.32039, 10973.0],
          [-62.34788, 52.27942, 10973.0],
          [-62.42432, 52.23834, 10973.0],
          [-62.50076, 52.19701, 10973.0],
          [-62.57584, 52.1564, 10973.0],
          [-62.6515, 52.11518, 10973.0],
          [-62.72675, 52.07389, 10973.0],
          [-62.80876, 52.02911, 10973.0],
          [-62.88849, 51.98515, 10973.0],
          [-62.96867, 51.94089, 10973.0],
          [-63.04642, 51.89799, 10973.0],
          [-63.12134, 51.85649, 10973.0],
          [-63.19655, 51.81459, 10973.0],
          [-63.27019, 51.77348, 10973.0],
          [-63.34479, 51.73192, 10973.0],
          [-63.41995, 51.6897, 10973.0],
          [-63.49396, 51.6478, 10973.0],
          [-63.56842, 51.6059, 10973.0],
          [-63.64358, 51.56323, 10973.0],
          [-63.71841, 51.52053, 10973.0],
          [-63.79108, 51.47928, 10973.0],
          [-63.86681, 51.43594, 10973.0],
          [-63.93929, 51.39469, 10973.0],
          [-64.01488, 51.35101, 10973.0],
          [-64.10055, 51.30144, 10973.0],
          [-64.17542, 51.2583, 10973.0],
          [-64.24923, 51.21552, 10973.0],
          [-64.32137, 51.17353, 10973.0],
          [-64.39346, 51.1314, 10973.0],
          [-64.46569, 51.08917, 10973.0],
          [-64.53941, 51.04568, 10973.0],
          [-64.6123, 51.00279, 10973.0],
          [-64.6859, 50.95952, 10973.0],
          [-64.75936, 50.916, 10973.0],
          [-64.83886, 50.86871, 10973.0],
          [-64.91119, 50.82555, 10973.0],
          [-64.98324, 50.78238, 10973.0],
          [-65.05502, 50.73958, 10973.0],
          [-65.12688, 50.69632, 10973.0],
          [-65.19764, 50.65356, 10973.0],
          [-65.27028, 50.6098, 10973.0],
          [-65.34044, 50.56732, 10973.0],
          [-65.41423, 50.5224, 10973.0],
          [-65.50153, 50.46896, 10973.0],
          [-65.57103, 50.42642, 10973.0],
          [-65.64309, 50.38229, 10973.0],
          [-65.71368, 50.33875, 10973.0],
          [-65.7857, 50.29436, 10973.0],
          [-65.85443, 50.25193, 10973.0],
          [-65.92628, 50.20734, 10973.0],
          [-65.99646, 50.16367, 10973.0],
          [-66.06695, 50.11972, 10973.0],
          [-66.13606, 50.07629, 10973.0],
          [-66.2047, 50.03325, 10973.0],
          [-66.27914, 49.98642, 10973.0],
          [-66.34725, 49.94334, 10973.0],
          [-66.41844, 49.89846, 10973.0],
          [-66.48681, 49.85498, 10973.0],
          [-66.55673, 49.81048, 10973.0],
          [-66.62859, 49.76453, 10973.0],
          [-66.69742, 49.72046, 10973.0],
          [-66.76739, 49.67587, 10973.0],
          [-66.83696, 49.63083, 10973.0],
          [-66.90414, 49.58758, 10973.0],
          [-66.97444, 49.54219, 10973.0],
          [-67.04177, 49.4983, 10973.0],
          [-67.11035, 49.45377, 10973.0],
          [-67.17773, 49.4095, 10973.0],
          [-67.24616, 49.36511, 10973.0],
          [-67.31453, 49.31991, 10973.0],
          [-67.3785, 49.27796, 10973.0],
          [-67.44767, 49.23239, 10973.0],
          [-67.5193, 49.18509, 10973.0],
          [-67.58423, 49.14194, 10973.0],
          [-67.65482, 49.09501, 10973.0],
          [-67.72211, 49.05018, 10973.0],
          [-67.7905, 49.00447, 10973.0],
          [-67.85843, 48.95894, 10973.0],
          [-67.925, 48.91421, 10973.0],
          [-67.99099, 48.86965, 10973.0],
          [-68.06002, 48.82301, 10973.0],
          [-68.12622, 48.7782, 10973.0],
          [-68.19552, 48.731, 10973.0],
          [-68.2603, 48.68694, 10973.0],
          [-68.33034, 48.63927, 10973.0],
          [-68.39503, 48.59491, 10973.0],
          [-68.46278, 48.5484, 10973.0],
          [-68.5294, 48.5023, 10973.0],
          [-68.59427, 48.45744, 10973.0],
          [-68.66058, 48.41172, 10973.0],
          [-68.72709, 48.36552, 10973.0],
          [-68.79386, 48.31908, 10973.0],
          [-68.85927, 48.27346, 10973.0],
          [-68.92389, 48.22816, 10973.0],
          [-68.99616, 48.17747, 10973.0],
          [-69.06445, 48.12959, 10973.0],
          [-69.12948, 48.08372, 10973.0],
          [-69.1956, 48.03694, 10973.0],
          [-69.2607, 47.99075, 10980.0],
          [-69.33197, 47.94008, 10973.0],
          [-69.41247, 47.88265, 10973.0],
          [-69.48729, 47.82912, 10973.0],
          [-69.55388, 47.78136, 10973.0],
          [-69.6194, 47.73418, 10973.0],
          [-69.68607, 47.68634, 10973.0],
          [-69.75234, 47.63872, 10973.0],
          [-69.81825, 47.59085, 10973.0],
          [-69.883, 47.54402, 10973.0],
          [-69.94925, 47.49581, 10973.0],
          [-70.01669, 47.44666, 10973.0],
          [-70.08749, 47.39502, 10973.0],
          [-70.15278, 47.34716, 10973.0],
          [-70.21692, 47.30003, 10973.0],
          [-70.28123, 47.25262, 10973.0],
          [-70.34546, 47.20509, 10973.0],
          [-70.40898, 47.15821, 10973.0],
          [-70.47324, 47.11043, 10973.0],
          [-70.53856, 47.06189, 10973.0],
          [-70.60336, 47.01348, 10973.0],
          [-70.66571, 46.96687, 10973.0],
          [-70.72957, 46.91922, 10973.0],
          [-70.79238, 46.87201, 10973.0],
          [-70.85694, 46.82317, 10973.0],
          [-70.91996, 46.77544, 10973.0],
          [-70.98528, 46.72602, 10973.0],
          [-71.04852, 46.67812, 10973.0],
          [-71.11088, 46.6306, 10973.0],
          [-71.18138, 46.57682, 10973.0],
          [-71.24352, 46.52929, 10973.0],
          [-71.30824, 46.47958, 10973.0],
          [-71.36952, 46.43265, 10973.0],
          [-71.40571, 46.40453, 10973.0],
          [-71.46909, 46.35565, 10973.0],
          [-71.53165, 46.3071, 10973.0],
          [-71.591, 46.26123, 10973.0],
          [-71.65766, 46.20937, 10973.0],
          [-71.72019, 46.16045, 10973.0],
          [-71.78295, 46.11157, 10973.0],
          [-71.84181, 46.06531, 10973.0],
          [-71.90497, 46.01577, 10973.0],
          [-71.96684, 45.96712, 10973.0],
          [-72.02878, 45.91809, 10973.0],
          [-72.09071, 45.86908, 10973.0],
          [-72.15388, 45.81899, 10973.0],
          [-72.21588, 45.76965, 10973.0],
          [-72.27507, 45.72249, 10973.0],
          [-72.34021, 45.67049, 10973.0],
          [-72.40306, 45.62031, 10973.0],
          [-72.46829, 45.5678, 10973.0],
          [-72.52772, 45.5198, 10973.0],
          [-72.58774, 45.4712, 10973.0],
          [-72.65095, 45.42014, 10973.0],
          [-72.71228, 45.37037, 10973.0],
          [-72.77403, 45.32043, 10973.0],
          [-72.83576, 45.27013, 10973.0],
          [-72.89658, 45.22046, 10973.0],
          [-72.95935, 45.16882, 10973.0],
          [-73.01847, 45.1203, 10973.0],
          [-73.07878, 45.07067, 10973.0],
          [-73.13867, 45.0189, 10973.0],
          [-73.1815, 44.97478, 10973.0],
          [-73.2074, 44.94424, 10973.0],
          [-73.27626, 44.85438, 10973.0],
          [-73.31935, 44.79749, 10973.0],
          [-73.36717, 44.73451, 10973.0],
          [-73.39209, 44.70202, 10973.0],
          [-73.43674, 44.64354, 10973.0],
          [-73.48159, 44.58508, 10973.0],
          [-73.5264, 44.52661, 10973.0],
          [-73.57263, 44.46616, 10973.0],
          [-73.6165, 44.40804, 10973.0],
          [-73.66239, 44.34743, 10973.0],
          [-73.70714, 44.28831, 10973.0],
          [-73.75233, 44.22835, 10973.0],
          [-73.79471, 44.17193, 10973.0],
          [-73.83815, 44.114, 10973.0],
          [-73.88332, 44.0535, 10973.0],
          [-73.92674, 43.99545, 10973.0],
          [-73.97031, 43.93675, 10973.0],
          [-74.01404, 43.87795, 10973.0],
          [-74.0573, 43.81975, 10973.0],
          [-74.10042, 43.76134, 10973.0],
          [-74.14346, 43.70259, 10973.0],
          [-74.18682, 43.64417, 10973.0],
          [-74.23111, 43.58391, 10973.0],
          [-74.27438, 43.52467, 10973.0],
          [-74.31774, 43.46555, 10973.0],
          [-74.3605, 43.40698, 10973.0],
          [-74.40308, 43.34861, 10973.0],
          [-74.44624, 43.28925, 10973.0],
          [-74.48973, 43.22923, 10973.0],
          [-74.53253, 43.16982, 10973.0],
          [-74.57546, 43.11026, 10973.0],
          [-74.61894, 43.05016, 10973.0],
          [-74.66093, 42.99164, 10973.0],
          [-74.70304, 42.93275, 10973.0],
          [-74.74414, 42.87534, 10973.0],
          [-74.78727, 42.81493, 10973.0],
          [-74.82932, 42.75586, 10973.0],
          [-74.88244, 42.68092, 10973.0],
          [-74.92324, 42.62332, 10973.0],
          [-74.96527, 42.56411, 10973.0],
          [-75.00788, 42.50406, 10973.0],
          [-75.04948, 42.44499, 10973.0],
          [-75.09104, 42.38572, 10973.0],
          [-75.13231, 42.32684, 10973.0],
          [-75.17439, 42.26646, 10973.0],
          [-75.21451, 42.20901, 10973.0],
          [-75.2556, 42.15024, 10973.0],
          [-75.29074, 42.09984, 10973.0],
          [-75.3242, 42.058, 10973.0],
          [-75.3542, 42.0261, 10973.0],
          [-75.40741, 41.97448, 10973.0],
          [-75.45385, 41.92914, 10973.0],
          [-75.50491, 41.87901, 10973.0],
          [-75.55822, 41.827, 10973.0],
          [-75.59597, 41.79018, 10973.0],
          [-75.64949, 41.73771, 10973.0],
          [-75.70148, 41.68652, 10973.0],
          [-75.75398, 41.6348, 10973.0],
          [-75.80471, 41.58446, 10973.0],
          [-75.85735, 41.53244, 10973.0],
          [-75.90841, 41.48167, 10973.0],
          [-75.95392, 41.43647, 10973.0],
          [-76.00598, 41.38467, 10973.0],
          [-76.05666, 41.33424, 10973.0],
          [-76.10938, 41.28145, 10973.0],
          [-76.1601, 41.23067, 10973.0],
          [-76.20941, 41.1812, 10973.0],
          [-76.25198, 41.13849, 10973.0],
          [-76.30261, 41.08728, 10973.0],
          [-76.35055, 41.03887, 10973.0],
          [-76.40222, 40.98656, 10973.0],
          [-76.45161, 40.93659, 10973.0],
          [-76.50073, 40.88667, 10973.0],
          [-76.55365, 40.83279, 10973.0],
          [-76.60067, 40.78507, 10973.0],
          [-76.6499, 40.73483, 10973.0],
          [-76.70105, 40.68242, 10973.0],
          [-76.75242, 40.62963, 10973.0],
          [-76.79803, 40.57988, 10973.0],
          [-76.84568, 40.52628, 10973.0],
          [-76.89191, 40.47427, 10973.0],
          [-76.94225, 40.418, 10973.0],
          [-76.98846, 40.36647, 10973.0],
          [-77.03445, 40.31536, 10973.0],
          [-77.08282, 40.26128, 10973.0],
          [-77.13058, 40.20801, 10973.0],
          [-77.17682, 40.15627, 10973.0],
          [-77.22418, 40.10316, 10973.0],
          [-77.27087, 40.05043, 10973.0],
          [-77.30161, 40.01575, 10973.0],
          [-77.34271, 39.96918, 10973.0],
          [-77.39001, 39.91556, 10973.0],
          [-77.43767, 39.86169, 10973.0],
          [-77.48412, 39.80864, 10973.0],
          [-77.53046, 39.75589, 10973.0],
          [-77.57861, 39.70101, 10973.0],
          [-77.62444, 39.64861, 10973.0],
          [-77.67188, 39.59435, 10973.0],
          [-77.71949, 39.53979, 10973.0],
          [-77.76523, 39.48706, 10973.0],
          [-77.80933, 39.43626, 10973.0],
          [-77.85682, 39.38141, 10973.0],
          [-77.90328, 39.32767, 10973.0],
          [-77.92823, 39.29887, 10973.0],
          [-77.97242, 39.24774, 10973.0],
          [-78.01971, 39.19272, 10973.0],
          [-78.05929, 39.1468, 10973.0],
          [-78.11798, 39.07818, 10973.0],
          [-78.16455, 39.02362, 10973.0],
          [-78.27576, 38.89337, 10973.0],
          [-78.3421, 38.81535, 10973.0],
          [-78.38554, 38.76407, 10973.0],
          [-78.43225, 38.70893, 10973.0],
          [-78.47767, 38.65526, 10973.0],
          [-78.52162, 38.60312, 10973.0],
          [-78.56458, 38.55219, 10973.0],
          [-78.6104, 38.4976, 10973.0],
          [-78.6556, 38.44368, 10973.0],
          [-78.69937, 38.3914, 10973.0],
          [-78.74564, 38.336, 10973.0],
          [-78.78989, 38.28307, 10973.0],
          [-78.83497, 38.2289, 10973.0],
          [-78.87963, 38.17516, 10973.0],
          [-78.92506, 38.12032, 10973.0],
          [-78.96961, 38.06674, 10973.0],
          [-79.01391, 38.01329, 10973.0],
          [-79.06078, 37.95637, 10973.0],
          [-79.09279, 37.91889, 10973.0],
          [-79.12342, 37.88814, 10973.0],
          [-79.20253, 37.83002, 10973.0],
          [-79.26548, 37.78651, 10973.0],
          [-79.3238, 37.74532, 10973.0],
          [-79.38219, 37.70359, 10973.0],
          [-79.44126, 37.6604, 10973.0],
          [-79.50185, 37.61621, 10973.0],
          [-79.55809, 37.57515, 10973.0],
          [-79.61488, 37.53383, 10973.0],
          [-79.67387, 37.49066, 10973.0],
          [-79.73065, 37.44927, 10973.0],
          [-79.78727, 37.40785, 10973.0],
          [-79.84595, 37.36501, 10973.0],
          [-79.90297, 37.32312, 10973.0],
          [-79.95832, 37.28252, 10973.0],
          [-80.01547, 37.24045, 10973.0],
          [-80.07531, 37.19627, 10973.0],
          [-80.13016, 37.15572, 10973.0],
          [-80.18962, 37.11163, 10973.0],
          [-80.24414, 37.07113, 10973.0],
          [-80.30357, 37.02695, 10973.0],
          [-80.35627, 36.98724, 10973.0],
          [-80.41367, 36.94203, 10973.0],
          [-80.47, 36.89758, 10973.0],
          [-80.52529, 36.85414, 10973.0],
          [-80.57963, 36.81141, 10973.0],
          [-80.63776, 36.76575, 10973.0],
          [-80.69715, 36.71896, 10973.0],
          [-80.75214, 36.67561, 10973.0],
          [-80.81005, 36.63016, 10973.0],
          [-80.86676, 36.58516, 10973.0],
          [-80.92021, 36.54281, 10973.0],
          [-80.97707, 36.49756, 10973.0],
          [-81.03153, 36.45413, 10973.0],
          [-81.09091, 36.40688, 10973.0],
          [-81.14385, 36.36461, 10973.0],
          [-81.2015, 36.31842, 10973.0],
          [-81.25652, 36.27434, 10973.0],
          [-81.31239, 36.22971, 10973.0],
          [-81.36615, 36.18654, 10973.0],
          [-81.42214, 36.14149, 10973.0],
          [-81.47847, 36.09609, 10973.0],
          [-81.53387, 36.0515, 10973.0],
          [-81.59265, 36.00364, 10973.0],
          [-81.64612, 35.9603, 10973.0],
          [-81.70217, 35.9151, 10973.0],
          [-81.75613, 35.87141, 10973.0],
          [-81.81185, 35.82614, 10927.0],
          [-81.86668, 35.78133, 10767.0],
          [-81.9199, 35.73674, 10660.0],
          [-81.97151, 35.69328, 10668.0],
          [-82.02513, 35.64848, 10668.0],
          [-82.07956, 35.60287, 10668.0],
          [-82.13528, 35.55588, 10668.0],
          [-82.19258, 35.50791, 10668.0],
          [-82.24804, 35.46126, 10668.0],
          [-82.30213, 35.41539, 10668.0],
          [-82.3593, 35.36937, 10493.0],
          [-82.38997, 35.34512, 10417.0],
          [-82.44524, 35.30104, 10203.0],
          [-82.50271, 35.25475, 9990.0],
          [-82.55441, 35.21283, 9815.0],
          [-82.60923, 35.16843, 9639.0],
          [-82.66062, 35.12585, 9487.0],
          [-82.71326, 35.08099, 9312.0],
          [-82.76379, 35.03815, 9129.0],
          [-82.81368, 34.99602, 8946.0],
          [-82.8641, 34.95341, 8771.0],
          [-82.91522, 34.91002, 8588.0],
          [-82.96314, 34.86845, 8420.0],
          [-83.01146, 34.82639, 8275.0],
          [-83.06007, 34.78439, 8131.0],
          [-83.109, 34.74217, 7734.0],
          [-83.14899, 34.70744, 7445.0],
          [-83.19896, 34.66393, 7315.0],
          [-83.24929, 34.62016, 7315.0],
          [-83.29985, 34.57603, 7315.0],
          [-83.35339, 34.52938, 7315.0],
          [-83.40288, 34.48636, 7315.0],
          [-83.45329, 34.44251, 7170.0],
          [-83.50332, 34.39879, 6789.0],
          [-83.5531, 34.35526, 6431.0],
          [-83.60006, 34.31417, 6081.0],
          [-83.64676, 34.27336, 5738.0],
          [-83.6903, 34.23182, 5349.0],
          [-83.73402, 34.18997, 5006.0],
          [-83.77579, 34.15058, 4671.0],
          [-83.81924, 34.1093, 4321.0],
          [-83.85996, 34.07126, 4206.0],
          [-83.90152, 34.03285, 4206.0],
          [-83.92708, 34.01013, 4191.0],
          [-83.98969, 33.96291, 3962.0],
          [-84.0346, 33.92834, 3688.0],
          [-84.09445, 33.88067, 3597.0],
          [-84.13638, 33.84709, 3589.0],
          [-84.17421, 33.81662, 3589.0],
          [-84.20808, 33.78951, 3589.0],
          [-84.23997, 33.76428, 3597.0],
          [-84.26643, 33.7435, 3597.0],
          [-84.28206, 33.73576, 3566.0],
          [-84.30559, 33.73296, 3475.0],
          [-84.34552, 33.73279, 3284.0],
          [-84.38324, 33.73297, 3078.0],
          [-84.42352, 33.73305, 2797.0],
          [-84.46209, 33.7331, 2568.0],
          [-84.50226, 33.73305, 2362.0],
          [-84.5438, 33.73296, 2195.0],
          [-84.56755, 33.73292, 2073.0],
          [-84.58757, 33.73292, 1966.0],
          [-84.62786, 33.73282, 1814.0],
          [-84.65313, 33.73279, 1760.0],
          [-84.67112, 33.72835, 1676.0],
          [-84.68107, 33.71583, 1577.0],
          [-84.68447, 33.69063, 1455.0],
          [-84.68565, 33.67733, 1410.0],
          [-84.67796, 33.66568, 1341.0],
          [-84.66535, 33.66042, 1318.0],
          [-84.64927, 33.65465, 1273.0],
          [-84.63541, 33.65005, 1234.0],
          [-84.61849, 33.64929, 1166.0],
          [-84.60325, 33.64952, 1090.0],
          [-84.57701, 33.64943, 960.0],
          [-84.55129, 33.64952, 823.0],
          [-84.52578, 33.64949, 693.0],
          [-84.51324, 33.64963, 632.0],
          [-84.50061, 33.64966, 572.0],
          [-84.48733, 33.64961, 503.0],
          [-84.47533, 33.64957, 442.0],
          [-84.46311, 33.64957, 381.0],
          [-84.44979, 33.64959, 320.0],
          [-84.43817, 33.64954, 259.0]
        ]
      }
    },
    {
      "type": "Feature",
      "properties": { "name": "KDTW Airport", "icon": "target", "type": null, "order": null },
      "geometry": { "type": "Point", "coordinates": [-83.3533933, 42.2124311, 0.0] }
    },
    {
      "type": "Feature",
      "properties": { "name": "DAL1232", "icon": null, "type": "flight", "order": 5 },
      "geometry": {
        "type": "LineString",
        "coordinates": [
          [-84.41357, 33.64698, 358.0],
          [-84.39837, 33.64783, 678.0],
          [-84.38139, 33.64902, 853.0],
          [-84.36446, 33.65044, 975.0],
          [-84.34547, 33.65336, 1128.0],
          [-84.31698, 33.65862, 1387.0],
          [-84.27269, 33.667, 1875.0],
          [-84.22859, 33.67548, 2324.0],
          [-84.20162, 33.68408, 2621.0],
          [-84.18245, 33.70275, 2842.0],
          [-84.17635, 33.72404, 2934.0],
          [-84.17797, 33.75435, 2979.0],
          [-84.18027, 33.79042, 2979.0],
          [-84.18027, 33.81995, 2972.0],
          [-84.18365, 33.84743, 2972.0],
          [-84.19232, 33.87181, 3010.0],
          [-84.22382, 33.93053, 3528.0],
          [-84.25084, 33.98424, 3993.0],
          [-84.27555, 34.03518, 4435.0],
          [-84.29792, 34.08159, 4823.0],
          [-84.32156, 34.1308, 5189.0],
          [-84.33535, 34.16092, 5372.0],
          [-84.34372, 34.1927, 5563.0],
          [-84.34422, 34.22479, 5784.0],
          [-84.33038, 34.29991, 6226.0],
          [-84.31861, 34.35695, 6584.0],
          [-84.3074, 34.41206, 6850.0],
          [-84.29558, 34.471, 7132.0],
          [-84.28448, 34.52682, 7369.0],
          [-84.27282, 34.58546, 7590.0],
          [-84.26102, 34.64511, 7818.0],
          [-84.24969, 34.70251, 7940.0],
          [-84.2379, 34.76163, 8176.0],
          [-84.22537, 34.82452, 8397.0],
          [-84.21368, 34.88297, 8588.0],
          [-84.20174, 34.94261, 8786.0],
          [-84.18915, 35.00551, 9121.0],
          [-84.17753, 35.063, 9403.0],
          [-84.16615, 35.1199, 9616.0],
          [-84.15419, 35.17957, 9845.0],
          [-84.1428, 35.23618, 10051.0],
          [-84.13124, 35.29298, 10386.0],
          [-84.12008, 35.34824, 10516.0],
          [-84.10887, 35.40363, 10737.0],
          [-84.09782, 35.4586, 10820.0],
          [-84.08604, 35.51619, 11003.0],
          [-84.07454, 35.57277, 11102.0],
          [-84.06306, 35.62889, 11186.0],
          [-84.05114, 35.68778, 11270.0],
          [-84.03968, 35.74397, 11285.0],
          [-84.02753, 35.80305, 11278.0],
          [-84.01577, 35.8602, 11278.0],
          [-84.00753, 35.89307, 11278.0],
          [-83.99231, 35.92735, 11278.0],
          [-83.93663, 36.00829, 11278.0],
          [-83.89815, 36.06197, 11278.0],
          [-83.85962, 36.11568, 11278.0],
          [-83.82136, 36.16913, 11278.0],
          [-83.7832, 36.2223, 11278.0],
          [-83.74603, 36.27411, 11278.0],
          [-83.70723, 36.32811, 11278.0],
          [-83.66901, 36.38123, 11278.0],
          [-83.63091, 36.43401, 11278.0],
          [-83.59275, 36.48685, 11278.0],
          [-83.55709, 36.53604, 11278.0],
          [-83.51664, 36.59189, 11278.0],
          [-83.48002, 36.64234, 11278.0],
          [-83.44011, 36.69713, 11278.0],
          [-83.40224, 36.74908, 11278.0],
          [-83.36169, 36.80466, 11278.0],
          [-83.32323, 36.85707, 11278.0],
          [-83.28455, 36.90964, 11278.0],
          [-83.24557, 36.96249, 11278.0],
          [-83.20548, 37.01683, 11278.0],
          [-83.16592, 37.07039, 11278.0],
          [-83.12656, 37.12364, 11278.0],
          [-83.08627, 37.17801, 11278.0],
          [-83.04852, 37.22917, 11278.0],
          [-83.00995, 37.28494, 11278.0],
          [-82.97115, 37.34349, 11278.0],
          [-82.93608, 37.39687, 11278.0],
          [-82.89746, 37.45564, 11278.0],
          [-82.86235, 37.50886, 11278.0],
          [-82.82528, 37.56505, 11278.0],
          [-82.78783, 37.6217, 11278.0],
          [-82.75119, 37.6772, 11278.0],
          [-82.71421, 37.73301, 11278.0],
          [-82.67761, 37.78822, 11278.0],
          [-82.64686, 37.83738, 11278.0],
          [-82.62262, 37.91684, 11278.0],
          [-82.60456, 37.97694, 11278.0],
          [-82.59527, 38.01027, 11278.0],
          [-82.58017, 38.06949, 11278.0],
          [-82.56578, 38.12661, 11278.0],
          [-82.55022, 38.18848, 11278.0],
          [-82.53637, 38.24423, 11278.0],
          [-82.52136, 38.30532, 11278.0],
          [-82.50709, 38.36348, 11278.0],
          [-82.49234, 38.424, 11278.0],
          [-82.47819, 38.48222, 11278.0],
          [-82.46399, 38.54027, 11278.0],
          [-82.45013, 38.59688, 11278.0],
          [-82.43585, 38.65512, 11278.0],
          [-82.42164, 38.71312, 11278.0],
          [-82.40839, 38.77103, 11278.0],
          [-82.40283, 38.82433, 11278.0],
          [-82.39937, 38.88277, 11278.0],
          [-82.39606, 38.94118, 11278.0],
          [-82.39268, 39.00046, 11140.0],
          [-82.38934, 39.05795, 10988.0],
          [-82.38617, 39.11529, 10874.0],
          [-82.38271, 39.17523, 10721.0],
          [-82.37955, 39.22948, 10668.0],
          [-82.37632, 39.28642, 10668.0],
          [-82.37305, 39.34386, 10668.0],
          [-82.36988, 39.39931, 10668.0],
          [-82.36659, 39.45543, 10668.0],
          [-82.36313, 39.51453, 10668.0],
          [-82.35986, 39.57094, 10668.0],
          [-82.35645, 39.62829, 10668.0],
          [-82.35316, 39.68513, 10668.0],
          [-82.34987, 39.74075, 10668.0],
          [-82.34644, 39.80025, 10668.0],
          [-82.34277, 39.86184, 10668.0],
          [-82.3396, 39.91529, 10561.0],
          [-82.33616, 39.97338, 10417.0],
          [-82.33267, 40.03139, 10295.0],
          [-82.32965, 40.08421, 10150.0],
          [-82.32655, 40.13888, 9921.0],
          [-82.32324, 40.19641, 9685.0],
          [-82.3197, 40.25533, 9456.0],
          [-82.31619, 40.31363, 9213.0],
          [-82.31281, 40.37206, 9144.0],
          [-82.30933, 40.4296, 9144.0],
          [-82.30804, 40.46411, 9144.0],
          [-82.31165, 40.49625, 9144.0],
          [-82.32218, 40.53266, 9114.0],
          [-82.34674, 40.5937, 8946.0],
          [-82.36862, 40.64462, 8733.0],
          [-82.39978, 40.71762, 8176.0],
          [-82.42049, 40.76705, 7864.0],
          [-82.44128, 40.81705, 7620.0],
          [-82.46082, 40.86383, 7384.0],
          [-82.48123, 40.91229, 7315.0],
          [-82.50183, 40.96103, 7315.0],
          [-82.52289, 41.01073, 7315.0],
          [-82.54486, 41.06287, 7315.0],
          [-82.56569, 41.11131, 7292.0],
          [-82.58635, 41.15744, 7231.0],
          [-82.60882, 41.20767, 7170.0],
          [-82.62986, 41.25487, 7102.0],
          [-82.64606, 41.28763, 7048.0],
          [-82.68885, 41.34788, 6957.0],
          [-82.72087, 41.38957, 6888.0],
          [-82.74877, 41.4256, 6828.0],
          [-82.78307, 41.47004, 6759.0],
          [-82.80552, 41.49902, 6698.0],
          [-82.84834, 41.55432, 6546.0],
          [-82.88169, 41.59731, 6378.0],
          [-82.91294, 41.63763, 6218.0],
          [-82.9318, 41.66103, 6119.0],
          [-82.98708, 41.71397, 5723.0],
          [-83.02771, 41.74898, 5403.0],
          [-83.06981, 41.78522, 5105.0],
          [-83.11081, 41.82067, 4801.0],
          [-83.15015, 41.8548, 4526.0],
          [-83.1886, 41.88918, 4343.0],
          [-83.22531, 41.92236, 4183.0],
          [-83.26126, 41.95445, 4054.0],
          [-83.29297, 41.98267, 3818.0],
          [-83.31757, 42.00453, 3650.0],
          [-83.33092, 42.02452, 3543.0],
          [-83.32787, 42.04857, 3391.0],
          [-83.31207, 42.07075, 3208.0],
          [-83.28403, 42.10426, 2880.0],
          [-83.25676, 42.13774, 2530.0],
          [-83.22961, 42.17232, 2187.0],
          [-83.20342, 42.20612, 1852.0],
          [-83.17621, 42.24141, 1570.0],
          [-83.15137, 42.2753, 1356.0],
          [-83.13508, 42.29885, 1227.0],
          [-83.13291, 42.32073, 1181.0],
          [-83.14223, 42.33474, 1196.0],
          [-83.15583, 42.34726, 1189.0],
          [-83.17008, 42.3597, 1189.0],
          [-83.18642, 42.36452, 1166.0],
          [-83.20221, 42.35934, 1090.0],
          [-83.21407, 42.35298, 1006.0],
          [-83.23542, 42.34126, 884.0],
          [-83.24715, 42.3349, 884.0],
          [-83.2572, 42.32357, 884.0],
          [-83.27019, 42.30624, 785.0],
          [-83.2825, 42.2895, 671.0],
          [-83.29291, 42.27544, 572.0],
          [-83.29634, 42.27077, 541.0],
          [-83.29759, 42.26912, 526.0],
          [-83.30271, 42.26212, 480.0],
          [-83.30824, 42.25458, 427.0],
          [-83.31367, 42.24723, 373.0],
          [-83.31872, 42.24052, 328.0],
          [-83.32462, 42.23241, 274.0],
          [-83.33061, 42.2244, 221.0],
          [-83.33948, 42.21236, 160.0]
        ]
      }
    }
  ]
}
