{
  "type": "FeatureCollection",
  "features": [
    {
      "type": "Feature",
      "properties": { "name": "KDTW Airport", "icon": "target", "type": null, "order": null },
      "geometry": { "type": "Point", "coordinates": [-83.3533933, 42.2124311, 0.0] }
    },
    {
      "type": "Feature",
      "properties": { "name": "EHAM Airport", "icon": "target", "type": null, "order": null },
      "geometry": { "type": "Point", "coordinates": [4.763889, 52.308613, 0.0] }
    },
    {
      "type": "Feature",
      "properties": { "name": "DAL132", "icon": null, "type": "flight", "order": 1 },
      "geometry": {
        "type": "LineString",
        "coordinates": [
          [-83.36782, 42.20686, 137.0],
          [-83.37481, 42.19652, 343.0],
          [-83.37927, 42.18392, 495.0],
          [-83.37524, 42.16897, 556.0],
          [-83.36719, 42.15486, 648.0],
          [-83.34984, 42.12469, 907.0],
          [-83.33801, 42.10836, 1067.0],
          [-83.31626, 42.09778, 1196.0],
          [-83.28761, 42.09649, 1295.0],
          [-83.25823, 42.09793, 1448.0],
          [-83.23448, 42.10007, 1608.0],
          [-83.20253, 42.10566, 1806.0],
          [-83.1504, 42.11494, 2111.0],
          [-83.12399, 42.1214, 2278.0],
          [-83.07468, 42.13481, 2522.0],
          [-83.02208, 42.14909, 2797.0],
          [-82.97137, 42.16278, 3040.0],
          [-82.91045, 42.17921, 3162.0],
          [-82.85233, 42.19482, 3261.0],
          [-82.78629, 42.21249, 3475.0],
          [-82.72149, 42.22972, 3711.0],
          [-82.66471, 42.24471, 3917.0],
          [-82.61789, 42.25081, 4077.0],
          [-82.54399, 42.25351, 4328.0],
          [-82.47031, 42.25626, 4557.0],
          [-82.36375, 42.25539, 4823.0],
          [-82.28491, 42.25458, 5037.0],
          [-82.20657, 42.25369, 5235.0],
          [-82.12606, 42.25272, 5494.0],
          [-82.04615, 42.25174, 5677.0],
          [-81.96956, 42.25072, 5829.0],
          [-81.88984, 42.24962, 6005.0],
          [-81.80507, 42.24838, 6165.0],
          [-81.72536, 42.2471, 6340.0],
          [-81.64215, 42.24582, 6500.0],
          [-81.55582, 42.24435, 6568.0],
          [-81.46955, 42.24294, 6698.0],
          [-81.38341, 42.24193, 6828.0],
          [-81.29939, 42.24074, 6957.0],
          [-81.20934, 42.23941, 7094.0],
          [-81.12036, 42.23804, 7262.0],
          [-81.03343, 42.23661, 7376.0],
          [-80.94464, 42.23506, 7483.0],
          [-80.85286, 42.2334, 7597.0],
          [-80.76237, 42.23167, 7711.0],
          [-80.66905, 42.22975, 7818.0],
          [-80.58478, 42.22783, 7940.0],
          [-80.48871, 42.22559, 8047.0],
          [-80.39859, 42.22353, 8153.0],
          [-80.30494, 42.22137, 8283.0],
          [-80.2122, 42.21902, 8374.0],
          [-80.12198, 42.21675, 8451.0],
          [-80.03061, 42.21436, 8527.0],
          [-79.93765, 42.21181, 8641.0],
          [-79.84688, 42.20929, 8870.0],
          [-79.75157, 42.20659, 9007.0],
          [-79.66046, 42.20389, 9098.0],
          [-79.56817, 42.2011, 9182.0],
          [-79.47395, 42.19816, 9281.0],
          [-79.38146, 42.19518, 9380.0],
          [-79.28277, 42.19192, 9456.0],
          [-79.19176, 42.18887, 9555.0],
          [-79.09058, 42.18539, 9616.0],
          [-78.99553, 42.18205, 9708.0],
          [-78.89944, 42.17857, 9784.0],
          [-78.80512, 42.17509, 9876.0],
          [-78.7063, 42.17134, 10020.0],
          [-78.60552, 42.16748, 10058.0],
          [-78.50687, 42.1636, 10058.0],
          [-78.40418, 42.15939, 10066.0],
          [-78.3108, 42.15555, 10058.0],
          [-78.21288, 42.15142, 10058.0],
          [-78.11905, 42.14737, 10058.0],
          [-78.02069, 42.14309, 10058.0],
          [-77.92034, 42.13857, 10058.0],
          [-77.82357, 42.13415, 10058.0],
          [-77.72744, 42.12968, 10066.0],
          [-77.63152, 42.1252, 10074.0],
          [-77.53539, 42.12053, 10218.0],
          [-77.43863, 42.11581, 10302.0],
          [-77.34213, 42.11101, 10394.0],
          [-77.24615, 42.10617, 10462.0],
          [-77.15174, 42.10135, 10653.0],
          [-77.05255, 42.09622, 10668.0],
          [-76.95661, 42.09104, 10676.0],
          [-76.86297, 42.08606, 10660.0],
          [-76.76204, 42.08047, 10676.0],
          [-76.66732, 42.07526, 10668.0],
          [-76.5694, 42.06972, 10668.0],
          [-76.46817, 42.0639, 10660.0],
          [-76.37421, 42.05841, 10668.0],
          [-76.27463, 42.05245, 10668.0],
          [-76.17758, 42.04669, 10668.0],
          [-76.08319, 42.04092, 10668.0],
          [-75.98906, 42.03516, 10660.0],
          [-75.89118, 42.02907, 10668.0],
          [-75.7927, 42.02275, 10668.0],
          [-75.69957, 42.01679, 10668.0],
          [-75.60092, 42.01035, 10668.0],
          [-75.50226, 42.0039, 10668.0],
          [-75.40664, 41.99747, 10676.0],
          [-75.30936, 41.991, 10668.0],
          [-75.21403, 41.98439, 10668.0],
          [-75.11653, 41.97764, 10668.0],
          [-75.01945, 41.97084, 10683.0],
          [-74.92318, 41.964, 10660.0],
          [-74.82015, 41.9566, 10668.0],
          [-74.72407, 41.9496, 10668.0],
          [-74.62796, 41.94254, 10676.0],
          [-74.57481, 41.93863, 10653.0],
          [-74.51637, 41.9343, 10668.0],
          [-74.41558, 41.92667, 10676.0],
          [-74.33094, 41.92024, 10668.0],
          [-74.23251, 41.91266, 10668.0],
          [-74.13225, 41.90474, 10668.0],
          [-74.03431, 41.89705, 10668.0],
          [-73.93773, 41.88933, 10676.0],
          [-73.7883, 41.87723, 10668.0],
          [-73.69214, 41.86936, 10676.0],
          [-73.59633, 41.8614, 10676.0],
          [-73.49947, 41.85333, 10660.0],
          [-73.40253, 41.84509, 10668.0],
          [-73.30334, 41.83664, 10660.0],
          [-73.20515, 41.82816, 10668.0],
          [-73.10993, 41.81983, 10668.0],
          [-73.01558, 41.8115, 10660.0],
          [-72.91664, 41.80275, 10676.0],
          [-72.82381, 41.79437, 10668.0],
          [-72.71975, 41.78494, 10676.0],
          [-72.62693, 41.77647, 10668.0],
          [-72.53174, 41.76774, 10668.0],
          [-72.43369, 41.75861, 10660.0],
          [-72.33636, 41.74947, 10668.0],
          [-72.23604, 41.73994, 10668.0],
          [-72.13796, 41.73054, 10668.0],
          [-72.05434, 41.72249, 10668.0],
          [-71.95713, 41.7129, 10668.0],
          [-71.85602, 41.70303, 10668.0],
          [-71.76199, 41.69367, 10668.0],
          [-71.65928, 41.68334, 10668.0],
          [-71.56057, 41.67343, 10660.0],
          [-71.46507, 41.66368, 10676.0],
          [-71.36769, 41.65366, 10668.0],
          [-71.266, 41.64322, 10660.0],
          [-71.17116, 41.6333, 10676.0],
          [-71.07536, 41.62326, 10660.0],
          [-70.97561, 41.61273, 10668.0],
          [-70.87649, 41.60202, 10668.0],
          [-70.77798, 41.59135, 10660.0],
          [-70.68373, 41.58105, 10668.0],
          [-70.5841, 41.57016, 10668.0],
          [-70.49109, 41.55986, 10676.0],
          [-70.39413, 41.54904, 10668.0],
          [-70.29134, 41.53752, 10668.0],
          [-70.19344, 41.52637, 10668.0],
          [-70.09501, 41.51515, 10668.0],
          [-69.99965, 41.50421, 10668.0],
          [-69.90435, 41.49317, 10668.0],
          [-69.80981, 41.48214, 10668.0],
          [-69.71406, 41.47083, 10668.0],
          [-69.61698, 41.45933, 10721.0],
          [-69.52342, 41.44821, 10782.0],
          [-69.43166, 41.43718, 10874.0],
          [-69.33599, 41.42553, 10904.0],
          [-69.23348, 41.41306, 10973.0],
          [-69.13958, 41.40152, 10973.0],
          [-69.04256, 41.3895, 10973.0],
          [-68.94083, 41.37679, 10973.0],
          [-68.84686, 41.36499, 10973.0],
          [-68.74807, 41.35245, 10973.0],
          [-68.64935, 41.33986, 10973.0],
          [-68.55743, 41.32814, 10973.0],
          [-68.45756, 41.31525, 10973.0],
          [-68.35553, 41.30196, 10973.0],
          [-68.25854, 41.28923, 10973.0],
          [-68.16321, 41.27669, 10965.0],
          [-68.06396, 41.26355, 10973.0],
          [-67.93252, 41.24603, 10973.0],
          [-67.83021, 41.2322, 10973.0],
          [-67.72772, 41.21824, 10973.0],
          [-67.63152, 41.20506, 10973.0],
          [-67.52834, 41.19086, 10973.0],
          [-67.42977, 41.17727, 10973.0],
          [-67.33146, 41.16354, 10973.0],
          [-67.23495, 41.14999, 10973.0],
          [-67.12934, 41.13719, 10973.0],
          [-67.02497, 41.1323, 10973.0],
          [-66.92517, 41.13492, 10980.0],
          [-66.82129, 41.14531, 10973.0],
          [-66.72016, 41.16098, 10973.0],
          [-66.62041, 41.17634, 10965.0],
          [-66.51622, 41.19235, 10973.0],
          [-66.41647, 41.20767, 10973.0],
          [-66.31728, 41.22275, 10973.0],
          [-66.18564, 41.24263, 10973.0],
          [-66.08087, 41.25842, 10973.0],
          [-65.98615, 41.27261, 10973.0],
          [-65.88963, 41.28699, 10973.0],
          [-65.47943, 41.347, 10973.0],
          [-65.28876, 41.37437, 10973.0],
          [-65.193, 41.38797, 10973.0],
          [-64.9955, 41.41571, 10973.0],
          [-64.88168, 41.43158, 10973.0],
          [-64.78544, 41.44492, 10973.0],
          [-64.60727, 41.46934, 10973.0],
          [-64.51003, 41.4825, 10973.0],
          [-64.39496, 41.49797, 10973.0],
          [-64.2172, 41.52171, 10973.0],
          [-64.11952, 41.53459, 10973.0],
          [-63.9222, 41.5605, 10973.0],
          [-63.82405, 41.5732, 10973.0],
          [-63.72709, 41.58567, 10973.0],
          [-63.62888, 41.59822, 10973.0],
          [-63.53125, 41.61049, 10973.0],
          [-63.43295, 41.62287, 10973.0],
          [-63.33412, 41.63525, 10973.0],
          [-63.23487, 41.64757, 10973.0],
          [-63.13536, 41.65978, 10973.0],
          [-63.03751, 41.67175, 10973.0],
          [-62.93889, 41.68371, 10973.0],
          [-62.84065, 41.69558, 10973.0],
          [-62.741, 41.70755, 10973.0],
          [-62.54173, 41.73111, 10973.0],
          [-62.44585, 41.74237, 10973.0],
          [-62.34186, 41.75442, 10973.0],
          [-62.24267, 41.76581, 10973.0],
          [-62.04466, 41.78828, 10973.0],
          [-61.94335, 41.79963, 10973.0],
          [-61.77133, 41.81881, 10973.0],
          [-61.65715, 41.83136, 10973.0],
          [-61.55246, 41.84271, 10973.0],
          [-61.40201, 41.85889, 10973.0],
          [-61.25101, 41.87486, 10973.0],
          [-61.15309, 41.88519, 10973.0],
          [-61.03007, 41.89808, 10973.0],
          [-60.85558, 41.91605, 10973.0],
          [-60.6552, 41.9363, 10973.0],
          [-60.55689, 41.94612, 10973.0],
          [-60.35801, 41.96567, 10973.0],
          [-60.2358, 41.97755, 10973.0],
          [-53.63474, 43.38849, 10973.0],
          [-52.87615, 43.52662, 10973.0],
          [-52.6415, 43.5683, 10973.0],
          [-52.53368, 43.58719, 10973.0],
          [-52.37694, 43.61462, 10973.0],
          [-52.11154, 43.66031, 10973.0],
          [-51.89863, 43.69644, 10973.0],
          [-51.33981, 43.7894, 10973.0],
          [-51.21545, 43.80966, 10973.0],
          [-50.33239, 43.9493, 10973.0],
          [-12.98786, 50.30933, 10973.0],
          [-12.82342, 50.33293, 10973.0],
          [-12.68285, 50.35286, 10973.0],
          [-12.57252, 50.3684, 10973.0],
          [-12.46862, 50.38293, 10973.0],
          [-12.36446, 50.3974, 10973.0],
          [-12.25669, 50.41228, 10973.0],
          [-12.14999, 50.42687, 10973.0],
          [-12.04131, 50.44158, 10973.0],
          [-11.93561, 50.45578, 10973.0],
          [-11.82864, 50.47012, 10973.0],
          [-11.72234, 50.48423, 10973.0],
          [-11.61457, 50.49843, 10973.0],
          [-11.49133, 50.51448, 10980.0],
          [-11.36716, 50.53061, 10973.0],
          [-11.25903, 50.54453, 10973.0],
          [-11.15401, 50.55789, 10973.0],
          [-11.04586, 50.57165, 10973.0],
          [-10.93682, 50.58536, 10973.0],
          [-10.82948, 50.59868, 10973.0],
          [-10.72063, 50.61214, 10973.0],
          [-10.61337, 50.62523, 10973.0],
          [-10.50657, 50.63827, 10973.0],
          [-10.39811, 50.6513, 10973.0],
          [-10.29196, 50.66401, 10973.0],
          [-10.18326, 50.67691, 10973.0],
          [-10.07565, 50.6895, 10973.0],
          [-9.96887, 50.70195, 10973.0],
          [-9.86134, 50.71445, 10973.0],
          [-9.7551, 50.72662, 10973.0],
          [-9.64737, 50.73891, 10973.0],
          [-9.52826, 50.7523, 10973.0],
          [-9.41933, 50.76452, 10973.0],
          [-9.31388, 50.77615, 10973.0],
          [-9.20558, 50.78806, 10973.0],
          [-9.09898, 50.79968, 10973.0],
          [-8.99209, 50.81117, 10973.0],
          [-8.88334, 50.8228, 10973.0],
          [-8.77451, 50.83429, 10973.0],
          [-8.66905, 50.84533, 10973.0],
          [-8.56133, 50.85655, 10973.0],
          [-8.45005, 50.86949, 10973.0],
          [-8.34229, 50.88304, 10973.0],
          [-8.23425, 50.89621, 10973.0],
          [-8.12469, 50.90941, 11049.0],
          [-8.0051, 50.92365, 11171.0],
          [-7.90318, 50.93568, 11247.0],
          [-7.79614, 50.94823, 11285.0],
          [-7.68768, 50.96083, 11278.0],
          [-7.57614, 50.97372, 11285.0],
          [-7.46979, 50.98587, 11278.0],
          [-7.36552, 50.99771, 11278.0],
          [-7.25966, 51.00957, 11278.0],
          [-7.15111, 51.02167, 11278.0],
          [-7.04417, 51.03351, 11278.0],
          [-6.93932, 51.04504, 11278.0],
          [-6.83128, 51.05677, 11278.0],
          [-6.72423, 51.06825, 11278.0],
          [-6.61598, 51.07986, 11278.0],
          [-6.50665, 51.09141, 11278.0],
          [-6.39717, 51.10286, 11278.0],
          [-6.2957, 51.11343, 11278.0],
          [-6.18901, 51.12442, 11278.0],
          [-6.07819, 51.13568, 11278.0],
          [-5.97206, 51.14639, 11278.0],
          [-5.867, 51.15691, 11278.0],
          [-5.75783, 51.16771, 11278.0],
          [-5.65063, 51.17823, 11278.0],
          [-5.5407, 51.18889, 11278.0],
          [-5.43442, 51.19913, 11278.0],
          [-5.32806, 51.20923, 11278.0],
          [-5.22018, 51.21938, 11278.0],
          [-5.11859, 51.22884, 11278.0],
          [-5.01122, 51.23874, 11278.0],
          [-4.90288, 51.24861, 11278.0],
          [-4.79431, 51.25844, 11278.0],
          [-4.68903, 51.26784, 11278.0],
          [-4.57802, 51.27766, 11278.0],
          [-4.4747, 51.2867, 11278.0],
          [-4.36325, 51.29638, 11278.0],
          [-4.25787, 51.30537, 11278.0],
          [-4.15484, 51.31416, 11278.0],
          [-4.04898, 51.323, 11278.0],
          [-3.94028, 51.33204, 11278.0],
          [-3.83698, 51.34051, 11278.0],
          [-3.72993, 51.34918, 11278.0],
          [-3.6246, 51.35765, 11278.0],
          [-3.51273, 51.36648, 11278.0],
          [-3.40858, 51.37458, 11278.0],
          [-3.30035, 51.38297, 11278.0],
          [-3.19077, 51.39134, 11278.0],
          [-3.08495, 51.3993, 11278.0],
          [-2.98145, 51.407, 11278.0],
          [-2.8698, 51.41518, 11278.0],
          [-2.7668, 51.42272, 11278.0],
          [-2.68074, 51.43149, 11278.0],
          [-2.61, 51.44197, 11278.0],
          [-2.50099, 51.4588, 11278.0],
          [-2.39836, 51.47461, 11278.0],
          [-2.2937, 51.49064, 11278.0],
          [-2.18643, 51.50697, 11278.0],
          [-2.08191, 51.52281, 11278.0],
          [-1.97294, 51.5392, 11278.0],
          [-1.87079, 51.5544, 11278.0],
          [-1.76605, 51.56996, 11278.0],
          [-1.66027, 51.58553, 11278.0],
          [-1.55685, 51.60064, 11278.0],
          [-1.45226, 51.61586, 11278.0],
          [-1.34918, 51.63071, 11278.0],
          [-1.24368, 51.6459, 11278.0],
          [-1.13961, 51.66064, 11278.0],
          [-1.03981, 51.67485, 11278.0],
          [-0.93391, 51.68967, 11278.0],
          [-0.82991, 51.70418, 11278.0],
          [-0.72473, 51.71878, 11278.0],
          [-0.62225, 51.73294, 11278.0],
          [-0.51777, 51.74721, 11278.0],
          [-0.40983, 51.76181, 11278.0],
          [-0.31215, 51.77499, 11278.0],
          [-0.20332, 51.78946, 11278.0],
          [-0.10378, 51.80264, 11278.0],
          [-0.00074, 51.81619, 11278.0],
          [0.10222, 51.82965, 11278.0],
          [0.20666, 51.8432, 11278.0],
          [0.30975, 51.85649, 11278.0],
          [0.41977, 51.87055, 11278.0],
          [0.51881, 51.88312, 11247.0],
          [0.59772, 51.89305, 11133.0],
          [0.70163, 51.90607, 10996.0],
          [0.80597, 51.9191, 10843.0],
          [0.91391, 51.93242, 10698.0],
          [1.01788, 51.94508, 10546.0],
          [1.12129, 51.95769, 10401.0],
          [1.21572, 51.96906, 10272.0],
          [1.31294, 51.9808, 10135.0],
          [1.3656, 51.98875, 10058.0],
          [1.49536, 52.01573, 9876.0],
          [1.60165, 52.03879, 9693.0],
          [1.70776, 52.06192, 9441.0],
          [1.81656, 52.08545, 9136.0],
          [1.91923, 52.10755, 8824.0],
          [2.02087, 52.12935, 8512.0],
          [2.1235, 52.15122, 8207.0],
          [2.22496, 52.1727, 7902.0],
          [2.32574, 52.19394, 7597.0],
          [2.42335, 52.21443, 7308.0],
          [2.52372, 52.23538, 7003.0],
          [2.62123, 52.25565, 6713.0],
          [2.72034, 52.27615, 6424.0],
          [2.86438, 52.30582, 5959.0],
          [2.95815, 52.32495, 5662.0],
          [3.05137, 52.34394, 5364.0],
          [3.14225, 52.36238, 5075.0],
          [3.23422, 52.38095, 4785.0],
          [3.32493, 52.39906, 4496.0],
          [3.40906, 52.41586, 4229.0],
          [3.49616, 52.43318, 3955.0],
          [3.57691, 52.4492, 3696.0],
          [3.66261, 52.46605, 3429.0],
          [3.74438, 52.48215, 3261.0],
          [3.81916, 52.49677, 3185.0],
          [3.85958, 52.50445, 3147.0],
          [3.92212, 52.51279, 2964.0],
          [3.99269, 52.52133, 2690.0],
          [4.05961, 52.52945, 2515.0],
          [4.12717, 52.53769, 2355.0],
          [4.19472, 52.54591, 2195.0],
          [4.26033, 52.55383, 2027.0],
          [4.32724, 52.5618, 1875.0],
          [4.39485, 52.56991, 1707.0],
          [4.46068, 52.57777, 1676.0],
          [4.5031, 52.58281, 1676.0],
          [4.55532, 52.58415, 1623.0],
          [4.60837, 52.58415, 1539.0],
          [4.63702, 52.58355, 1486.0],
          [4.65836, 52.57703, 1410.0],
          [4.68308, 52.56409, 1295.0],
          [4.71176, 52.54843, 1181.0],
          [4.72427, 52.53896, 1128.0],
          [4.73142, 52.52913, 1052.0],
          [4.73404, 52.51598, 945.0],
          [4.73007, 52.5033, 846.0],
          [4.7245, 52.49286, 732.0],
          [4.72247, 52.47787, 640.0],
          [4.72054, 52.45766, 610.0],
          [4.71886, 52.43903, 495.0],
          [4.71714, 52.42075, 389.0],
          [4.71558, 52.40222, 282.0],
          [4.71367, 52.38396, 175.0],
          [4.71283, 52.37357, 107.0],
          [4.71214, 52.36469, 53.0],
          [4.7113, 52.35539, 8.0]
        ]
      }
    },
    {
      "type": "Feature",
      "properties": { "name": "ESSA Airport", "icon": "target", "type": null, "order": null },
      "geometry": { "type": "Point", "coordinates": [17.918611, 59.651944, 0.0] }
    },
    {
      "type": "Feature",
      "properties": { "name": "DAL9595", "icon": null, "type": "flight", "order": 2.0 },
      "geometry": {
        "type": "LineString",
        "coordinates": [
          [4.73282, 52.28783, 229.0],
          [4.71769, 52.28189, 457.0],
          [4.70116, 52.27528, 572.0],
          [4.68437, 52.26608, 671.0],
          [4.67586, 52.25437, 800.0],
          [4.67796, 52.23715, 998.0],
          [4.69864, 52.22246, 1394.0],
          [4.73291, 52.21564, 1753.0],
          [4.76753, 52.21188, 2065.0],
          [4.80072, 52.22113, 2271.0],
          [4.82422, 52.23697, 2560.0],
          [4.84269, 52.25535, 2728.0],
          [4.89395, 52.31396, 3360.0],
          [4.91241, 52.3347, 3612.0],
          [4.93898, 52.36526, 3741.0],
          [5.00229, 52.42566, 4412.0],
          [5.04484, 52.46689, 4823.0],
          [5.08887, 52.50934, 5144.0],
          [5.13718, 52.55566, 5364.0],
          [5.18379, 52.60034, 5730.0],
          [5.21435, 52.62963, 5959.0],
          [5.27817, 52.69121, 6416.0],
          [5.32955, 52.73978, 6744.0],
          [5.36039, 52.76827, 6919.0],
          [5.40283, 52.80167, 7155.0],
          [5.46209, 52.84736, 7422.0],
          [5.52536, 52.8961, 7681.0],
          [5.58685, 52.94344, 7917.0],
          [5.64972, 52.99158, 8131.0],
          [5.71724, 53.04332, 8374.0],
          [5.78125, 53.09225, 8611.0],
          [5.84755, 53.14275, 8824.0],
          [5.91573, 53.19459, 9045.0],
          [5.98363, 53.24597, 9274.0],
          [6.05464, 53.29944, 9472.0],
          [6.12415, 53.35152, 9655.0],
          [6.19849, 53.4072, 9837.0],
          [6.26668, 53.45801, 9997.0],
          [6.3417, 53.51399, 10234.0],
          [6.41311, 53.56687, 10439.0],
          [6.4828, 53.61836, 10630.0],
          [6.55641, 53.6724, 10828.0],
          [6.62797, 53.7247, 11019.0],
          [6.7015, 53.77831, 11201.0],
          [6.77291, 53.83021, 11262.0],
          [6.83742, 53.87691, 11270.0],
          [6.91472, 53.93285, 11270.0],
          [6.98715, 53.98512, 11270.0],
          [7.05831, 54.03639, 11270.0],
          [7.12879, 54.08693, 11270.0],
          [7.20025, 54.13802, 11270.0],
          [7.27052, 54.18814, 11270.0],
          [7.34295, 54.23959, 11270.0],
          [7.41427, 54.29001, 11262.0],
          [7.48597, 54.34058, 11262.0],
          [7.55793, 54.39112, 11270.0],
          [7.63084, 54.44219, 11262.0],
          [7.70368, 54.49301, 11262.0],
          [7.77323, 54.54149, 11262.0],
          [7.84698, 54.59265, 11270.0],
          [7.91798, 54.64176, 11270.0],
          [7.99167, 54.6926, 11270.0],
          [8.0633, 54.74185, 11262.0],
          [8.13671, 54.79217, 11270.0],
          [8.21037, 54.84245, 11262.0],
          [8.2767, 54.8876, 11262.0],
          [8.35753, 54.94235, 11262.0],
          [8.42859, 54.99034, 11262.0],
          [8.505, 55.04183, 11262.0],
          [8.57838, 55.09099, 11262.0],
          [8.65215, 55.14019, 11262.0],
          [8.72694, 55.18959, 11262.0],
          [8.79988, 55.23781, 11262.0],
          [8.87356, 55.28654, 11262.0],
          [8.9492, 55.33655, 11262.0],
          [9.02244, 55.38478, 11262.0],
          [9.09603, 55.43294, 11262.0],
          [9.17084, 55.4817, 11262.0],
          [9.24524, 55.53012, 11262.0],
          [9.32207, 55.57997, 11262.0],
          [9.39503, 55.62713, 11262.0],
          [9.47185, 55.67652, 11262.0],
          [9.54612, 55.72403, 11262.0],
          [9.62205, 55.77265, 11262.0],
          [9.69749, 55.82088, 11262.0],
          [9.77309, 55.86891, 11262.0],
          [9.84933, 55.91721, 11262.0],
          [9.92457, 55.96458, 11262.0],
          [9.99731, 56.01022, 11262.0],
          [10.07355, 56.05797, 11262.0],
          [10.14845, 56.1048, 11262.0],
          [10.2227, 56.15099, 11262.0],
          [10.30028, 56.19903, 11262.0],
          [10.37599, 56.2459, 11262.0],
          [10.4504, 56.29176, 11262.0],
          [10.52782, 56.33919, 11262.0],
          [10.60533, 56.38668, 11262.0],
          [10.68206, 56.43342, 11262.0],
          [10.75969, 56.48062, 11262.0],
          [10.83693, 56.52731, 11262.0],
          [10.91483, 56.57428, 11262.0],
          [10.99049, 56.61976, 11262.0],
          [11.06976, 56.66721, 11262.0],
          [11.14909, 56.71445, 11262.0],
          [11.22493, 56.75956, 11262.0],
          [11.30476, 56.80692, 11262.0],
          [11.38261, 56.85292, 11262.0],
          [11.46346, 56.90044, 11262.0],
          [11.54792, 56.94978, 11262.0],
          [11.62757, 56.99634, 11262.0],
          [11.70748, 57.04289, 11262.0],
          [11.78558, 57.08821, 11262.0],
          [11.86736, 57.13547, 11262.0],
          [11.94994, 57.18295, 11262.0],
          [12.02763, 57.22751, 11262.0],
          [12.10685, 57.27287, 11262.0],
          [12.1896, 57.31996, 11262.0],
          [12.27139, 57.36639, 11262.0],
          [12.35306, 57.41255, 11262.0],
          [12.42935, 57.45542, 11262.0],
          [12.5129, 57.50239, 11262.0],
          [12.5952, 57.54853, 11262.0],
          [12.67601, 57.5935, 11262.0],
          [12.75976, 57.64, 11262.0],
          [12.83933, 57.68394, 11262.0],
          [12.92413, 57.73059, 11262.0],
          [13.00586, 57.7755, 11262.0],
          [13.08888, 57.82082, 11262.0],
          [13.1711, 57.86554, 11262.0],
          [13.25308, 57.9101, 11262.0],
          [13.33575, 57.95488, 11262.0],
          [13.42405, 58.0025, 11262.0],
          [13.50742, 58.04734, 11262.0],
          [13.59266, 58.09282, 11262.0],
          [13.67706, 58.13793, 11262.0],
          [13.76516, 58.18465, 11262.0],
          [13.84854, 58.22866, 11262.0],
          [13.9324, 58.27274, 11262.0],
          [14.02006, 58.31863, 11262.0],
          [14.10565, 58.36336, 11262.0],
          [14.19283, 58.40886, 11262.0],
          [14.28249, 58.45537, 11262.0],
          [14.36554, 58.49815, 11262.0],
          [14.45588, 58.54482, 11262.0],
          [14.54379, 58.58995, 11262.0],
          [14.62652, 58.63211, 11240.0],
          [14.71262, 58.67579, 10988.0],
          [14.79712, 58.71825, 10714.0],
          [14.88354, 58.76173, 10424.0],
          [14.96338, 58.80199, 10157.0],
          [15.04541, 58.84319, 9891.0],
          [15.12571, 58.88341, 9616.0],
          [15.20962, 58.92536, 9342.0],
          [15.28647, 58.96349, 9083.0],
          [15.36675, 59.00315, 8824.0],
          [15.4499, 59.04383, 8542.0],
          [15.52283, 59.07972, 8298.0],
          [15.60305, 59.11906, 8039.0],
          [15.67813, 59.15584, 7788.0],
          [15.75238, 59.19173, 7544.0],
          [15.79938, 59.21347, 7369.0],
          [15.84146, 59.22849, 7201.0],
          [15.95527, 59.26305, 6866.0],
          [16.04205, 59.2896, 6325.0],
          [16.13388, 59.31807, 5776.0],
          [16.22851, 59.34684, 5464.0],
          [16.31915, 59.37384, 5197.0],
          [16.41147, 59.40129, 4854.0],
          [16.49469, 59.42615, 4488.0],
          [16.58514, 59.45316, 4183.0],
          [16.67029, 59.47852, 3924.0],
          [16.7551, 59.50307, 3597.0],
          [16.83893, 59.52654, 3208.0],
          [16.89271, 59.54203, 3048.0],
          [16.97141, 59.56512, 2941.0],
          [17.04813, 59.58719, 2835.0],
          [17.12257, 59.60832, 2652.0],
          [17.19474, 59.62951, 2454.0],
          [17.26694, 59.65114, 2248.0],
          [17.33775, 59.67238, 2027.0],
          [17.40859, 59.69361, 1829.0],
          [17.47668, 59.71394, 1631.0],
          [17.54753, 59.73504, 1448.0],
          [17.61374, 59.7545, 1227.0],
          [17.68048, 59.77409, 1021.0],
          [17.74652, 59.79393, 846.0],
          [17.81094, 59.81396, 716.0],
          [17.84521, 59.82405, 716.0],
          [17.90421, 59.82717, 716.0],
          [17.95276, 59.82669, 724.0],
          [17.98141, 59.82074, 716.0],
          [17.99808, 59.80417, 716.0],
          [18.00595, 59.79135, 724.0],
          [18.00517, 59.77684, 732.0],
          [17.99731, 59.75403, 640.0],
          [17.98965, 59.73289, 518.0],
          [17.98334, 59.71573, 411.0],
          [17.97986, 59.70676, 358.0],
          [17.97676, 59.69822, 305.0],
          [17.97382, 59.69007, 259.0],
          [17.9707, 59.68155, 206.0],
          [17.96757, 59.67275, 145.0],
          [17.96435, 59.66368, 91.0],
          [17.96085, 59.65413, 30.0],
          [17.95763, 59.6451, -23.0]
        ]
      }
    },
    {
      "type": "Feature",
      "geometry": {
        "type": "LineString",
        "coordinates": [
          [17.92871, 59.64752],
          [17.92649, 59.64106],
          [17.92589, 59.63967],
          [17.92543, 59.63861],
          [17.92416, 59.63666],
          [17.92343, 59.63549],
          [17.9231, 59.63455],
          [17.92279, 59.63348],
          [17.92263, 59.63273],
          [17.92265, 59.63221],
          [17.92264, 59.63093],
          [17.92265, 59.63009],
          [17.92265, 59.63009],
          [17.9229, 59.63093],
          [17.92533, 59.6397],
          [17.92576, 59.64097],
          [17.92589, 59.64138],
          [17.92589, 59.64138],
          [17.92603, 59.64185],
          [17.92812, 59.64844],
          [17.92844, 59.64944],
          [17.92929, 59.65227],
          [17.93129, 59.65699],
          [17.93139, 59.65725],
          [17.93183, 59.65874],
          [17.93196, 59.65942],
          [17.93198, 59.66033],
          [17.93192, 59.66117],
          [17.93184, 59.66157],
          [17.93166, 59.66225],
          [17.93147, 59.66288],
          [17.93135, 59.66318],
          [17.93081, 59.66422],
          [17.93057, 59.66465],
          [17.93019, 59.6652],
          [17.92995, 59.66553],
          [17.92981, 59.66572],
          [17.92956, 59.666],
          [17.92874, 59.66686],
          [17.92784, 59.66769],
          [17.92668, 59.6686],
          [17.92547, 59.6694],
          [17.92463, 59.66991],
          [17.92378, 59.67039],
          [17.92291, 59.67079],
          [17.92222, 59.67111],
          [17.92059, 59.67174],
          [17.91981, 59.67199],
          [17.91943, 59.6721],
          [17.91939, 59.67212],
          [17.91929, 59.67214],
          [17.91829, 59.67243],
          [17.91777, 59.67258],
          [17.91725, 59.67271],
          [17.91639, 59.6729],
          [17.91548, 59.67311],
          [17.91339, 59.67348],
          [17.9112, 59.67381],
          [17.90897, 59.6741],
          [17.90688, 59.67431],
          [17.90554, 59.67444],
          [17.90404, 59.67455],
          [17.90311, 59.67463],
          [17.90292, 59.67464],
          [17.90129, 59.67473],
          [17.90119, 59.67473],
          [17.89962, 59.6748],
          [17.89807, 59.67485],
          [17.89645, 59.67487],
          [17.89484, 59.67489],
          [17.89294, 59.67487],
          [17.89197, 59.67485],
          [17.89123, 59.67483],
          [17.8896, 59.67477],
          [17.88731, 59.67465],
          [17.88508, 59.67448],
          [17.88383, 59.6744],
          [17.88368, 59.67439],
          [17.88333, 59.67436],
          [17.88208, 59.67426],
          [17.8798, 59.67408],
          [17.87639, 59.67381],
          [17.87254, 59.67353],
          [17.871, 59.6734],
          [17.86828, 59.67318],
          [17.8656, 59.67301],
          [17.86515, 59.67298],
          [17.86368, 59.67291],
          [17.86229, 59.67287],
          [17.86101, 59.67287],
          [17.8599, 59.67289],
          [17.85943, 59.6729],
          [17.85753, 59.67297],
          [17.85648, 59.67301],
          [17.85432, 59.67312],
          [17.85227, 59.67325],
          [17.852, 59.67327],
          [17.84934, 59.67342],
          [17.8478, 59.67351],
          [17.84565, 59.67365],
          [17.84411, 59.67378],
          [17.84345, 59.67385],
          [17.84252, 59.67395],
          [17.84083, 59.67418],
          [17.83925, 59.67443],
          [17.83788, 59.67468],
          [17.83652, 59.67495],
          [17.83532, 59.67524],
          [17.83396, 59.67563],
          [17.83262, 59.67602],
          [17.83222, 59.67614],
          [17.83139, 59.67642],
          [17.83051, 59.67671],
          [17.82978, 59.67699],
          [17.82912, 59.67723],
          [17.82854, 59.67745],
          [17.82829, 59.67755],
          [17.82788, 59.67773],
          [17.82745, 59.67791],
          [17.82669, 59.67824],
          [17.82574, 59.6787],
          [17.82552, 59.67881],
          [17.82407, 59.67957],
          [17.82384, 59.67969],
          [17.82265, 59.68031],
          [17.82265, 59.68031],
          [17.82113, 59.68111],
          [17.81899, 59.68225],
          [17.81856, 59.68248],
          [17.81739, 59.68313],
          [17.817, 59.68334],
          [17.81608, 59.6839],
          [17.81505, 59.68454],
          [17.81421, 59.68513],
          [17.81343, 59.68574],
          [17.81294, 59.68613],
          [17.81249, 59.68652],
          [17.81217, 59.68682],
          [17.81174, 59.68723],
          [17.81122, 59.68778],
          [17.81081, 59.68822],
          [17.81045, 59.68867],
          [17.81012, 59.6891],
          [17.8098, 59.68955],
          [17.80944, 59.69011],
          [17.80913, 59.69066],
          [17.80886, 59.69122],
          [17.80853, 59.69191],
          [17.80823, 59.6926],
          [17.80783, 59.69353],
          [17.80774, 59.69375],
          [17.80743, 59.69441],
          [17.80743, 59.69441],
          [17.80717, 59.69506],
          [17.80711, 59.6952],
          [17.8068, 59.69589],
          [17.80657, 59.69636],
          [17.80632, 59.69683],
          [17.80578, 59.69767],
          [17.8037, 59.70046],
          [17.80225, 59.7023],
          [17.80156, 59.70326],
          [17.80138, 59.70354],
          [17.80117, 59.7039],
          [17.80088, 59.7045],
          [17.7997, 59.70689],
          [17.79968, 59.70693],
          [17.79881, 59.70873],
          [17.79788, 59.71055],
          [17.79703, 59.71214],
          [17.79697, 59.71224],
          [17.7966, 59.71283],
          [17.79537, 59.71452],
          [17.79368, 59.71664],
          [17.79329, 59.71716],
          [17.79253, 59.71817],
          [17.79178, 59.71917],
          [17.7914, 59.71965],
          [17.7914, 59.71965],
          [17.79066, 59.72058],
          [17.79008, 59.72133],
          [17.7888, 59.72297],
          [17.78823, 59.72368],
          [17.78817, 59.72376],
          [17.78806, 59.72389],
          [17.78768, 59.72437],
          [17.78694, 59.72531],
          [17.78662, 59.72571],
          [17.78519, 59.72757],
          [17.78409, 59.72897],
          [17.78378, 59.72935],
          [17.78353, 59.72967],
          [17.78253, 59.73086],
          [17.78196, 59.73155],
          [17.78036, 59.73342],
          [17.77946, 59.73448],
          [17.77918, 59.73481],
          [17.77758, 59.73663],
          [17.77706, 59.73724],
          [17.77539, 59.73921],
          [17.7734, 59.74154],
          [17.7723, 59.74282],
          [17.77107, 59.74418],
          [17.77052, 59.74484],
          [17.77004, 59.74546],
          [17.76981, 59.74581],
          [17.76951, 59.74631],
          [17.76919, 59.7468],
          [17.76915, 59.74688],
          [17.76885, 59.74732],
          [17.768, 59.74862],
          [17.76607, 59.75174],
          [17.76586, 59.75207],
          [17.76462, 59.75404],
          [17.76394, 59.75508],
          [17.76374, 59.75545],
          [17.76298, 59.75659],
          [17.76261, 59.75718],
          [17.76229, 59.75775],
          [17.7621, 59.75812],
          [17.76196, 59.75843],
          [17.76149, 59.75963],
          [17.76129, 59.76015],
          [17.76129, 59.76018],
          [17.76091, 59.76111],
          [17.76049, 59.76219],
          [17.7603, 59.76272],
          [17.75982, 59.76395],
          [17.75953, 59.76467],
          [17.75906, 59.76588],
          [17.75874, 59.76668],
          [17.75851, 59.76731],
          [17.75838, 59.76771],
          [17.75707, 59.77154],
          [17.75686, 59.77214],
          [17.75628, 59.7739],
          [17.75627, 59.77392],
          [17.75536, 59.77658],
          [17.7553, 59.77674],
          [17.75516, 59.77716],
          [17.75516, 59.77716],
          [17.75428, 59.77974],
          [17.75427, 59.77977],
          [17.75406, 59.7804],
          [17.75192, 59.78668],
          [17.75103, 59.78924],
          [17.75102, 59.78928],
          [17.75067, 59.79036],
          [17.75007, 59.79156],
          [17.74947, 59.79243],
          [17.74916, 59.79285],
          [17.7488, 59.79326],
          [17.74868, 59.79339],
          [17.74864, 59.79343],
          [17.74779, 59.79423],
          [17.74401, 59.79738],
          [17.74334, 59.79794],
          [17.74319, 59.79806],
          [17.74279, 59.79839],
          [17.74223, 59.79884],
          [17.74167, 59.7993],
          [17.74111, 59.79976],
          [17.74055, 59.80022],
          [17.73998, 59.80068],
          [17.73942, 59.80114],
          [17.73887, 59.80159],
          [17.73831, 59.80206],
          [17.73778, 59.80249],
          [17.73725, 59.80292],
          [17.73672, 59.80335],
          [17.73621, 59.80378],
          [17.7357, 59.80422],
          [17.73523, 59.80465],
          [17.73522, 59.80466],
          [17.73479, 59.80505],
          [17.73475, 59.80508],
          [17.73426, 59.80552],
          [17.73379, 59.80597],
          [17.73331, 59.80641],
          [17.73284, 59.80685],
          [17.73186, 59.80776],
          [17.73172, 59.80789],
          [17.72913, 59.8103],
          [17.72854, 59.81086],
          [17.72802, 59.81133],
          [17.72757, 59.81174],
          [17.72709, 59.81217],
          [17.72658, 59.81266],
          [17.72629, 59.81293],
          [17.72609, 59.81311],
          [17.72559, 59.81358],
          [17.72516, 59.81398],
          [17.72472, 59.81438],
          [17.72397, 59.81508],
          [17.72376, 59.81527],
          [17.72327, 59.81572],
          [17.72272, 59.8162],
          [17.72216, 59.81666],
          [17.7216, 59.81711],
          [17.72103, 59.81755],
          [17.72044, 59.81798],
          [17.72042, 59.818],
          [17.7198, 59.81845],
          [17.7192, 59.81889],
          [17.7186, 59.81933],
          [17.71799, 59.81978],
          [17.71737, 59.82023],
          [17.71693, 59.82054],
          [17.71676, 59.82067],
          [17.71613, 59.8211],
          [17.71549, 59.82154],
          [17.71484, 59.82197],
          [17.71419, 59.8224],
          [17.71352, 59.82283],
          [17.71289, 59.82323],
          [17.71222, 59.82366],
          [17.71155, 59.82407],
          [17.71087, 59.82448],
          [17.71017, 59.8249],
          [17.70947, 59.82532],
          [17.70878, 59.82572],
          [17.7077, 59.82632],
          [17.70667, 59.82689],
          [17.70663, 59.82691],
          [17.7059, 59.82731],
          [17.7056, 59.82747],
          [17.70445, 59.82809],
          [17.70378, 59.82843],
          [17.70378, 59.82843],
          [17.70335, 59.82866],
          [17.70277, 59.82897],
          [17.70235, 59.82918],
          [17.70198, 59.82938],
          [17.70141, 59.82968],
          [17.70138, 59.8297],
          [17.69924, 59.8308],
          [17.69851, 59.83119],
          [17.69849, 59.8312],
          [17.69775, 59.83158],
          [17.69698, 59.83198],
          [17.69626, 59.83236],
          [17.6955, 59.83275],
          [17.69477, 59.83314],
          [17.69402, 59.83353],
          [17.69329, 59.83391],
          [17.69254, 59.83431],
          [17.6913, 59.83496],
          [17.69037, 59.83544],
          [17.68887, 59.83622],
          [17.68737, 59.83701],
          [17.68589, 59.83778],
          [17.68442, 59.83855],
          [17.68292, 59.83933],
          [17.68218, 59.83971],
          [17.68143, 59.84011],
          [17.68089, 59.84039],
          [17.68031, 59.84069],
          [17.67996, 59.84088],
          [17.67921, 59.84127],
          [17.67846, 59.84166],
          [17.67771, 59.84205],
          [17.67696, 59.84244],
          [17.67623, 59.84282],
          [17.6748, 59.84357],
          [17.6733, 59.84435],
          [17.67217, 59.84495],
          [17.67146, 59.84531],
          [17.67062, 59.84575],
          [17.6704, 59.84586],
          [17.66969, 59.84624],
          [17.66903, 59.84658],
          [17.66847, 59.84688],
          [17.66835, 59.84694],
          [17.66766, 59.84729],
          [17.66671, 59.84778],
          [17.66648, 59.8479],
          [17.66648, 59.8479],
          [17.66232, 59.85007],
          [17.6623, 59.85008],
          [17.66119, 59.85067],
          [17.66005, 59.85126],
          [17.65997, 59.8513],
          [17.65931, 59.85164],
          [17.65931, 59.85164],
          [17.65781, 59.85242],
          [17.65756, 59.85255],
          [17.65756, 59.85255],
          [17.65681, 59.85295],
          [17.65612, 59.85332],
          [17.65499, 59.85389],
          [17.65438, 59.85422],
          [17.65397, 59.85442],
          [17.65258, 59.85515],
          [17.65228, 59.8553],
          [17.65218, 59.85535],
          [17.65199, 59.85545],
          [17.65145, 59.85574],
          [17.6509, 59.85605],
          [17.65048, 59.8563],
          [17.65007, 59.85654],
          [17.64957, 59.85684],
          [17.64879, 59.8573],
          [17.64812, 59.85768],
          [17.64744, 59.85808],
          [17.64657, 59.85857],
          [17.64628, 59.85873],
          [17.64595, 59.85891],
          [17.64569, 59.85905],
          [17.64569, 59.85905],
          [17.6447, 59.85959],
          [17.64326, 59.86039],
          [17.64292, 59.86058],
          [17.64288, 59.8606],
          [17.64179, 59.8612],
          [17.64153, 59.86134],
          [17.64064, 59.86183],
          [17.63939, 59.86253],
          [17.63918, 59.86264],
          [17.63911, 59.86268],
          [17.63902, 59.86273],
          [17.63876, 59.86288],
          [17.63876, 59.86288],
          [17.63826, 59.86317],
          [17.6379, 59.86339],
          [17.63755, 59.86363],
          [17.63726, 59.86384],
          [17.63699, 59.86407],
          [17.63671, 59.86433],
          [17.63651, 59.86454],
          [17.63645, 59.86461],
          [17.63631, 59.86478],
          [17.63618, 59.86496],
          [17.63608, 59.86516],
          [17.63595, 59.8654],
          [17.63586, 59.86561],
          [17.63584, 59.86566],
          [17.63578, 59.8659],
          [17.63575, 59.86601],
          [17.63571, 59.86642],
          [17.6357, 59.86684],
          [17.63572, 59.86729],
          [17.63574, 59.86778],
          [17.63575, 59.86828],
          [17.63574, 59.86881],
          [17.63572, 59.8694],
          [17.6357, 59.86998],
          [17.63568, 59.87057],
          [17.63566, 59.87115],
          [17.63564, 59.87173],
          [17.63562, 59.87241],
          [17.6356, 59.8728],
          [17.63558, 59.87336],
          [17.63554, 59.87483],
          [17.63554, 59.87487],
          [17.63552, 59.87536],
          [17.6355, 59.87581],
          [17.63548, 59.87619],
          [17.63545, 59.87675],
          [17.63544, 59.87698],
          [17.63542, 59.87725],
          [17.63542, 59.87725],
          [17.63537, 59.87765],
          [17.63533, 59.87805],
          [17.63528, 59.87875],
          [17.63525, 59.87928],
          [17.63516, 59.88014],
          [17.63511, 59.88046],
          [17.63503, 59.88082],
          [17.63407, 59.88377],
          [17.63329, 59.88618],
          [17.63299, 59.88759],
          [17.63292, 59.88854],
          [17.63295, 59.88941],
          [17.63296, 59.88962],
          [17.6331, 59.89049],
          [17.63329, 59.89138],
          [17.63364, 59.89237],
          [17.63376, 59.89269],
          [17.63401, 59.89332],
          [17.63454, 59.89445],
          [17.63507, 59.89536],
          [17.63554, 59.89608],
          [17.63622, 59.89705],
          [17.63707, 59.89793],
          [17.6387, 59.89953],
          [17.64018, 59.90104],
          [17.64181, 59.90272],
          [17.64325, 59.90399],
          [17.6451, 59.9054],
          [17.64647, 59.90628],
          [17.64668, 59.90641],
          [17.64673, 59.90645],
          [17.64795, 59.90721],
          [17.64848, 59.90756],
          [17.64946, 59.90816],
          [17.64983, 59.90838],
          [17.65087, 59.90901],
          [17.65195, 59.90967],
          [17.65266, 59.91011],
          [17.6538, 59.9108],
          [17.65429, 59.91109],
          [17.65429, 59.91109],
          [17.65485, 59.91143],
          [17.65564, 59.91193],
          [17.65746, 59.91302],
          [17.65987, 59.91449],
          [17.66097, 59.91516],
          [17.66356, 59.91674],
          [17.66478, 59.91749],
          [17.66566, 59.91804],
          [17.66658, 59.9186],
          [17.6678, 59.91947],
          [17.66905, 59.92051],
          [17.66977, 59.92121],
          [17.67007, 59.92154],
          [17.67035, 59.92188],
          [17.67088, 59.92256],
          [17.67112, 59.92288],
          [17.67168, 59.92361],
          [17.67241, 59.92462],
          [17.67312, 59.92561],
          [17.674, 59.92681],
          [17.67488, 59.92803],
          [17.67611, 59.92974],
          [17.67707, 59.93098],
          [17.67793, 59.93196],
          [17.6783, 59.93232],
          [17.67872, 59.93271],
          [17.67967, 59.93349],
          [17.68045, 59.93414],
          [17.68245, 59.93572],
          [17.6846, 59.93744],
          [17.68568, 59.9383],
          [17.68619, 59.9387],
          [17.68922, 59.94105],
          [17.69178, 59.94314],
          [17.69248, 59.9437],
          [17.69293, 59.94405],
          [17.69427, 59.94512],
          [17.69531, 59.94595],
          [17.69531, 59.94595],
          [17.69557, 59.94616],
          [17.69684, 59.94716],
          [17.69994, 59.94963],
          [17.70118, 59.95061],
          [17.70175, 59.95106],
          [17.7026, 59.95175],
          [17.70282, 59.95195],
          [17.70339, 59.95248],
          [17.70381, 59.95291],
          [17.70419, 59.95334],
          [17.70459, 59.95388],
          [17.70503, 59.95448],
          [17.7056, 59.95539],
          [17.7062, 59.95637],
          [17.70626, 59.95646],
          [17.70632, 59.95657],
          [17.70673, 59.95724],
          [17.70691, 59.95754],
          [17.70768, 59.95879],
          [17.7078, 59.95898],
          [17.70859, 59.96017],
          [17.70926, 59.96104],
          [17.70933, 59.96112],
          [17.71059, 59.96248],
          [17.71084, 59.96275],
          [17.71155, 59.96352],
          [17.71171, 59.96369],
          [17.71385, 59.9661],
          [17.71444, 59.96674],
          [17.71492, 59.96727],
          [17.71538, 59.96778],
          [17.7154, 59.96781],
          [17.71718, 59.96971],
          [17.71808, 59.97067],
          [17.71861, 59.97121],
          [17.72002, 59.9728],
          [17.72109, 59.97399],
          [17.72198, 59.97527],
          [17.72249, 59.97631],
          [17.72298, 59.97741],
          [17.72329, 59.97843],
          [17.72341, 59.97918],
          [17.72345, 59.97943],
          [17.72359, 59.98159],
          [17.72381, 59.98437],
          [17.72405, 59.98812],
          [17.72417, 59.9895],
          [17.72421, 59.99071],
          [17.72434, 59.99193],
          [17.7244, 59.99236],
          [17.72456, 59.99322],
          [17.72461, 59.99345],
          [17.72541, 59.99616],
          [17.72566, 59.99705],
          [17.72595, 59.99804],
          [17.72624, 59.99943],
          [17.72639, 60.00055],
          [17.72639, 60.00055],
          [17.72641, 60.00117],
          [17.72641, 60.00179],
          [17.72612, 60.00282],
          [17.72595, 60.00346],
          [17.72547, 60.00497],
          [17.72527, 60.00598],
          [17.72518, 60.00647],
          [17.72512, 60.00737],
          [17.72511, 60.00765],
          [17.72518, 60.00841],
          [17.7253, 60.00893],
          [17.72548, 60.00947],
          [17.72566, 60.0099],
          [17.72589, 60.01033],
          [17.7271, 60.01207],
          [17.7279, 60.0133],
          [17.72814, 60.01372],
          [17.72858, 60.0146],
          [17.72862, 60.01469],
          [17.72865, 60.01478],
          [17.7288, 60.01516],
          [17.72895, 60.01577],
          [17.72906, 60.01629],
          [17.7291, 60.01695],
          [17.72918, 60.01959],
          [17.72924, 60.02048],
          [17.72941, 60.02135],
          [17.72974, 60.0223],
          [17.7298, 60.0225],
          [17.73022, 60.02361],
          [17.73088, 60.02537],
          [17.73211, 60.02892],
          [17.73251, 60.03024],
          [17.73276, 60.03144],
          [17.73282, 60.03205],
          [17.73282, 60.03247],
          [17.7328, 60.03307],
          [17.73277, 60.03356],
          [17.73271, 60.03407],
          [17.73263, 60.03449],
          [17.7325, 60.03501],
          [17.73235, 60.03546],
          [17.7319, 60.03675],
          [17.73143, 60.03797],
          [17.7307, 60.03985],
          [17.73061, 60.04007],
          [17.73013, 60.04131],
          [17.72995, 60.04177],
          [17.72921, 60.04369],
          [17.72849, 60.04565],
          [17.72815, 60.04711],
          [17.72774, 60.04995],
          [17.72773, 60.04999],
          [17.72768, 60.05036],
          [17.72768, 60.05036],
          [17.72754, 60.05126],
          [17.72746, 60.05176],
          [17.72723, 60.05428],
          [17.72725, 60.05492],
          [17.72731, 60.05556],
          [17.72741, 60.05609],
          [17.72754, 60.05661],
          [17.72762, 60.05695],
          [17.72779, 60.05749],
          [17.72835, 60.0589],
          [17.72882, 60.06018],
          [17.732, 60.06768],
          [17.73558, 60.07647],
          [17.7357, 60.07678],
          [17.73602, 60.07753],
          [17.7365, 60.07868],
          [17.73703, 60.07993],
          [17.73904, 60.08482],
          [17.73907, 60.0849],
          [17.73922, 60.08527],
          [17.73972, 60.08649],
          [17.74004, 60.08736],
          [17.74026, 60.08811],
          [17.74038, 60.08863],
          [17.74053, 60.08931],
          [17.74124, 60.09417],
          [17.74193, 60.09908],
          [17.74209, 60.10016],
          [17.7425, 60.10311],
          [17.74263, 60.10416],
          [17.74268, 60.10495],
          [17.74272, 60.10584],
          [17.74272, 60.1066],
          [17.74255, 60.11193],
          [17.74224, 60.12089],
          [17.74222, 60.12124],
          [17.74219, 60.12228],
          [17.74209, 60.1252],
          [17.74196, 60.12826],
          [17.74194, 60.12986],
          [17.74194, 60.12986],
          [17.74194, 60.12993],
          [17.74193, 60.1303],
          [17.74191, 60.13078],
          [17.74183, 60.13317],
          [17.74183, 60.13408],
          [17.74202, 60.13731],
          [17.74206, 60.13788],
          [17.74212, 60.13891],
          [17.74215, 60.13917],
          [17.74218, 60.13987],
          [17.74218, 60.13987],
          [17.74226, 60.14129],
          [17.74229, 60.142],
          [17.7423, 60.14275],
          [17.74226, 60.14379],
          [17.74217, 60.14623],
          [17.7421, 60.14789],
          [17.74195, 60.15089],
          [17.74179, 60.15232],
          [17.74157, 60.15372],
          [17.74135, 60.15442],
          [17.74052, 60.15681],
          [17.73899, 60.16141],
          [17.73843, 60.16302],
          [17.73808, 60.16407],
          [17.73769, 60.16526],
          [17.73758, 60.16567],
          [17.73711, 60.16698],
          [17.73639, 60.16912],
          [17.73559, 60.17113],
          [17.73479, 60.17312],
          [17.73425, 60.17448],
          [17.73321, 60.1771],
          [17.73285, 60.17798],
          [17.73251, 60.17891],
          [17.73202, 60.18074],
          [17.73193, 60.18132],
          [17.73186, 60.18188],
          [17.73182, 60.18299],
          [17.73183, 60.18316],
          [17.73183, 60.18334],
          [17.73185, 60.18385],
          [17.73188, 60.18425],
          [17.73191, 60.1845],
          [17.73206, 60.18602],
          [17.73211, 60.18652],
          [17.73223, 60.18811],
          [17.73222, 60.18906],
          [17.7321, 60.19007],
          [17.7318, 60.19184],
          [17.73171, 60.1923],
          [17.73139, 60.19379],
          [17.73118, 60.19471],
          [17.73093, 60.19566],
          [17.73078, 60.19615],
          [17.73011, 60.19807],
          [17.72898, 60.20116],
          [17.72808, 60.20364],
          [17.72769, 60.2047],
          [17.72711, 60.20631],
          [17.72663, 60.20759],
          [17.72623, 60.20871],
          [17.72577, 60.20999],
          [17.72454, 60.21335],
          [17.72407, 60.21456],
          [17.72358, 60.21578],
          [17.72345, 60.21603],
          [17.72321, 60.21654],
          [17.72288, 60.21715],
          [17.72215, 60.21828],
          [17.72182, 60.21872],
          [17.72098, 60.21973],
          [17.72027, 60.22044],
          [17.7198, 60.22088],
          [17.71937, 60.22128],
          [17.71882, 60.22173],
          [17.71805, 60.22229],
          [17.71717, 60.22295],
          [17.71622, 60.22358],
          [17.71604, 60.22369],
          [17.71562, 60.22395],
          [17.7149, 60.22436],
          [17.71378, 60.22496],
          [17.71333, 60.22519],
          [17.71184, 60.22582],
          [17.71114, 60.22612],
          [17.70926, 60.22691],
          [17.70799, 60.22742],
          [17.70634, 60.22811],
          [17.70459, 60.22883],
          [17.7038, 60.22915],
          [17.70251, 60.22968],
          [17.7004, 60.23054],
          [17.69789, 60.23153],
          [17.69783, 60.23155],
          [17.69686, 60.23189],
          [17.69589, 60.23222],
          [17.69475, 60.23259],
          [17.69377, 60.23289],
          [17.69212, 60.23334],
          [17.69095, 60.23365],
          [17.69084, 60.23368],
          [17.68806, 60.23435],
          [17.68473, 60.23513],
          [17.68241, 60.23569],
          [17.68202, 60.23578],
          [17.67788, 60.23678],
          [17.67697, 60.23699],
          [17.67615, 60.23721],
          [17.67426, 60.23772],
          [17.67231, 60.23828],
          [17.6701, 60.23898],
          [17.66881, 60.23943],
          [17.66712, 60.24004],
          [17.66635, 60.24034],
          [17.66571, 60.2406],
          [17.66411, 60.24127],
          [17.66235, 60.24205],
          [17.66074, 60.24284],
          [17.65844, 60.24411],
          [17.65594, 60.24558],
          [17.65546, 60.24587],
          [17.65397, 60.24677],
          [17.65239, 60.24773],
          [17.64903, 60.24976],
          [17.6463, 60.25142],
          [17.6449, 60.25226],
          [17.64288, 60.25348],
          [17.6425, 60.25371],
          [17.64004, 60.2552],
          [17.63868, 60.25602],
          [17.63853, 60.25611],
          [17.63726, 60.25688],
          [17.63698, 60.25705],
          [17.63471, 60.25842],
          [17.63396, 60.25887],
          [17.63132, 60.26047],
          [17.63104, 60.26064],
          [17.62934, 60.26167],
          [17.62884, 60.26197],
          [17.62884, 60.26197],
          [17.62434, 60.2647],
          [17.62363, 60.26518],
          [17.62298, 60.26564],
          [17.62233, 60.26613],
          [17.62126, 60.26701],
          [17.62112, 60.26714],
          [17.62063, 60.2676],
          [17.62037, 60.26786],
          [17.62009, 60.26814],
          [17.61965, 60.26861],
          [17.6192, 60.26914],
          [17.6188, 60.26964],
          [17.61841, 60.27019],
          [17.61806, 60.27073],
          [17.61775, 60.27126],
          [17.61746, 60.27182],
          [17.61722, 60.27234],
          [17.61708, 60.27265],
          [17.61557, 60.27646],
          [17.61551, 60.27662],
          [17.61407, 60.28033],
          [17.61383, 60.28085],
          [17.61357, 60.28138],
          [17.61329, 60.28188],
          [17.61298, 60.2824],
          [17.61265, 60.28291],
          [17.61231, 60.28341],
          [17.61188, 60.28396],
          [17.61148, 60.28443],
          [17.61102, 60.28495],
          [17.61089, 60.2851],
          [17.61057, 60.28543],
          [17.61006, 60.28594],
          [17.60956, 60.28641],
          [17.60904, 60.28688],
          [17.6089, 60.28701],
          [17.60852, 60.28733],
          [17.60828, 60.28753],
          [17.60629, 60.28921],
          [17.60528, 60.29006],
          [17.60517, 60.29015],
          [17.60506, 60.29025],
          [17.60194, 60.29287],
          [17.59807, 60.29613],
          [17.59478, 60.29893],
          [17.5942, 60.29938],
          [17.59364, 60.29983],
          [17.59306, 60.30028],
          [17.59267, 60.30057],
          [17.59245, 60.30073],
          [17.59183, 60.30117],
          [17.5912, 60.3016],
          [17.59053, 60.30203],
          [17.58985, 60.30245],
          [17.5891, 60.3029],
          [17.58831, 60.30333],
          [17.58764, 60.3037],
          [17.58684, 60.30411],
          [17.58601, 60.30452],
          [17.58516, 60.30492],
          [17.58431, 60.30531],
          [17.58343, 60.30569],
          [17.58245, 60.30609],
          [17.58162, 60.30641],
          [17.58073, 60.30674],
          [17.58013, 60.30696],
          [17.57976, 60.3071],
          [17.5774, 60.30791],
          [17.57622, 60.30832],
          [17.57605, 60.30839],
          [17.57475, 60.30884],
          [17.57439, 60.30896],
          [17.57439, 60.30896],
          [17.57314, 60.3094],
          [17.57034, 60.31037],
          [17.56838, 60.31104],
          [17.56574, 60.31196],
          [17.56395, 60.31258],
          [17.56036, 60.31382],
          [17.55986, 60.31399],
          [17.55156, 60.31687],
          [17.54962, 60.31754],
          [17.54698, 60.31848],
          [17.54542, 60.3191],
          [17.54527, 60.31917],
          [17.54445, 60.31952],
          [17.54366, 60.31989],
          [17.54288, 60.32027],
          [17.54215, 60.32066],
          [17.54141, 60.32106],
          [17.54106, 60.32127],
          [17.54009, 60.32186],
          [17.53951, 60.32224],
          [17.53888, 60.32266],
          [17.53827, 60.32312],
          [17.5378, 60.32348],
          [17.53766, 60.32359],
          [17.53711, 60.32404],
          [17.53656, 60.32453],
          [17.53627, 60.32481],
          [17.53591, 60.32515],
          [17.53571, 60.32537],
          [17.53525, 60.32586],
          [17.53489, 60.32629],
          [17.5347, 60.32652],
          [17.53446, 60.32682],
          [17.53407, 60.32733],
          [17.53323, 60.32849],
          [17.53071, 60.33197],
          [17.5297, 60.33337],
          [17.52899, 60.33434],
          [17.52871, 60.33472],
          [17.52783, 60.33594],
          [17.52693, 60.33714],
          [17.5267, 60.33742],
          [17.52592, 60.33825],
          [17.52537, 60.33882],
          [17.52512, 60.33904],
          [17.5243, 60.33971],
          [17.52377, 60.34016],
          [17.52321, 60.34059],
          [17.5228, 60.34088],
          [17.52239, 60.34116],
          [17.5216, 60.34166],
          [17.52079, 60.34214],
          [17.52066, 60.34222],
          [17.52009, 60.34253],
          [17.51972, 60.34274],
          [17.51934, 60.34294],
          [17.51832, 60.34344],
          [17.51659, 60.34423],
          [17.51635, 60.34434],
          [17.51345, 60.3456],
          [17.51319, 60.34571],
          [17.51265, 60.34594],
          [17.51184, 60.3463],
          [17.51102, 60.34665],
          [17.51019, 60.34701],
          [17.50941, 60.34734],
          [17.50858, 60.34769],
          [17.50786, 60.34797],
          [17.50715, 60.34824],
          [17.50654, 60.34845],
          [17.5063, 60.34853],
          [17.50543, 60.34883],
          [17.50452, 60.34911],
          [17.50357, 60.34937],
          [17.50262, 60.34964],
          [17.50058, 60.35013],
          [17.49983, 60.35032],
          [17.49865, 60.35062],
          [17.49735, 60.351],
          [17.49647, 60.35128],
          [17.49556, 60.35158],
          [17.4944, 60.35201],
          [17.49327, 60.35246],
          [17.49216, 60.35293],
          [17.49145, 60.35325],
          [17.49141, 60.35327],
          [17.49113, 60.3534],
          [17.48915, 60.35428],
          [17.48718, 60.35516],
          [17.4859, 60.35572],
          [17.48416, 60.3565],
          [17.48254, 60.35722],
          [17.47899, 60.3588],
          [17.47781, 60.35929],
          [17.47542, 60.36031],
          [17.46846, 60.36322],
          [17.46401, 60.36508],
          [17.45589, 60.36847],
          [17.45262, 60.36986],
          [17.45188, 60.37019],
          [17.45031, 60.37092],
          [17.44977, 60.37117],
          [17.44957, 60.37127],
          [17.44955, 60.37128],
          [17.44375, 60.3742],
          [17.43757, 60.37727],
          [17.43181, 60.38015],
          [17.42987, 60.38111],
          [17.4248, 60.38362],
          [17.42328, 60.38437],
          [17.42206, 60.38501],
          [17.42053, 60.38584],
          [17.41912, 60.3867],
          [17.41702, 60.38793],
          [17.4169, 60.38801],
          [17.41689, 60.38801],
          [17.41544, 60.38897],
          [17.41465, 60.3895],
          [17.41324, 60.39051],
          [17.41307, 60.39063],
          [17.41135, 60.39196],
          [17.4104, 60.39272],
          [17.40966, 60.39337],
          [17.40911, 60.39385],
          [17.40766, 60.3952],
          [17.40517, 60.39782],
          [17.40467, 60.39842],
          [17.4046, 60.3985],
          [17.40386, 60.39943],
          [17.4034, 60.40003],
          [17.40071, 60.404],
          [17.40041, 60.40445],
          [17.40007, 60.40497],
          [17.40007, 60.40497],
          [17.39921, 60.40624],
          [17.39878, 60.40691],
          [17.39795, 60.40823],
          [17.39735, 60.40926],
          [17.39734, 60.40927],
          [17.3973, 60.40934],
          [17.39689, 60.41011],
          [17.39656, 60.41078],
          [17.39631, 60.41131],
          [17.39603, 60.41194],
          [17.39534, 60.41374],
          [17.3948, 60.4155],
          [17.39477, 60.41565],
          [17.39449, 60.41687],
          [17.39438, 60.41738],
          [17.39425, 60.41827],
          [17.39416, 60.4191],
          [17.39411, 60.41967],
          [17.39408, 60.42041],
          [17.39407, 60.42075],
          [17.39405, 60.42141],
          [17.39408, 60.42236],
          [17.39415, 60.42316],
          [17.39432, 60.42461],
          [17.39439, 60.42502],
          [17.39447, 60.42547],
          [17.39457, 60.42594],
          [17.39482, 60.42708],
          [17.39526, 60.42887],
          [17.39538, 60.42936],
          [17.39547, 60.42974],
          [17.39548, 60.42976],
          [17.39756, 60.4383],
          [17.39936, 60.44568],
          [17.39973, 60.44719],
          [17.40026, 60.44931],
          [17.40054, 60.45049],
          [17.40084, 60.45175],
          [17.40106, 60.45264],
          [17.40108, 60.45275],
          [17.40191, 60.45607],
          [17.40222, 60.45731],
          [17.40242, 60.4582],
          [17.4027, 60.45913],
          [17.40282, 60.45944],
          [17.40315, 60.46032],
          [17.40356, 60.4612],
          [17.40379, 60.46162],
          [17.40438, 60.46267],
          [17.40493, 60.46357],
          [17.40517, 60.46395],
          [17.40543, 60.46438],
          [17.40576, 60.46486],
          [17.40599, 60.46519],
          [17.40624, 60.46552],
          [17.40653, 60.46587],
          [17.40729, 60.46669],
          [17.40799, 60.46741],
          [17.40921, 60.46857],
          [17.40942, 60.46876],
          [17.41052, 60.46982],
          [17.41053, 60.46983],
          [17.41059, 60.46989],
          [17.41144, 60.4707],
          [17.41226, 60.47155],
          [17.41359, 60.47294],
          [17.41366, 60.47302],
          [17.41406, 60.47343],
          [17.4151, 60.47455],
          [17.4157, 60.47515],
          [17.41577, 60.47522],
          [17.41758, 60.47699],
          [17.42108, 60.48028],
          [17.42178, 60.48096],
          [17.42228, 60.48144],
          [17.42277, 60.48191],
          [17.42567, 60.48526],
          [17.42573, 60.48533],
          [17.42704, 60.48693],
          [17.42704, 60.48693],
          [17.4274, 60.48737],
          [17.42891, 60.48923],
          [17.42913, 60.48949],
          [17.42938, 60.4898],
          [17.42949, 60.48993],
          [17.4295, 60.48994],
          [17.42986, 60.49038],
          [17.43025, 60.49086],
          [17.43069, 60.49142],
          [17.43118, 60.49205],
          [17.43193, 60.49317],
          [17.43237, 60.4939],
          [17.43275, 60.49456],
          [17.43298, 60.495],
          [17.43329, 60.49569],
          [17.43355, 60.49626],
          [17.43372, 60.49674],
          [17.43391, 60.4973],
          [17.43413, 60.49801],
          [17.4342, 60.49822],
          [17.43435, 60.49886],
          [17.43441, 60.49913],
          [17.43442, 60.49917],
          [17.43452, 60.49989],
          [17.43461, 60.50064],
          [17.43466, 60.50134],
          [17.43467, 60.5022],
          [17.43458, 60.50335],
          [17.4344, 60.50448],
          [17.43416, 60.50586],
          [17.43396, 60.50695],
          [17.43392, 60.50715],
          [17.43373, 60.50839],
          [17.43363, 60.50944],
          [17.43359, 60.50999],
          [17.4335, 60.51132],
          [17.43344, 60.51212],
          [17.43344, 60.51227],
          [17.43344, 60.5123],
          [17.43342, 60.51276],
          [17.43334, 60.51369],
          [17.43329, 60.51483],
          [17.43328, 60.51591],
          [17.4333, 60.51636],
          [17.43334, 60.51681],
          [17.43338, 60.51725],
          [17.43344, 60.51769],
          [17.43353, 60.51818],
          [17.43363, 60.51868],
          [17.43381, 60.51941],
          [17.43416, 60.52053],
          [17.43457, 60.52155],
          [17.43487, 60.5222],
          [17.43534, 60.52312],
          [17.43579, 60.52392],
          [17.43624, 60.52473],
          [17.43634, 60.52492],
          [17.43667, 60.52551],
          [17.43691, 60.52597],
          [17.43719, 60.52653],
          [17.43754, 60.52732],
          [17.43773, 60.52779],
          [17.4379, 60.52827],
          [17.43811, 60.52891],
          [17.43827, 60.52946],
          [17.43851, 60.53025],
          [17.43876, 60.53115],
          [17.439, 60.53201],
          [17.43922, 60.53286],
          [17.4394, 60.53356],
          [17.43954, 60.53427],
          [17.4396, 60.53459],
          [17.4396, 60.5346],
          [17.43961, 60.53465],
          [17.43967, 60.53512],
          [17.43971, 60.53557],
          [17.43974, 60.53602],
          [17.43976, 60.53642],
          [17.43974, 60.53714],
          [17.43972, 60.53757],
          [17.43968, 60.53796],
          [17.43961, 60.53853],
          [17.43953, 60.53902],
          [17.43946, 60.53942],
          [17.43936, 60.53984],
          [17.43922, 60.54041],
          [17.43898, 60.54113],
          [17.43878, 60.54167],
          [17.43861, 60.54208],
          [17.43849, 60.54238],
          [17.43842, 60.54253],
          [17.43831, 60.54275],
          [17.43814, 60.54309],
          [17.43795, 60.54344],
          [17.43779, 60.54374],
          [17.43759, 60.54407],
          [17.43733, 60.5445],
          [17.43708, 60.5449],
          [17.43674, 60.54538],
          [17.43641, 60.54585],
          [17.43607, 60.54632],
          [17.43563, 60.54685],
          [17.43524, 60.54728],
          [17.43474, 60.54785],
          [17.43273, 60.54999],
          [17.43188, 60.55088],
          [17.43082, 60.55199],
          [17.42954, 60.55342],
          [17.42902, 60.55405],
          [17.42879, 60.55434],
          [17.4287, 60.55445],
          [17.42848, 60.55474],
          [17.42827, 60.55504],
          [17.42799, 60.55546],
          [17.42774, 60.55584],
          [17.42751, 60.55621],
          [17.42708, 60.55698],
          [17.42664, 60.55784],
          [17.42637, 60.5585],
          [17.42609, 60.55916],
          [17.42604, 60.55932],
          [17.42501, 60.56246],
          [17.42318, 60.56818],
          [17.42258, 60.57004],
          [17.42254, 60.57016],
          [17.42124, 60.57421],
          [17.42124, 60.57423],
          [17.42057, 60.57633],
          [17.42045, 60.57669],
          [17.41933, 60.58023],
          [17.41773, 60.58519],
          [17.41489, 60.59406],
          [17.41485, 60.59416],
          [17.41485, 60.59417],
          [17.41376, 60.59758],
          [17.41287, 60.60036],
          [17.41205, 60.60292],
          [17.41196, 60.60321],
          [17.41149, 60.60468],
          [17.40952, 60.61084],
          [17.40921, 60.61178],
          [17.40858, 60.61372],
          [17.40854, 60.61385],
          [17.4082, 60.61492],
          [17.40806, 60.61536],
          [17.40747, 60.6172],
          [17.40718, 60.61811],
          [17.4071, 60.61837],
          [17.40689, 60.61901],
          [17.40636, 60.62066],
          [17.40588, 60.62217],
          [17.40561, 60.623],
          [17.40534, 60.62384],
          [17.40523, 60.62419],
          [17.40511, 60.62456],
          [17.40495, 60.62505],
          [17.40479, 60.62548],
          [17.40464, 60.62584],
          [17.4045, 60.62618],
          [17.40435, 60.62648],
          [17.40423, 60.62672],
          [17.40395, 60.62721],
          [17.40365, 60.62768],
          [17.40349, 60.62793],
          [17.40333, 60.62815],
          [17.4032, 60.62833],
          [17.40296, 60.62863],
          [17.40273, 60.62893],
          [17.40244, 60.62925],
          [17.40232, 60.62938],
          [17.40217, 60.62956],
          [17.40181, 60.62993],
          [17.40153, 60.6302],
          [17.40099, 60.6307],
          [17.40052, 60.6311],
          [17.39985, 60.63163],
          [17.39977, 60.6317],
          [17.39923, 60.6321],
          [17.39852, 60.63258],
          [17.39843, 60.63264],
          [17.39786, 60.63301],
          [17.39737, 60.6333],
          [17.39687, 60.63359],
          [17.39572, 60.63422],
          [17.39503, 60.63456],
          [17.39415, 60.63497],
          [17.39341, 60.6353],
          [17.39305, 60.63545],
          [17.39257, 60.63565],
          [17.39212, 60.63582],
          [17.39176, 60.63596],
          [17.39142, 60.63609],
          [17.39092, 60.63627],
          [17.3909, 60.63628],
          [17.39036, 60.63647],
          [17.38989, 60.63662],
          [17.38898, 60.63691],
          [17.38804, 60.63719],
          [17.387, 60.63747],
          [17.38598, 60.63773],
          [17.38406, 60.63817],
          [17.38123, 60.63878],
          [17.37797, 60.63948],
          [17.37456, 60.64022],
          [17.37364, 60.64042],
          [17.37089, 60.641],
          [17.36976, 60.64126],
          [17.36828, 60.64158],
          [17.36747, 60.64177],
          [17.36646, 60.64202],
          [17.36561, 60.64224],
          [17.36469, 60.6425],
          [17.36409, 60.64268],
          [17.36387, 60.64275],
          [17.36306, 60.643],
          [17.36234, 60.64324],
          [17.36135, 60.64358],
          [17.36127, 60.64361],
          [17.35973, 60.64418],
          [17.35867, 60.64458],
          [17.35542, 60.64579],
          [17.35254, 60.64686],
          [17.35139, 60.64729],
          [17.35067, 60.64754],
          [17.35027, 60.64769],
          [17.3497, 60.64789],
          [17.3492, 60.64806],
          [17.3481, 60.64841],
          [17.34728, 60.64866],
          [17.34634, 60.64892],
          [17.3454, 60.64918],
          [17.34443, 60.64941],
          [17.34335, 60.64967],
          [17.34277, 60.64979],
          [17.34269, 60.64981],
          [17.34222, 60.6499],
          [17.34163, 60.65002],
          [17.34082, 60.65017],
          [17.34005, 60.6503],
          [17.33916, 60.65044],
          [17.33842, 60.65056],
          [17.33773, 60.65065],
          [17.33664, 60.65079],
          [17.33618, 60.65084],
          [17.33549, 60.65091],
          [17.33482, 60.65098],
          [17.33408, 60.65104],
          [17.33389, 60.65106],
          [17.33303, 60.65113],
          [17.33246, 60.65116],
          [17.332, 60.6512],
          [17.33033, 60.65133],
          [17.3294, 60.65141],
          [17.32856, 60.65147],
          [17.32772, 60.65152],
          [17.32755, 60.65153],
          [17.32656, 60.65159],
          [17.32537, 60.65166],
          [17.32427, 60.65171],
          [17.32332, 60.65175],
          [17.32214, 60.65179],
          [17.31454, 60.65208],
          [17.31173, 60.65214],
          [17.31079, 60.65214],
          [17.30996, 60.65214],
          [17.30949, 60.65213],
          [17.30909, 60.65213],
          [17.30814, 60.65211],
          [17.30734, 60.65209],
          [17.30668, 60.65207],
          [17.30595, 60.65204],
          [17.30483, 60.65198],
          [17.30244, 60.65183],
          [17.30095, 60.65173],
          [17.29927, 60.65161],
          [17.29587, 60.65138],
          [17.29185, 60.65109],
          [17.29146, 60.65106],
          [17.28951, 60.65092],
          [17.2895, 60.65092],
          [17.28414, 60.65052],
          [17.28188, 60.65036],
          [17.27953, 60.6502],
          [17.27752, 60.65006],
          [17.27337, 60.64976],
          [17.27323, 60.64975],
          [17.27175, 60.64966],
          [17.27121, 60.64963],
          [17.27051, 60.64959],
          [17.26998, 60.64957],
          [17.26942, 60.64955],
          [17.2688, 60.64953],
          [17.26827, 60.64952],
          [17.26747, 60.6495],
          [17.26666, 60.64949],
          [17.26529, 60.64948],
          [17.26344, 60.6495],
          [17.26271, 60.64952],
          [17.262, 60.64954],
          [17.26099, 60.64958],
          [17.25989, 60.64963],
          [17.2587, 60.64969],
          [17.25799, 60.64973],
          [17.25709, 60.64979],
          [17.25573, 60.64987],
          [17.25521, 60.6499],
          [17.25465, 60.64994],
          [17.25358, 60.65001],
          [17.25247, 60.65008],
          [17.25139, 60.65015],
          [17.2503, 60.65022],
          [17.24921, 60.65028],
          [17.24813, 60.65036],
          [17.24719, 60.65042],
          [17.24608, 60.65048],
          [17.24531, 60.65053],
          [17.24529, 60.65053],
          [17.24405, 60.65061],
          [17.2411, 60.65079],
          [17.23919, 60.65091],
          [17.23797, 60.65099],
          [17.23754, 60.65102],
          [17.23754, 60.65102],
          [17.23707, 60.65104],
          [17.23611, 60.6511],
          [17.23075, 60.65144],
          [17.23069, 60.65144],
          [17.21879, 60.65219],
          [17.21155, 60.65264],
          [17.21039, 60.65272],
          [17.20921, 60.65279],
          [17.20804, 60.65286],
          [17.20685, 60.65291],
          [17.20566, 60.65295],
          [17.20447, 60.65298],
          [17.20329, 60.653],
          [17.20226, 60.653],
          [17.20137, 60.653],
          [17.20063, 60.65299],
          [17.20045, 60.65299],
          [17.19963, 60.65297],
          [17.19892, 60.65295],
          [17.19839, 60.65293],
          [17.19772, 60.65291],
          [17.19702, 60.65287],
          [17.19617, 60.65283],
          [17.19498, 60.65275],
          [17.19399, 60.65269],
          [17.19317, 60.65264],
          [17.19217, 60.6526],
          [17.19107, 60.65257],
          [17.18999, 60.65259],
          [17.18888, 60.65263],
          [17.18836, 60.65266],
          [17.18779, 60.65271],
          [17.18726, 60.65276],
          [17.18673, 60.65282],
          [17.1862, 60.65288],
          [17.18568, 60.65296],
          [17.18516, 60.65305],
          [17.18465, 60.65314],
          [17.18463, 60.65314],
          [17.18414, 60.65324],
          [17.18362, 60.65335],
          [17.18312, 60.65347],
          [17.18285, 60.65354],
          [17.18264, 60.65359],
          [17.18217, 60.65372],
          [17.1817, 60.65386],
          [17.1812, 60.65402],
          [17.18078, 60.65416],
          [17.18032, 60.65432],
          [17.17991, 60.65449],
          [17.17948, 60.65466],
          [17.17909, 60.65484],
          [17.17868, 60.65502],
          [17.1783, 60.65521],
          [17.17793, 60.6554],
          [17.17754, 60.65562],
          [17.1772, 60.65582],
          [17.17688, 60.65603],
          [17.17657, 60.65624],
          [17.17624, 60.65648],
          [17.17593, 60.65671],
          [17.17569, 60.6569],
          [17.17503, 60.65745],
          [17.17454, 60.65787],
          [17.17399, 60.65834],
          [17.17366, 60.65863],
          [17.17346, 60.65879],
          [17.1731, 60.6591],
          [17.1727, 60.65943],
          [17.17223, 60.65983],
          [17.1717, 60.66028],
          [17.17123, 60.66067],
          [17.17068, 60.66114],
          [17.17014, 60.6616],
          [17.16961, 60.66204],
          [17.16906, 60.66251],
          [17.1685, 60.66298],
          [17.16794, 60.66345],
          [17.16737, 60.66393],
          [17.1668, 60.66439],
          [17.1662, 60.66484],
          [17.16576, 60.66512],
          [17.16552, 60.66527],
          [17.16522, 60.66545],
          [17.16485, 60.66566],
          [17.16446, 60.66586],
          [17.16403, 60.66607],
          [17.16384, 60.66616],
          [17.16325, 60.66642],
          [17.16245, 60.66677],
          [17.16164, 60.66715],
          [17.1614, 60.66727],
          [17.1607, 60.66764],
          [17.16024, 60.66791],
          [17.15985, 60.66817],
          [17.15968, 60.66828],
          [17.15942, 60.66847],
          [17.15912, 60.66871],
          [17.15882, 60.66896],
          [17.15804, 60.66966],
          [17.15804, 60.66966],
          [17.15748, 60.67017],
          [17.15716, 60.67047],
          [17.15675, 60.67085],
          [17.15647, 60.67111],
          [17.15624, 60.67133],
          [17.15601, 60.67158],
          [17.15594, 60.67166],
          [17.15576, 60.67186],
          [17.15554, 60.67212],
          [17.15507, 60.67255],
          [17.15507, 60.67255],
          [17.15455, 60.67305],
          [17.15438, 60.6732],
          [17.1539, 60.6736],
          [17.15389, 60.67361],
          [17.15365, 60.67382],
          [17.15324, 60.67417],
          [17.15275, 60.67461],
          [17.15258, 60.67477],
          [17.15212, 60.67521],
          [17.15185, 60.67545],
          [17.15172, 60.67557],
          [17.15162, 60.67565],
          [17.15162, 60.67565],
          [17.15125, 60.676],
          [17.15118, 60.67606],
          [17.15106, 60.67617],
          [17.15103, 60.6762],
          [17.15072, 60.67649],
          [17.14897, 60.67809],
          [17.14864, 60.6784],
          [17.14864, 60.6784],
          [17.14831, 60.67871],
          [17.14831, 60.67871],
          [17.14826, 60.67875],
          [17.14775, 60.67921],
          [17.14775, 60.67921],
          [17.14761, 60.67932],
          [17.14737, 60.67949],
          [17.14717, 60.6796],
          [17.14682, 60.67977],
          [17.14652, 60.6799],
          [17.14635, 60.67997],
          [17.14617, 60.68003],
          [17.14604, 60.68008],
          [17.14591, 60.68011],
          [17.14569, 60.68017],
          [17.14547, 60.68023],
          [17.14547, 60.68023],
          [17.14527, 60.68028],
          [17.14508, 60.68032],
          [17.14461, 60.6804],
          [17.14367, 60.6805],
          [17.14263, 60.68061],
          [17.14229, 60.68066],
          [17.14195, 60.68071],
          [17.14157, 60.68079],
          [17.14114, 60.68089],
          [17.14071, 60.68102],
          [17.14055, 60.68108],
          [17.14035, 60.68115],
          [17.14001, 60.68129],
          [17.13973, 60.68144],
          [17.13952, 60.68155],
          [17.13922, 60.68174],
          [17.13909, 60.68186],
          [17.13899, 60.68195],
          [17.1388, 60.68213],
          [17.13871, 60.68222],
          [17.13862, 60.68235],
          [17.13854, 60.68246],
          [17.13848, 60.68256],
          [17.13841, 60.68269],
          [17.13837, 60.6828],
          [17.13833, 60.68292],
          [17.1383, 60.68306],
          [17.13828, 60.68322],
          [17.13828, 60.68334],
          [17.1383, 60.68352],
          [17.13834, 60.68369],
          [17.13839, 60.68383],
          [17.13845, 60.68396],
          [17.13853, 60.68409],
          [17.13863, 60.68424],
          [17.13874, 60.68437],
          [17.13885, 60.68449],
          [17.13896, 60.68459],
          [17.13916, 60.68476],
          [17.13931, 60.68487],
          [17.1395, 60.685],
          [17.13965, 60.68507],
          [17.13998, 60.68525],
          [17.14023, 60.68537],
          [17.14076, 60.68558],
          [17.14191, 60.68601],
          [17.14207, 60.68608],
          [17.14208, 60.68608],
          [17.14263, 60.6863],
          [17.1432, 60.68657],
          [17.14384, 60.68689],
          [17.14493, 60.68747],
          [17.14663, 60.68835],
          [17.1481, 60.68913],
          [17.14861, 60.6894],
          [17.14984, 60.69004],
          [17.15048, 60.69039],
          [17.15087, 60.69062],
          [17.15134, 60.69094],
          [17.15202, 60.69144],
          [17.15224, 60.69163],
          [17.15237, 60.69174],
          [17.15281, 60.69221],
          [17.15312, 60.69258],
          [17.15332, 60.69287],
          [17.15346, 60.6931],
          [17.15366, 60.6935],
          [17.15385, 60.69401],
          [17.15394, 60.69434],
          [17.15403, 60.69486],
          [17.15412, 60.69547],
          [17.15424, 60.69633],
          [17.1543, 60.69677],
          [17.15435, 60.69723],
          [17.15437, 60.69734],
          [17.15437, 60.69734],
          [17.1545, 60.69825],
          [17.15453, 60.6985],
          [17.15462, 60.6991],
          [17.15467, 60.69944],
          [17.1547, 60.69969],
          [17.1547, 60.69969],
          [17.15485, 60.70027],
          [17.15494, 60.70068],
          [17.15504, 60.70108],
          [17.15506, 60.70119],
          [17.15507, 60.70123],
          [17.15508, 60.70132],
          [17.15511, 60.7016],
          [17.15512, 60.7017],
          [17.15513, 60.70184],
          [17.15514, 60.70217],
          [17.15514, 60.70242],
          [17.1551, 60.70275],
          [17.15501, 60.70314],
          [17.15499, 60.70322],
          [17.1549, 60.70351],
          [17.15475, 60.70385],
          [17.15464, 60.70412],
          [17.15447, 60.7044],
          [17.15426, 60.70472],
          [17.154, 60.70507],
          [17.15364, 60.7055],
          [17.15228, 60.7071],
          [17.1521, 60.70733],
          [17.15195, 60.70753],
          [17.15195, 60.70753],
          [17.15171, 60.70787],
          [17.15138, 60.7083],
          [17.15091, 60.70888],
          [17.15045, 60.70944],
          [17.15028, 60.70972],
          [17.15, 60.7102],
          [17.14986, 60.71051],
          [17.14972, 60.71094],
          [17.14967, 60.71112],
          [17.14961, 60.71151],
          [17.1496, 60.71173],
          [17.1496, 60.71177],
          [17.1496, 60.71197],
          [17.14961, 60.71208],
          [17.14961, 60.71209],
          [17.14961, 60.71211],
          [17.14963, 60.71223],
          [17.14966, 60.71244],
          [17.1497, 60.71268],
          [17.14977, 60.71291],
          [17.14984, 60.71312],
          [17.14992, 60.71328],
          [17.14998, 60.71345],
          [17.15012, 60.71375],
          [17.15025, 60.71397],
          [17.15069, 60.71459],
          [17.15157, 60.71584],
          [17.15226, 60.71682],
          [17.15252, 60.7172],
          [17.15295, 60.71776],
          [17.15312, 60.71795],
          [17.15336, 60.71821],
          [17.15356, 60.71841],
          [17.15387, 60.7187],
          [17.15418, 60.71896],
          [17.1545, 60.71922],
          [17.15474, 60.7194],
          [17.15503, 60.7196],
          [17.15537, 60.71983],
          [17.15574, 60.72006],
          [17.15636, 60.72047],
          [17.15965, 60.72263],
          [17.16489, 60.72606],
          [17.16517, 60.72624],
          [17.16598, 60.72677],
          [17.16675, 60.72727],
          [17.16739, 60.72769],
          [17.16739, 60.72769],
          [17.16787, 60.728],
          [17.16803, 60.72809],
          [17.16898, 60.72872],
          [17.16909, 60.72879],
          [17.16972, 60.7292],
          [17.1714, 60.73031],
          [17.17273, 60.73118],
          [17.1736, 60.73173],
          [17.17362, 60.73175],
          [17.17411, 60.73203],
          [17.17516, 60.73261],
          [17.17532, 60.73269],
          [17.17582, 60.73296],
          [17.17719, 60.73368],
          [17.17799, 60.73411],
          [17.17828, 60.73426],
          [17.1784, 60.73433],
          [17.17849, 60.73438],
          [17.1793, 60.73481],
          [17.18003, 60.73523],
          [17.18057, 60.73558],
          [17.18103, 60.73594],
          [17.18139, 60.73625],
          [17.18181, 60.73676],
          [17.18199, 60.73703],
          [17.18217, 60.73732],
          [17.18226, 60.73751],
          [17.1824, 60.7378],
          [17.18302, 60.73921],
          [17.18324, 60.73975],
          [17.18341, 60.74015],
          [17.18351, 60.74052],
          [17.18362, 60.74098],
          [17.18366, 60.74139],
          [17.18368, 60.74186],
          [17.18364, 60.7424],
          [17.18363, 60.74257],
          [17.18363, 60.74266],
          [17.18362, 60.74295],
          [17.18365, 60.74342],
          [17.18375, 60.74389],
          [17.18394, 60.74445],
          [17.18413, 60.74495],
          [17.18435, 60.74551],
          [17.18454, 60.74601],
          [17.18468, 60.7464],
          [17.18484, 60.74686],
          [17.18496, 60.74722],
          [17.18503, 60.74758],
          [17.18506, 60.74789],
          [17.18505, 60.74813],
          [17.18502, 60.74844],
          [17.18496, 60.74886],
          [17.18489, 60.7493],
          [17.18486, 60.74973],
          [17.18488, 60.75011],
          [17.18494, 60.75046],
          [17.18516, 60.75107],
          [17.18538, 60.75146],
          [17.18542, 60.75151],
          [17.18568, 60.75191],
          [17.18626, 60.75272],
          [17.18664, 60.75331],
          [17.18684, 60.7537],
          [17.18701, 60.75409],
          [17.18714, 60.75444],
          [17.18723, 60.75475],
          [17.18732, 60.75515],
          [17.18738, 60.75548],
          [17.18739, 60.75582],
          [17.18741, 60.75631],
          [17.18737, 60.75685],
          [17.18731, 60.75719],
          [17.18721, 60.75764],
          [17.18711, 60.75794],
          [17.18698, 60.75829],
          [17.1868, 60.75869],
          [17.18658, 60.75911],
          [17.1863, 60.75963],
          [17.18601, 60.76024],
          [17.18599, 60.76029],
          [17.18589, 60.76054],
          [17.18582, 60.76078],
          [17.18571, 60.76114],
          [17.18559, 60.76159],
          [17.18532, 60.76262],
          [17.18526, 60.76285],
          [17.18525, 60.76289],
          [17.18514, 60.76327],
          [17.1851, 60.76344],
          [17.18463, 60.76522],
          [17.18454, 60.76554],
          [17.18429, 60.76649],
          [17.18408, 60.7673],
          [17.1838, 60.76836],
          [17.18359, 60.76912],
          [17.18327, 60.77033],
          [17.18301, 60.77132],
          [17.1829, 60.77171],
          [17.18288, 60.77179],
          [17.18288, 60.77179],
          [17.18286, 60.77187],
          [17.18261, 60.77279],
          [17.18243, 60.77346],
          [17.18229, 60.77399],
          [17.18218, 60.77443],
          [17.18205, 60.77507],
          [17.18196, 60.77571],
          [17.18194, 60.77614],
          [17.18195, 60.77665],
          [17.182, 60.77704],
          [17.18206, 60.77739],
          [17.18215, 60.77776],
          [17.18224, 60.77804],
          [17.18231, 60.77826],
          [17.18247, 60.77864],
          [17.1827, 60.77912],
          [17.1832, 60.78008],
          [17.18349, 60.7806],
          [17.18352, 60.78066],
          [17.18393, 60.78142],
          [17.18432, 60.78207],
          [17.18447, 60.7823],
          [17.18467, 60.78256],
          [17.18492, 60.78287],
          [17.18524, 60.78321],
          [17.18561, 60.78359],
          [17.18609, 60.78407],
          [17.18708, 60.78504],
          [17.18778, 60.78572],
          [17.18829, 60.78622],
          [17.18847, 60.78641],
          [17.18875, 60.78668],
          [17.18922, 60.78715],
          [17.1896, 60.78754],
          [17.19, 60.78791],
          [17.19038, 60.78829],
          [17.19083, 60.78873],
          [17.1913, 60.78919],
          [17.19178, 60.78967],
          [17.19222, 60.79011],
          [17.1928, 60.79067],
          [17.19327, 60.79114],
          [17.19376, 60.79168],
          [17.19415, 60.79212],
          [17.19462, 60.79274],
          [17.19502, 60.79338],
          [17.19545, 60.79423],
          [17.19562, 60.79467],
          [17.19563, 60.79469],
          [17.19575, 60.795],
          [17.19628, 60.79667],
          [17.19668, 60.79791],
          [17.19675, 60.79816],
          [17.19702, 60.79904],
          [17.19848, 60.80356],
          [17.19933, 60.80619],
          [17.19959, 60.80701],
          [17.19959, 60.80702],
          [17.20009, 60.80859],
          [17.20021, 60.80895],
          [17.20021, 60.80895],
          [17.20025, 60.80913],
          [17.2003, 60.80934],
          [17.20035, 60.80961],
          [17.20036, 60.8097],
          [17.20039, 60.80985],
          [17.20038, 60.81009],
          [17.20036, 60.8104],
          [17.20026, 60.81085],
          [17.20021, 60.81104],
          [17.19993, 60.81188],
          [17.19976, 60.8124],
          [17.19971, 60.81255],
          [17.19899, 60.81474],
          [17.19892, 60.81497],
          [17.19865, 60.8159],
          [17.19855, 60.81625],
          [17.19834, 60.81698],
          [17.19821, 60.81734],
          [17.19806, 60.81768],
          [17.19793, 60.81795],
          [17.19784, 60.8181],
          [17.19783, 60.81811],
          [17.19774, 60.81824],
          [17.1976, 60.81842],
          [17.19746, 60.8186],
          [17.19734, 60.81872],
          [17.19722, 60.81884],
          [17.19696, 60.81909],
          [17.19668, 60.81932],
          [17.1965, 60.81945],
          [17.19633, 60.81958],
          [17.19613, 60.81972],
          [17.19593, 60.81984],
          [17.19575, 60.81995],
          [17.19556, 60.82005],
          [17.19533, 60.82017],
          [17.1951, 60.82028],
          [17.19457, 60.82053],
          [17.19431, 60.82064],
          [17.19416, 60.8207],
          [17.19077, 60.82205],
          [17.19052, 60.82215],
          [17.18995, 60.82237],
          [17.18926, 60.82265],
          [17.18856, 60.82295],
          [17.18792, 60.82325],
          [17.1872, 60.82365],
          [17.1857, 60.82468],
          [17.18384, 60.82602],
          [17.18337, 60.82635],
          [17.18211, 60.82725],
          [17.17343, 60.83345],
          [17.17199, 60.83449],
          [17.17169, 60.8347],
          [17.17017, 60.8358],
          [17.16904, 60.8366],
          [17.16824, 60.83715],
          [17.16754, 60.83761],
          [17.16704, 60.83791],
          [17.16625, 60.83834],
          [17.16544, 60.83875],
          [17.15978, 60.84151],
          [17.15502, 60.84384],
          [17.15276, 60.84494],
          [17.15275, 60.84495],
          [17.14321, 60.8496],
          [17.13969, 60.85132],
          [17.13841, 60.85195],
          [17.13681, 60.85274],
          [17.13543, 60.85341],
          [17.13533, 60.85346],
          [17.13416, 60.85403],
          [17.13373, 60.85424],
          [17.13299, 60.8546],
          [17.13152, 60.85533],
          [17.12999, 60.85607],
          [17.12829, 60.8569],
          [17.12742, 60.85733],
          [17.12684, 60.85764],
          [17.12622, 60.85799],
          [17.12549, 60.85844],
          [17.12463, 60.85901],
          [17.12371, 60.85962],
          [17.12277, 60.86026],
          [17.12166, 60.86099],
          [17.1216, 60.86103],
          [17.12039, 60.86185],
          [17.11884, 60.86289],
          [17.11745, 60.86382],
          [17.11601, 60.8648],
          [17.11536, 60.86528],
          [17.11445, 60.86603],
          [17.11384, 60.86655],
          [17.11329, 60.86709],
          [17.11267, 60.86775],
          [17.11224, 60.86825],
          [17.11196, 60.86862],
          [17.11143, 60.86935],
          [17.11111, 60.86978],
          [17.11108, 60.86982],
          [17.11089, 60.87008],
          [17.11052, 60.87059],
          [17.1096, 60.87187],
          [17.1096, 60.87188],
          [17.10931, 60.87234],
          [17.10913, 60.87267],
          [17.10891, 60.87318],
          [17.10872, 60.87378],
          [17.10852, 60.87449],
          [17.10829, 60.87526],
          [17.10787, 60.87733],
          [17.10773, 60.87803],
          [17.10758, 60.87867],
          [17.10745, 60.87922],
          [17.1073, 60.87969],
          [17.10708, 60.88019],
          [17.10689, 60.88052],
          [17.10673, 60.88076],
          [17.10656, 60.88099],
          [17.10646, 60.88111],
          [17.10637, 60.88122],
          [17.10612, 60.88148],
          [17.10586, 60.88172],
          [17.10563, 60.88194],
          [17.1054, 60.88214],
          [17.1052, 60.88232],
          [17.10356, 60.88381],
          [17.10303, 60.88429],
          [17.10248, 60.88477],
          [17.102, 60.88517],
          [17.10155, 60.88554],
          [17.10144, 60.88561],
          [17.10105, 60.88589],
          [17.1006, 60.88618],
          [17.10013, 60.88644],
          [17.0995, 60.88674],
          [17.09896, 60.887],
          [17.09857, 60.88715],
          [17.09776, 60.88747],
          [17.09687, 60.88782],
          [17.09599, 60.88816],
          [17.09518, 60.88847],
          [17.09429, 60.88882],
          [17.09345, 60.88915],
          [17.09265, 60.88945],
          [17.09177, 60.88979],
          [17.09059, 60.89025],
          [17.08939, 60.89072],
          [17.08824, 60.89116],
          [17.08751, 60.89144],
          [17.08732, 60.89152],
          [17.08662, 60.89179],
          [17.08591, 60.89205],
          [17.08519, 60.89233],
          [17.08444, 60.89258],
          [17.08381, 60.89278],
          [17.08324, 60.89295],
          [17.0825, 60.89315],
          [17.08161, 60.89339],
          [17.08043, 60.89371],
          [17.0792, 60.89404],
          [17.07803, 60.89435],
          [17.0769, 60.89466],
          [17.07583, 60.89494],
          [17.07464, 60.89526],
          [17.07178, 60.89603],
          [17.07166, 60.89607],
          [17.07125, 60.89618],
          [17.0708, 60.89632],
          [17.07036, 60.89645],
          [17.06996, 60.89658],
          [17.06959, 60.89672],
          [17.06925, 60.89686],
          [17.06895, 60.897],
          [17.06856, 60.89718],
          [17.06855, 60.89719],
          [17.06825, 60.89735],
          [17.06774, 60.89764],
          [17.06728, 60.89793],
          [17.0664, 60.89853],
          [17.06602, 60.89878],
          [17.06569, 60.89901],
          [17.06569, 60.89901],
          [17.06527, 60.89929],
          [17.06488, 60.89955],
          [17.06415, 60.90004],
          [17.06403, 60.90011],
          [17.06332, 60.9006],
          [17.06304, 60.90078],
          [17.06277, 60.90097],
          [17.06196, 60.90151],
          [17.06127, 60.90197],
          [17.06038, 60.90258],
          [17.06038, 60.90258],
          [17.05975, 60.903],
          [17.05912, 60.90342],
          [17.058, 60.90418],
          [17.05751, 60.9045],
          [17.05661, 60.9051],
          [17.05519, 60.90608],
          [17.05517, 60.90609],
          [17.05413, 60.90688],
          [17.05362, 60.90732],
          [17.05286, 60.90798],
          [17.05242, 60.90841],
          [17.05219, 60.90863],
          [17.05155, 60.90931],
          [17.05106, 60.90989],
          [17.05055, 60.91052],
          [17.05032, 60.91081],
          [17.04778, 60.91406],
          [17.04608, 60.91625],
          [17.044, 60.91892],
          [17.04311, 60.92006],
          [17.04277, 60.92054],
          [17.04251, 60.92096],
          [17.04229, 60.92138],
          [17.04213, 60.92176],
          [17.0419, 60.92245],
          [17.04174, 60.92306],
          [17.04156, 60.92369],
          [17.0414, 60.92429],
          [17.04125, 60.92484],
          [17.04106, 60.92536],
          [17.04091, 60.9257],
          [17.04072, 60.92607],
          [17.04048, 60.92647],
          [17.04033, 60.92672],
          [17.04028, 60.92681],
          [17.0398, 60.9275],
          [17.03972, 60.92761],
          [17.03965, 60.92772],
          [17.03685, 60.93173],
          [17.03562, 60.93351],
          [17.03561, 60.93352],
          [17.03419, 60.93558],
          [17.03381, 60.93616],
          [17.03374, 60.93626],
          [17.03361, 60.93648],
          [17.03343, 60.93686],
          [17.0333, 60.93721],
          [17.03321, 60.93752],
          [17.03316, 60.93781],
          [17.03313, 60.93812],
          [17.03312, 60.9385],
          [17.03317, 60.93882],
          [17.03325, 60.93921],
          [17.03337, 60.9396],
          [17.03355, 60.93999],
          [17.03392, 60.9406],
          [17.03431, 60.94116],
          [17.0348, 60.94186],
          [17.03547, 60.94281],
          [17.03688, 60.94482],
          [17.03803, 60.94647],
          [17.03826, 60.94681],
          [17.03854, 60.94719],
          [17.0389, 60.94771],
          [17.03921, 60.94817],
          [17.0395, 60.94862],
          [17.03971, 60.94905],
          [17.03985, 60.9495],
          [17.03989, 60.94994],
          [17.03989, 60.9503],
          [17.03982, 60.95133],
          [17.03968, 60.95339],
          [17.03968, 60.95356],
          [17.03968, 60.95383],
          [17.03975, 60.95432],
          [17.03985, 60.95469],
          [17.04003, 60.9551],
          [17.04033, 60.95556],
          [17.04072, 60.95601],
          [17.04107, 60.95633],
          [17.04151, 60.95668],
          [17.04215, 60.95714],
          [17.04261, 60.95746],
          [17.04396, 60.95838],
          [17.04457, 60.95882],
          [17.04499, 60.95912],
          [17.04538, 60.95942],
          [17.04564, 60.95962],
          [17.04575, 60.95971],
          [17.04602, 60.95993],
          [17.04677, 60.96059],
          [17.04752, 60.96126],
          [17.04775, 60.96148],
          [17.0479, 60.96161],
          [17.0479, 60.96161],
          [17.04841, 60.96207],
          [17.04874, 60.96236],
          [17.04895, 60.96255],
          [17.05039, 60.96382],
          [17.05062, 60.96403],
          [17.05147, 60.96479],
          [17.0522, 60.96544],
          [17.05274, 60.96593],
          [17.0531, 60.96625],
          [17.05329, 60.96642],
          [17.05359, 60.96668],
          [17.05428, 60.9673],
          [17.0548, 60.96773],
          [17.05532, 60.96816],
          [17.05591, 60.9686],
          [17.05607, 60.96871],
          [17.05674, 60.96919],
          [17.05686, 60.96927],
          [17.05812, 60.97016],
          [17.05828, 60.97027],
          [17.0593, 60.97099],
          [17.06071, 60.97202],
          [17.06194, 60.97286],
          [17.06221, 60.97304],
          [17.06316, 60.97371],
          [17.06734, 60.97665],
          [17.06894, 60.97778],
          [17.07104, 60.97924],
          [17.07375, 60.98115],
          [17.0758, 60.98261],
          [17.07726, 60.98362],
          [17.07784, 60.98405],
          [17.07816, 60.98428],
          [17.07912, 60.98499],
          [17.07995, 60.98569],
          [17.08122, 60.98679],
          [17.08394, 60.98917],
          [17.08701, 60.99184],
          [17.08737, 60.99215],
          [17.08831, 60.99298],
          [17.0901, 60.99453],
          [17.09506, 60.99885],
          [17.09603, 60.9997],
          [17.09608, 60.99974],
          [17.0969, 61.00046],
          [17.09743, 61.0009],
          [17.09798, 61.00132],
          [17.09839, 61.00159],
          [17.09892, 61.00193],
          [17.09947, 61.00224],
          [17.09949, 61.00224],
          [17.10023, 61.00263],
          [17.10071, 61.00285],
          [17.10123, 61.00307],
          [17.10186, 61.00332],
          [17.10261, 61.00359],
          [17.10556, 61.00461],
          [17.10556, 61.00461],
          [17.10905, 61.00582],
          [17.10977, 61.00607],
          [17.11719, 61.00864],
          [17.11736, 61.00869],
          [17.12147, 61.01012],
          [17.12237, 61.01043],
          [17.12369, 61.01092],
          [17.12425, 61.01114],
          [17.12439, 61.0112],
          [17.12475, 61.01136],
          [17.1251, 61.01154],
          [17.12556, 61.0118],
          [17.12578, 61.01193],
          [17.12579, 61.01194],
          [17.126, 61.01206],
          [17.12614, 61.01216],
          [17.12628, 61.01225],
          [17.12641, 61.01234],
          [17.12654, 61.01244],
          [17.12677, 61.01262],
          [17.12699, 61.01282],
          [17.12727, 61.01308],
          [17.12758, 61.0134],
          [17.12781, 61.01367],
          [17.12805, 61.014],
          [17.12827, 61.01434],
          [17.13115, 61.01937],
          [17.13124, 61.01953],
          [17.13179, 61.0205],
          [17.13469, 61.02563],
          [17.13605, 61.02803],
          [17.13606, 61.02804],
          [17.13762, 61.0308],
          [17.13909, 61.03341],
          [17.1397, 61.03452],
          [17.1398, 61.03475],
          [17.13989, 61.03502],
          [17.13997, 61.03529],
          [17.14, 61.03553],
          [17.14002, 61.03576],
          [17.14001, 61.03602],
          [17.14, 61.03627],
          [17.13995, 61.0365],
          [17.13989, 61.03672],
          [17.13987, 61.03678],
          [17.13976, 61.03711],
          [17.13962, 61.03745],
          [17.13826, 61.04047],
          [17.13817, 61.04066],
          [17.13817, 61.04067],
          [17.13728, 61.04268],
          [17.1372, 61.04285],
          [17.13636, 61.04471],
          [17.13606, 61.04537],
          [17.13595, 61.04557],
          [17.13579, 61.04587],
          [17.1354, 61.0464],
          [17.13513, 61.04676],
          [17.13501, 61.04691],
          [17.13486, 61.0471],
          [17.13405, 61.04811],
          [17.13342, 61.04889],
          [17.13335, 61.04898],
          [17.13113, 61.05175],
          [17.13008, 61.05307],
          [17.12971, 61.05356],
          [17.12946, 61.05394],
          [17.12943, 61.05399],
          [17.12928, 61.05431],
          [17.12916, 61.05461],
          [17.1291, 61.05486],
          [17.12905, 61.05507],
          [17.12903, 61.05529],
          [17.12902, 61.05551],
          [17.12907, 61.05622],
          [17.1295, 61.05984],
          [17.12955, 61.06019],
          [17.12961, 61.06053],
          [17.12968, 61.06085],
          [17.12975, 61.06112],
          [17.13027, 61.06291],
          [17.13072, 61.06445],
          [17.13079, 61.06466],
          [17.13178, 61.06798],
          [17.13234, 61.06991],
          [17.13289, 61.07179],
          [17.13291, 61.07183],
          [17.13291, 61.07184],
          [17.13318, 61.07277],
          [17.13331, 61.07328],
          [17.13336, 61.07355],
          [17.13341, 61.07381],
          [17.13343, 61.07404],
          [17.13345, 61.07428],
          [17.13345, 61.07455],
          [17.13345, 61.07482],
          [17.13342, 61.0751],
          [17.13339, 61.07537],
          [17.13334, 61.07561],
          [17.13329, 61.07585],
          [17.13315, 61.0763],
          [17.13293, 61.07684],
          [17.13262, 61.07743],
          [17.13227, 61.07799],
          [17.13185, 61.0786],
          [17.13162, 61.07888],
          [17.13137, 61.07922],
          [17.1309, 61.07986],
          [17.13055, 61.08038],
          [17.13045, 61.08055],
          [17.13036, 61.08072],
          [17.13015, 61.08112],
          [17.12998, 61.08152],
          [17.12975, 61.08223],
          [17.12952, 61.08314],
          [17.1283, 61.08853],
          [17.12811, 61.08937],
          [17.12789, 61.09032],
          [17.12727, 61.09307],
          [17.12658, 61.09611],
          [17.12649, 61.09648],
          [17.1264, 61.09691],
          [17.12638, 61.09704],
          [17.12635, 61.09719],
          [17.12634, 61.09733],
          [17.12632, 61.09744],
          [17.1263, 61.09776],
          [17.1263, 61.09813],
          [17.12632, 61.09832],
          [17.12662, 61.10204],
          [17.12662, 61.10204],
          [17.12672, 61.10329],
          [17.12679, 61.10398],
          [17.12679, 61.10398],
          [17.12682, 61.10443],
          [17.12684, 61.1047],
          [17.12685, 61.10509],
          [17.12682, 61.10546],
          [17.12675, 61.10582],
          [17.12667, 61.10609],
          [17.12657, 61.10634],
          [17.12643, 61.10662],
          [17.12635, 61.10676],
          [17.12612, 61.10718],
          [17.12582, 61.10768],
          [17.12552, 61.10819],
          [17.12527, 61.10866],
          [17.125, 61.10917],
          [17.12473, 61.10966],
          [17.12445, 61.11019],
          [17.12431, 61.11045],
          [17.12414, 61.11075],
          [17.12409, 61.11086],
          [17.12386, 61.11129],
          [17.12366, 61.11167],
          [17.12343, 61.1121],
          [17.12326, 61.11244],
          [17.12324, 61.11248],
          [17.12312, 61.11274],
          [17.12299, 61.11308],
          [17.12288, 61.1134],
          [17.12284, 61.11365],
          [17.1228, 61.11399],
          [17.12281, 61.11433],
          [17.12285, 61.11466],
          [17.12293, 61.11498],
          [17.12304, 61.11525],
          [17.12324, 61.11563],
          [17.12329, 61.11573],
          [17.1233, 61.11574],
          [17.12346, 61.11597],
          [17.12347, 61.11599],
          [17.12375, 61.11634],
          [17.12401, 61.11664],
          [17.12421, 61.11684],
          [17.12476, 61.11742],
          [17.12545, 61.11814],
          [17.12563, 61.11834],
          [17.12585, 61.11861],
          [17.12603, 61.11885],
          [17.12621, 61.11915],
          [17.12633, 61.11939],
          [17.12644, 61.11973],
          [17.12655, 61.12008],
          [17.12668, 61.12067],
          [17.12676, 61.12108],
          [17.12688, 61.12163],
          [17.127, 61.12219],
          [17.12713, 61.12264],
          [17.12726, 61.12299],
          [17.12739, 61.12326],
          [17.1277, 61.12373],
          [17.12801, 61.12414],
          [17.12826, 61.12447],
          [17.12835, 61.12458],
          [17.12843, 61.12468],
          [17.12896, 61.12535],
          [17.12944, 61.12599],
          [17.12994, 61.1266],
          [17.13039, 61.12712],
          [17.13106, 61.12777],
          [17.13234, 61.12896],
          [17.13299, 61.12957],
          [17.13362, 61.13018],
          [17.13429, 61.13079],
          [17.13493, 61.13138],
          [17.1355, 61.13193],
          [17.13596, 61.13238],
          [17.13627, 61.13269],
          [17.1365, 61.13292],
          [17.13699, 61.13345],
          [17.13746, 61.13396],
          [17.13795, 61.13451],
          [17.13844, 61.13507],
          [17.13887, 61.13557],
          [17.13933, 61.13608],
          [17.13981, 61.13664],
          [17.1402, 61.13711],
          [17.14063, 61.13768],
          [17.14097, 61.13818],
          [17.14235, 61.14051],
          [17.14263, 61.14098],
          [17.1427, 61.1411],
          [17.1429, 61.14141],
          [17.14328, 61.14194],
          [17.14364, 61.1424],
          [17.14395, 61.14281],
          [17.1443, 61.14327],
          [17.14465, 61.14373],
          [17.14495, 61.14413],
          [17.14548, 61.14485],
          [17.14573, 61.14522],
          [17.14589, 61.14549],
          [17.14609, 61.14585],
          [17.14628, 61.14623],
          [17.14647, 61.14668],
          [17.14659, 61.14705],
          [17.14672, 61.14754],
          [17.1468, 61.14806],
          [17.14683, 61.14844],
          [17.14684, 61.14891],
          [17.14675, 61.1497],
          [17.14673, 61.1499],
          [17.14667, 61.15025],
          [17.14667, 61.15025],
          [17.14608, 61.15359],
          [17.14594, 61.15439],
          [17.1459, 61.15473],
          [17.14588, 61.15512],
          [17.1459, 61.15551],
          [17.14596, 61.15586],
          [17.14604, 61.15624],
          [17.14628, 61.15713],
          [17.14648, 61.15789],
          [17.14659, 61.15828],
          [17.14669, 61.15865],
          [17.14671, 61.15872],
          [17.14676, 61.15892],
          [17.14684, 61.15919],
          [17.1469, 61.15942],
          [17.14693, 61.15956],
          [17.14701, 61.15984],
          [17.14718, 61.16048],
          [17.14739, 61.16127],
          [17.14749, 61.16164],
          [17.14773, 61.16255],
          [17.14793, 61.16325],
          [17.14812, 61.164],
          [17.14829, 61.16451],
          [17.14836, 61.16473],
          [17.14852, 61.16506],
          [17.14864, 61.16527],
          [17.1488, 61.16552],
          [17.14897, 61.16577],
          [17.14919, 61.16606],
          [17.14949, 61.16647],
          [17.14985, 61.16692],
          [17.15024, 61.16742],
          [17.15035, 61.16757],
          [17.15078, 61.16814],
          [17.15105, 61.16849],
          [17.15211, 61.16987],
          [17.15228, 61.17012],
          [17.15244, 61.17036],
          [17.15264, 61.1707],
          [17.15277, 61.17099],
          [17.15287, 61.17127],
          [17.15295, 61.17156],
          [17.15299, 61.17175],
          [17.15301, 61.17194],
          [17.15301, 61.17229],
          [17.15299, 61.1726],
          [17.15293, 61.17292],
          [17.15281, 61.17327],
          [17.15266, 61.17364],
          [17.15246, 61.17398],
          [17.15226, 61.17428],
          [17.15203, 61.17457],
          [17.15143, 61.1752],
          [17.15064, 61.17599],
          [17.14973, 61.17689],
          [17.1483, 61.17832],
          [17.14799, 61.17862],
          [17.14762, 61.17897],
          [17.14722, 61.17931],
          [17.14714, 61.17938],
          [17.14687, 61.1796],
          [17.14621, 61.18008],
          [17.14589, 61.1803],
          [17.14557, 61.18053],
          [17.14525, 61.18076],
          [17.14489, 61.18101],
          [17.14443, 61.18134],
          [17.14404, 61.18163],
          [17.14372, 61.18188],
          [17.14347, 61.1821],
          [17.14325, 61.1823],
          [17.143, 61.18255],
          [17.1418, 61.18387],
          [17.14146, 61.18425],
          [17.14042, 61.18538],
          [17.14005, 61.18581],
          [17.13986, 61.18603],
          [17.13963, 61.18628],
          [17.13919, 61.18674],
          [17.13875, 61.18716],
          [17.1383, 61.18753],
          [17.13789, 61.18782],
          [17.13788, 61.18783],
          [17.13781, 61.18788],
          [17.13651, 61.18875],
          [17.13591, 61.18913],
          [17.13536, 61.18949],
          [17.13514, 61.18964],
          [17.13514, 61.18964],
          [17.13322, 61.19087],
          [17.13259, 61.19129],
          [17.13224, 61.19151],
          [17.13222, 61.19153],
          [17.13194, 61.1917],
          [17.13135, 61.19208],
          [17.13067, 61.19253],
          [17.12998, 61.19298],
          [17.12947, 61.1933],
          [17.12772, 61.19441],
          [17.12694, 61.19485],
          [17.12631, 61.19516],
          [17.12512, 61.19575],
          [17.12267, 61.19688],
          [17.12165, 61.19734],
          [17.12081, 61.19776],
          [17.12, 61.19816],
          [17.11987, 61.19823],
          [17.11929, 61.19857],
          [17.11928, 61.19858],
          [17.11921, 61.19862],
          [17.1188, 61.19887],
          [17.11841, 61.19912],
          [17.11772, 61.19963],
          [17.11707, 61.20018],
          [17.116, 61.20119],
          [17.11541, 61.20176],
          [17.11471, 61.20259],
          [17.11426, 61.20318],
          [17.11391, 61.20366],
          [17.11359, 61.20415],
          [17.11329, 61.20465],
          [17.11302, 61.20514],
          [17.11286, 61.20545],
          [17.11255, 61.20623],
          [17.11252, 61.20633],
          [17.11241, 61.2067],
          [17.11231, 61.20712],
          [17.11225, 61.20748],
          [17.11221, 61.2078],
          [17.11218, 61.20906],
          [17.11217, 61.20931],
          [17.11217, 61.20959],
          [17.11217, 61.20959],
          [17.11216, 61.20999],
          [17.11216, 61.21016],
          [17.11215, 61.21086],
          [17.11214, 61.21109],
          [17.11212, 61.21125],
          [17.11208, 61.21164],
          [17.112, 61.212],
          [17.11187, 61.21253],
          [17.11177, 61.21294],
          [17.11159, 61.21342],
          [17.11154, 61.21356],
          [17.11129, 61.21415],
          [17.11086, 61.21515],
          [17.11082, 61.21524],
          [17.10942, 61.21846],
          [17.1089, 61.21964],
          [17.10843, 61.22077],
          [17.10835, 61.22095],
          [17.10812, 61.22147],
          [17.10801, 61.22171],
          [17.10786, 61.22204],
          [17.10772, 61.22234],
          [17.10758, 61.22261],
          [17.10746, 61.22284],
          [17.10731, 61.22312],
          [17.10693, 61.2238],
          [17.1068, 61.22401],
          [17.10675, 61.2241],
          [17.10674, 61.22411],
          [17.10663, 61.2243],
          [17.10628, 61.22486],
          [17.10609, 61.22514],
          [17.10574, 61.22565],
          [17.10547, 61.22603],
          [17.1052, 61.22639],
          [17.10509, 61.22653],
          [17.10464, 61.22711],
          [17.10426, 61.22757],
          [17.10402, 61.22786],
          [17.10381, 61.2281],
          [17.10358, 61.22836],
          [17.10338, 61.22858],
          [17.10306, 61.22894],
          [17.10306, 61.22894],
          [17.10278, 61.22923],
          [17.10253, 61.22947],
          [17.10218, 61.22982],
          [17.10177, 61.23023],
          [17.10115, 61.2308],
          [17.10079, 61.23113],
          [17.10071, 61.2312],
          [17.10024, 61.23162],
          [17.09953, 61.23221],
          [17.09934, 61.23237],
          [17.09866, 61.23292],
          [17.09758, 61.23374],
          [17.09675, 61.23433],
          [17.09565, 61.23509],
          [17.09454, 61.23581],
          [17.09432, 61.23595],
          [17.09358, 61.23643],
          [17.09333, 61.2366],
          [17.09127, 61.23781],
          [17.09041, 61.23829],
          [17.09012, 61.23846],
          [17.08851, 61.23943],
          [17.08793, 61.23978],
          [17.08776, 61.23989],
          [17.08656, 61.24067],
          [17.08577, 61.24122],
          [17.08488, 61.24186],
          [17.0841, 61.24245],
          [17.0834, 61.24301],
          [17.08304, 61.24331],
          [17.08303, 61.24332],
          [17.08253, 61.24374],
          [17.08183, 61.24437],
          [17.08149, 61.24468],
          [17.08059, 61.24556],
          [17.0799, 61.24629],
          [17.07916, 61.24713],
          [17.07913, 61.24718],
          [17.07867, 61.24773],
          [17.07826, 61.24826],
          [17.07778, 61.24893],
          [17.07736, 61.24953],
          [17.07689, 61.25029],
          [17.0765, 61.25098],
          [17.07613, 61.25168],
          [17.07601, 61.25191],
          [17.07586, 61.25225],
          [17.07563, 61.25277],
          [17.0754, 61.25336],
          [17.07508, 61.25427],
          [17.07489, 61.25491],
          [17.07473, 61.25559],
          [17.07467, 61.25585],
          [17.07457, 61.25638],
          [17.07446, 61.25706],
          [17.07442, 61.25752],
          [17.07434, 61.2585],
          [17.07433, 61.25864],
          [17.07388, 61.26482],
          [17.07353, 61.2695],
          [17.07353, 61.26951],
          [17.0734, 61.2713],
          [17.07321, 61.27378],
          [17.0732, 61.274],
          [17.07309, 61.2754],
          [17.07287, 61.2781],
          [17.07265, 61.27953],
          [17.07231, 61.28072],
          [17.07187, 61.28169],
          [17.07173, 61.28201],
          [17.07134, 61.28268],
          [17.07064, 61.28386],
          [17.07045, 61.28415],
          [17.06999, 61.28481],
          [17.06969, 61.28519],
          [17.06937, 61.28558],
          [17.06819, 61.28681],
          [17.06723, 61.2877],
          [17.06602, 61.28871],
          [17.06464, 61.28964],
          [17.06307, 61.29064],
          [17.06297, 61.2907],
          [17.06207, 61.2912],
          [17.06112, 61.29169],
          [17.06064, 61.29191],
          [17.06029, 61.29208],
          [17.05963, 61.29238],
          [17.05893, 61.29269],
          [17.05852, 61.29287],
          [17.05843, 61.2929],
          [17.05829, 61.29296],
          [17.05758, 61.29323],
          [17.05683, 61.29352],
          [17.05665, 61.29358],
          [17.05625, 61.29373],
          [17.05554, 61.29397],
          [17.05489, 61.29418],
          [17.05433, 61.29436],
          [17.05366, 61.29456],
          [17.05299, 61.29475],
          [17.05215, 61.29498],
          [17.0513, 61.29521],
          [17.04958, 61.29565],
          [17.04958, 61.29565],
          [17.04848, 61.29594],
          [17.04848, 61.29594],
          [17.0483, 61.29598],
          [17.04716, 61.29627],
          [17.04571, 61.29664],
          [17.03608, 61.29912],
          [17.03479, 61.29945],
          [17.03454, 61.29952],
          [17.03336, 61.29982],
          [17.03313, 61.29989],
          [17.03297, 61.29993],
          [17.0323, 61.3001],
          [17.03201, 61.30017],
          [17.03184, 61.30021],
          [17.03044, 61.30057],
          [17.02963, 61.30079],
          [17.02963, 61.30079],
          [17.02852, 61.30107],
          [17.02818, 61.30117],
          [17.02784, 61.30127],
          [17.0277, 61.30131],
          [17.0275, 61.30138],
          [17.02716, 61.3015],
          [17.0271, 61.30152],
          [17.02689, 61.3016],
          [17.02669, 61.30168],
          [17.02657, 61.30173],
          [17.02623, 61.30189],
          [17.02579, 61.30211],
          [17.02556, 61.30224],
          [17.02537, 61.30236],
          [17.02487, 61.30271],
          [17.02457, 61.30297],
          [17.02431, 61.30324],
          [17.02409, 61.3035],
          [17.02387, 61.30383],
          [17.02375, 61.30405],
          [17.02363, 61.30436],
          [17.02357, 61.3046],
          [17.02352, 61.30493],
          [17.02351, 61.30525],
          [17.02352, 61.30552],
          [17.02358, 61.30616],
          [17.02363, 61.30667],
          [17.0237, 61.30741],
          [17.02373, 61.30794],
          [17.02371, 61.30822],
          [17.02366, 61.3085],
          [17.02361, 61.30874],
          [17.02351, 61.30897],
          [17.02339, 61.30919],
          [17.02325, 61.3094],
          [17.02303, 61.30968],
          [17.02277, 61.30995],
          [17.02246, 61.31024],
          [17.02235, 61.31033],
          [17.02225, 61.31042],
          [17.02146, 61.31102],
          [17.02082, 61.3115],
          [17.01995, 61.31216],
          [17.01986, 61.31224],
          [17.01934, 61.31267],
          [17.01879, 61.31322],
          [17.01838, 61.31371],
          [17.018, 61.31423],
          [17.01757, 61.31484],
          [17.01714, 61.31547],
          [17.01671, 61.31609],
          [17.01624, 61.31675],
          [17.01581, 61.31738],
          [17.01532, 61.31807],
          [17.01506, 61.31845],
          [17.01477, 61.31887],
          [17.01424, 61.31963],
          [17.01384, 61.32018],
          [17.01349, 61.32069],
          [17.01325, 61.32106],
          [17.01283, 61.32168],
          [17.0126, 61.32199],
          [17.01243, 61.32226],
          [17.01229, 61.32251],
          [17.01215, 61.32278],
          [17.01201, 61.32308],
          [17.01189, 61.32337],
          [17.01179, 61.32364],
          [17.0117, 61.32391],
          [17.01163, 61.32421],
          [17.01153, 61.32474],
          [17.01149, 61.32508],
          [17.01148, 61.32521],
          [17.01148, 61.32573],
          [17.01153, 61.32626],
          [17.01161, 61.3267],
          [17.01169, 61.32699],
          [17.01178, 61.32728],
          [17.01188, 61.32757],
          [17.01201, 61.32786],
          [17.01214, 61.32815],
          [17.01235, 61.32853],
          [17.01256, 61.32888],
          [17.01265, 61.32901],
          [17.01283, 61.32927],
          [17.01305, 61.32955],
          [17.01332, 61.32989],
          [17.01356, 61.33016],
          [17.01369, 61.3303],
          [17.0137, 61.33032],
          [17.01405, 61.33072],
          [17.01437, 61.33107],
          [17.01463, 61.33136],
          [17.01472, 61.33146],
          [17.01472, 61.33146],
          [17.01521, 61.332],
          [17.0166, 61.33356],
          [17.01674, 61.33371],
          [17.01748, 61.33454],
          [17.01803, 61.33519],
          [17.0183, 61.33563],
          [17.01894, 61.33658],
          [17.01941, 61.33739],
          [17.01971, 61.33799],
          [17.02002, 61.33856],
          [17.02029, 61.33936],
          [17.02055, 61.34019],
          [17.0206, 61.34035],
          [17.02067, 61.3406],
          [17.02074, 61.34099],
          [17.02077, 61.34112],
          [17.02086, 61.3416],
          [17.02094, 61.34223],
          [17.02095, 61.3423],
          [17.02095, 61.34234],
          [17.02098, 61.34271],
          [17.021, 61.34332],
          [17.02098, 61.34385],
          [17.02097, 61.34432],
          [17.02093, 61.34492],
          [17.02089, 61.34526],
          [17.02077, 61.3457],
          [17.02068, 61.34614],
          [17.02049, 61.34684],
          [17.02024, 61.34758],
          [17.01975, 61.34873],
          [17.01931, 61.34958],
          [17.01888, 61.35033],
          [17.0184, 61.35114],
          [17.01806, 61.3517],
          [17.01806, 61.35171],
          [17.018, 61.3518],
          [17.01783, 61.35208],
          [17.01753, 61.35264],
          [17.01729, 61.35307],
          [17.01707, 61.3535],
          [17.01665, 61.35443],
          [17.01633, 61.3552],
          [17.01622, 61.35554],
          [17.0161, 61.35593],
          [17.01595, 61.35643],
          [17.0158, 61.35701],
          [17.01565, 61.35781],
          [17.01549, 61.35875],
          [17.01531, 61.35995],
          [17.01529, 61.36009],
          [17.01512, 61.36103],
          [17.01493, 61.36198],
          [17.01449, 61.36324],
          [17.01386, 61.3647],
          [17.01316, 61.36609],
          [17.0116, 61.36849],
          [17.01144, 61.36869],
          [17.01105, 61.36918],
          [17.00898, 61.3715],
          [17.00838, 61.37225],
          [17.00699, 61.37379],
          [17.00612, 61.37479],
          [17.00607, 61.37486],
          [17.00501, 61.37605],
          [17.00423, 61.37696],
          [17.00327, 61.37808],
          [17.00286, 61.37856],
          [17.00172, 61.37994],
          [17.00066, 61.38151],
          [16.99964, 61.38306],
          [16.9981, 61.3854],
          [16.99745, 61.38642],
          [16.99623, 61.38836],
          [16.99525, 61.39038],
          [16.99461, 61.39213],
          [16.99444, 61.39262],
          [16.99424, 61.39346],
          [16.99407, 61.39416],
          [16.9939, 61.39476],
          [16.99386, 61.39518],
          [16.99384, 61.39569],
          [16.99385, 61.39666],
          [16.99389, 61.39739],
          [16.99395, 61.39798],
          [16.99402, 61.39871],
          [16.9941, 61.39938],
          [16.99413, 61.39961],
          [16.99423, 61.40043],
          [16.99426, 61.40069],
          [16.99436, 61.40157],
          [16.99445, 61.40228],
          [16.99454, 61.40305],
          [16.99455, 61.40309],
          [16.99459, 61.40349],
          [16.99459, 61.40349],
          [16.99465, 61.40393],
          [16.99471, 61.40439],
          [16.99475, 61.40477],
          [16.99481, 61.40532],
          [16.99486, 61.40584],
          [16.99487, 61.40597],
          [16.99489, 61.40638],
          [16.99491, 61.4069],
          [16.99491, 61.40741],
          [16.99488, 61.40804],
          [16.99483, 61.40863],
          [16.99475, 61.40922],
          [16.99458, 61.41009],
          [16.99444, 61.41064],
          [16.99428, 61.41117],
          [16.99411, 61.4117],
          [16.99399, 61.412],
          [16.9939, 61.41223],
          [16.99347, 61.41319],
          [16.99316, 61.4138],
          [16.99287, 61.41433],
          [16.99247, 61.415],
          [16.99243, 61.41505],
          [16.99224, 61.41536],
          [16.99191, 61.41584],
          [16.99146, 61.41652],
          [16.99095, 61.41724],
          [16.98956, 61.41933],
          [16.98915, 61.42002],
          [16.98887, 61.42053],
          [16.9888, 61.42066],
          [16.98877, 61.42072],
          [16.98824, 61.42187],
          [16.98811, 61.42218],
          [16.98788, 61.42283],
          [16.98784, 61.42296],
          [16.98783, 61.42297],
          [16.98766, 61.42354],
          [16.98746, 61.42435],
          [16.98727, 61.42543],
          [16.9872, 61.42614],
          [16.98716, 61.4268],
          [16.98716, 61.42766],
          [16.98717, 61.42787],
          [16.98724, 61.42864],
          [16.98735, 61.42935],
          [16.98739, 61.42959],
          [16.98746, 61.4299],
          [16.98757, 61.4304],
          [16.98772, 61.43092],
          [16.98793, 61.43158],
          [16.98805, 61.4319],
          [16.98822, 61.43235],
          [16.9887, 61.4334],
          [16.98897, 61.43392],
          [16.98916, 61.43426],
          [16.98951, 61.43485],
          [16.98997, 61.43554],
          [16.99043, 61.43624],
          [16.99107, 61.43716],
          [16.99169, 61.43809],
          [16.99182, 61.43828],
          [16.99233, 61.43911],
          [16.99262, 61.43963],
          [16.99307, 61.44053],
          [16.99332, 61.44109],
          [16.99352, 61.44159],
          [16.99368, 61.44203],
          [16.99388, 61.44264],
          [16.99403, 61.4432],
          [16.99414, 61.44368],
          [16.99424, 61.44421],
          [16.99432, 61.44478],
          [16.99438, 61.44532],
          [16.99441, 61.44594],
          [16.99442, 61.44607],
          [16.99442, 61.44608],
          [16.99441, 61.44662],
          [16.9944, 61.44701],
          [16.9944, 61.44713],
          [16.99439, 61.44726],
          [16.99429, 61.44821],
          [16.99419, 61.44883],
          [16.99412, 61.44918],
          [16.99403, 61.44957],
          [16.99392, 61.44998],
          [16.99379, 61.4504],
          [16.99364, 61.45085],
          [16.99347, 61.4513],
          [16.99326, 61.45186],
          [16.99306, 61.45233],
          [16.99281, 61.4529],
          [16.99258, 61.45345],
          [16.99234, 61.45399],
          [16.9921, 61.45456],
          [16.99184, 61.45517],
          [16.99159, 61.45581],
          [16.99152, 61.45598],
          [16.99128, 61.45665],
          [16.991, 61.45754],
          [16.99075, 61.4585],
          [16.9906, 61.45928],
          [16.99038, 61.46118],
          [16.99034, 61.46218],
          [16.99037, 61.46306],
          [16.99049, 61.46436],
          [16.99056, 61.46492],
          [16.9906, 61.46521],
          [16.99075, 61.46591],
          [16.99097, 61.4667],
          [16.99111, 61.46761],
          [16.99125, 61.46836],
          [16.99139, 61.46889],
          [16.99146, 61.4693],
          [16.99155, 61.47002],
          [16.99158, 61.47041],
          [16.99159, 61.47042],
          [16.9916, 61.47051],
          [16.99164, 61.47133],
          [16.99162, 61.47224],
          [16.99157, 61.47306],
          [16.9915, 61.47365],
          [16.99147, 61.47387],
          [16.9914, 61.47428],
          [16.99128, 61.47489],
          [16.99109, 61.47567],
          [16.99099, 61.47599],
          [16.99091, 61.47627],
          [16.99082, 61.47653],
          [16.99073, 61.47682],
          [16.99062, 61.4771],
          [16.99052, 61.47738],
          [16.99039, 61.47769],
          [16.99026, 61.47799],
          [16.99014, 61.47825],
          [16.99, 61.47854],
          [16.98981, 61.47894],
          [16.98957, 61.4794],
          [16.98937, 61.4798],
          [16.98909, 61.4803],
          [16.98818, 61.48198],
          [16.98783, 61.48265],
          [16.98727, 61.48373],
          [16.98686, 61.48464],
          [16.98654, 61.48545],
          [16.98652, 61.48552],
          [16.98625, 61.48627],
          [16.98594, 61.48733],
          [16.9855, 61.48967],
          [16.98541, 61.49062],
          [16.98538, 61.49153],
          [16.98537, 61.49191],
          [16.98542, 61.4931],
          [16.98554, 61.49417],
          [16.98562, 61.49466],
          [16.98562, 61.49467],
          [16.98563, 61.49471],
          [16.98592, 61.49613],
          [16.98613, 61.49706],
          [16.98631, 61.4978],
          [16.9864, 61.49814],
          [16.9864, 61.49814],
          [16.98651, 61.49864],
          [16.98655, 61.49881],
          [16.98667, 61.49932],
          [16.98679, 61.49986],
          [16.98691, 61.50037],
          [16.98695, 61.50056],
          [16.98704, 61.50093],
          [16.98715, 61.50144],
          [16.98725, 61.50196],
          [16.98733, 61.50245],
          [16.98738, 61.50295],
          [16.98743, 61.50345],
          [16.98745, 61.50399],
          [16.98745, 61.50453],
          [16.98743, 61.50507],
          [16.98739, 61.50561],
          [16.98733, 61.50614],
          [16.98725, 61.50668],
          [16.98714, 61.50722],
          [16.98702, 61.50775],
          [16.98687, 61.50828],
          [16.98671, 61.50882],
          [16.98651, 61.50937],
          [16.98631, 61.50988],
          [16.98608, 61.51041],
          [16.98583, 61.51094],
          [16.98556, 61.51146],
          [16.98528, 61.51198],
          [16.98504, 61.51241],
          [16.98499, 61.5125],
          [16.9847, 61.51302],
          [16.9844, 61.51354],
          [16.98409, 61.51404],
          [16.98385, 61.51447],
          [16.9837, 61.51478],
          [16.98313, 61.51577],
          [16.98257, 61.51677],
          [16.98188, 61.51797],
          [16.98184, 61.51805],
          [16.98177, 61.51817],
          [16.98176, 61.51818],
          [16.98128, 61.51903],
          [16.98069, 61.52006],
          [16.98033, 61.5207],
          [16.97995, 61.5214],
          [16.97964, 61.52196],
          [16.97935, 61.52255],
          [16.9791, 61.52306],
          [16.97888, 61.52359],
          [16.97872, 61.52399],
          [16.97856, 61.52445],
          [16.97845, 61.52478],
          [16.97829, 61.52528],
          [16.97815, 61.52584],
          [16.97803, 61.52637],
          [16.97796, 61.52681],
          [16.97788, 61.52733],
          [16.97785, 61.52755],
          [16.9778, 61.5281],
          [16.97777, 61.52875],
          [16.97778, 61.52957],
          [16.97781, 61.53013],
          [16.97785, 61.53056],
          [16.97792, 61.53111],
          [16.97803, 61.53176],
          [16.97892, 61.53553],
          [16.97898, 61.53576],
          [16.97908, 61.53612],
          [16.97923, 61.5367],
          [16.9794, 61.53743],
          [16.97966, 61.5385],
          [16.97983, 61.53915],
          [16.98028, 61.54101],
          [16.9803, 61.54114],
          [16.98031, 61.54116],
          [16.98037, 61.54146],
          [16.98046, 61.54202],
          [16.98053, 61.54253],
          [16.98057, 61.54286],
          [16.98059, 61.54313],
          [16.98061, 61.54343],
          [16.98062, 61.54367],
          [16.98063, 61.54409],
          [16.98063, 61.54456],
          [16.98062, 61.54469],
          [16.9806, 61.54508],
          [16.98057, 61.54545],
          [16.98056, 61.54557],
          [16.9805, 61.54602],
          [16.98043, 61.5465],
          [16.98037, 61.54683],
          [16.98031, 61.54714],
          [16.98023, 61.54747],
          [16.98004, 61.54818],
          [16.97994, 61.54849],
          [16.97981, 61.54889],
          [16.97965, 61.5493],
          [16.97949, 61.54972],
          [16.9793, 61.55014],
          [16.9791, 61.55059],
          [16.97871, 61.55137],
          [16.97855, 61.5517],
          [16.97839, 61.55199],
          [16.97824, 61.55225],
          [16.97783, 61.55297],
          [16.97754, 61.55353],
          [16.97746, 61.55369],
          [16.97724, 61.55412],
          [16.97707, 61.55449],
          [16.97692, 61.55485],
          [16.97682, 61.55513],
          [16.9767, 61.55551],
          [16.97661, 61.55583],
          [16.97653, 61.55621],
          [16.97648, 61.5566],
          [16.97645, 61.55693],
          [16.97644, 61.55725],
          [16.97645, 61.55766],
          [16.97647, 61.55799],
          [16.97653, 61.55842],
          [16.97662, 61.55883],
          [16.9767, 61.55915],
          [16.97682, 61.55953],
          [16.97694, 61.55985],
          [16.97713, 61.56027],
          [16.97725, 61.56054],
          [16.97755, 61.56107],
          [16.97779, 61.56149],
          [16.97793, 61.56173],
          [16.97803, 61.5619],
          [16.97804, 61.56191],
          [16.97831, 61.56236],
          [16.97839, 61.56249],
          [16.9789, 61.56333],
          [16.97902, 61.56352],
          [16.97923, 61.56389],
          [16.97943, 61.56426],
          [16.97959, 61.56461],
          [16.97968, 61.56489],
          [16.97975, 61.56523],
          [16.97977, 61.5655],
          [16.97976, 61.56579],
          [16.97973, 61.56609],
          [16.97961, 61.56645],
          [16.97946, 61.56686],
          [16.97929, 61.56731],
          [16.97918, 61.5677],
          [16.97911, 61.56807],
          [16.97909, 61.56842],
          [16.97912, 61.56879],
          [16.97916, 61.56898],
          [16.9793, 61.56939],
          [16.97951, 61.56982],
          [16.9798, 61.57031],
          [16.98009, 61.5708],
          [16.98031, 61.57116],
          [16.98033, 61.57118],
          [16.9806, 61.57162],
          [16.98086, 61.57206],
          [16.9811, 61.57248],
          [16.98133, 61.57297],
          [16.98145, 61.57331],
          [16.98177, 61.57441],
          [16.9819, 61.57475],
          [16.98208, 61.57512],
          [16.98227, 61.57543],
          [16.98264, 61.57599],
          [16.98289, 61.57637],
          [16.98297, 61.57648],
          [16.98324, 61.57684],
          [16.98353, 61.5772],
          [16.98383, 61.57752],
          [16.98424, 61.57786],
          [16.98462, 61.57813],
          [16.98495, 61.57833],
          [16.98536, 61.57855],
          [16.98578, 61.57875],
          [16.98623, 61.57894],
          [16.98679, 61.57915],
          [16.98714, 61.57926],
          [16.98735, 61.57932],
          [16.988, 61.5795],
          [16.98861, 61.57965],
          [16.99027, 61.58005],
          [16.99634, 61.5815],
          [16.99713, 61.58171],
          [16.99772, 61.58189],
          [16.9983, 61.5821],
          [16.99878, 61.5823],
          [16.99882, 61.58232],
          [16.99932, 61.58256],
          [16.99983, 61.58284],
          [17.00023, 61.5831],
          [17.00051, 61.58331],
          [17.00065, 61.58343],
          [17.00105, 61.5838],
          [17.00129, 61.58405],
          [17.00166, 61.58445],
          [17.0017, 61.58448],
          [17.00291, 61.58577],
          [17.00291, 61.58577],
          [17.00418, 61.58712],
          [17.00494, 61.58793],
          [17.00495, 61.58794],
          [17.00557, 61.58859],
          [17.0059, 61.58893],
          [17.00624, 61.58926],
          [17.00665, 61.5896],
          [17.00716, 61.58995],
          [17.0076, 61.59023],
          [17.00815, 61.59053],
          [17.00876, 61.59082],
          [17.0096, 61.5912],
          [17.0101, 61.59143],
          [17.01144, 61.59202],
          [17.01178, 61.59218],
          [17.01352, 61.59296],
          [17.0144, 61.59335],
          [17.01479, 61.59352],
          [17.01541, 61.5938],
          [17.01636, 61.59425],
          [17.01705, 61.59454],
          [17.01767, 61.59478],
          [17.0184, 61.59507],
          [17.01932, 61.5954],
          [17.0202, 61.59572],
          [17.02096, 61.59599],
          [17.02114, 61.59605],
          [17.02115, 61.59606],
          [17.02175, 61.59626],
          [17.02237, 61.59646],
          [17.02298, 61.59664],
          [17.02337, 61.59675],
          [17.02402, 61.59691],
          [17.0246, 61.59703],
          [17.02522, 61.59716],
          [17.02595, 61.59728],
          [17.02643, 61.59735],
          [17.02672, 61.59739],
          [17.02708, 61.59743],
          [17.02756, 61.59749],
          [17.02819, 61.59756],
          [17.03146, 61.59787],
          [17.03315, 61.59803],
          [17.03442, 61.59815],
          [17.03662, 61.59837],
          [17.03804, 61.59851],
          [17.03915, 61.59862],
          [17.0399, 61.59871],
          [17.04067, 61.59882],
          [17.04144, 61.59896],
          [17.04209, 61.59911],
          [17.04271, 61.59926],
          [17.04331, 61.59945],
          [17.04391, 61.59965],
          [17.04434, 61.59982],
          [17.04445, 61.59987],
          [17.04501, 61.60012],
          [17.04541, 61.60032],
          [17.04589, 61.6006],
          [17.04623, 61.60082],
          [17.04653, 61.60103],
          [17.0468, 61.60125],
          [17.04711, 61.60153],
          [17.04744, 61.60188],
          [17.04761, 61.60213],
          [17.0478, 61.60239],
          [17.04791, 61.60258],
          [17.04799, 61.60276],
          [17.04811, 61.60307],
          [17.04819, 61.60345],
          [17.04824, 61.60378],
          [17.04823, 61.60412],
          [17.04817, 61.60447],
          [17.04807, 61.60486],
          [17.04796, 61.60521],
          [17.04782, 61.60563],
          [17.04775, 61.60591],
          [17.04771, 61.60628],
          [17.04771, 61.60661],
          [17.04777, 61.60698],
          [17.04788, 61.60727],
          [17.04807, 61.60762],
          [17.04812, 61.6077],
          [17.04833, 61.60801],
          [17.04846, 61.60817],
          [17.04867, 61.60842],
          [17.04905, 61.60879],
          [17.04937, 61.60911],
          [17.0497, 61.60946],
          [17.0499, 61.60974],
          [17.05011, 61.61006],
          [17.05028, 61.6104],
          [17.05036, 61.61066],
          [17.05041, 61.6109],
          [17.05043, 61.61118],
          [17.05041, 61.61156],
          [17.05033, 61.61188],
          [17.05029, 61.61201],
          [17.0502, 61.61222],
          [17.05012, 61.61237],
          [17.04996, 61.6127],
          [17.0499, 61.61281],
          [17.04968, 61.61323],
          [17.04915, 61.61423],
          [17.04865, 61.61517],
          [17.04809, 61.6162],
          [17.04779, 61.61678],
          [17.04742, 61.61745],
          [17.04698, 61.61855],
          [17.04694, 61.61867],
          [17.04692, 61.61873],
          [17.04691, 61.61874],
          [17.0469, 61.61878],
          [17.04685, 61.61902],
          [17.04677, 61.6195],
          [17.04677, 61.61965],
          [17.04676, 61.61996],
          [17.04679, 61.62027],
          [17.04683, 61.62055],
          [17.0469, 61.62078],
          [17.04706, 61.62117],
          [17.04722, 61.62149],
          [17.04731, 61.62165],
          [17.04768, 61.62214],
          [17.0479, 61.62237],
          [17.04807, 61.62254],
          [17.04832, 61.62276],
          [17.04854, 61.62294],
          [17.04878, 61.62312],
          [17.04904, 61.6233],
          [17.04928, 61.62345],
          [17.04963, 61.62367],
          [17.04998, 61.62387],
          [17.0503, 61.62402],
          [17.05053, 61.62413],
          [17.0508, 61.62426],
          [17.05222, 61.62487],
          [17.05275, 61.6251],
          [17.05337, 61.62536],
          [17.05421, 61.62572],
          [17.05499, 61.62605],
          [17.05567, 61.62634],
          [17.05632, 61.62664],
          [17.05663, 61.6268],
          [17.05694, 61.62697],
          [17.05731, 61.62719],
          [17.05763, 61.62743],
          [17.05803, 61.62775],
          [17.05837, 61.62809],
          [17.05857, 61.62835],
          [17.05876, 61.62864],
          [17.05892, 61.62894],
          [17.05902, 61.6292],
          [17.05915, 61.62959],
          [17.05931, 61.63015],
          [17.05943, 61.63047],
          [17.05953, 61.63071],
          [17.05971, 61.63101],
          [17.05988, 61.63124],
          [17.05991, 61.63128],
          [17.06014, 61.63154],
          [17.06039, 61.63178],
          [17.0607, 61.63203],
          [17.06106, 61.63229],
          [17.06121, 61.63238],
          [17.06139, 61.63249],
          [17.06175, 61.6327],
          [17.0622, 61.63292],
          [17.06264, 61.6331],
          [17.06311, 61.63327],
          [17.06365, 61.63345],
          [17.06411, 61.63358],
          [17.06467, 61.63372],
          [17.06519, 61.63383],
          [17.06594, 61.63395],
          [17.06652, 61.63403],
          [17.06755, 61.63414],
          [17.06873, 61.63426],
          [17.06968, 61.63435],
          [17.07051, 61.63444],
          [17.07113, 61.63452],
          [17.0717, 61.63461],
          [17.0724, 61.63474],
          [17.07299, 61.63487],
          [17.07349, 61.635],
          [17.07385, 61.63511],
          [17.07438, 61.63527],
          [17.07482, 61.63543],
          [17.07522, 61.6356],
          [17.07563, 61.63578],
          [17.07609, 61.63601],
          [17.07645, 61.63621],
          [17.0768, 61.63644],
          [17.07693, 61.63654],
          [17.07709, 61.63667],
          [17.0772, 61.63676],
          [17.07744, 61.63697],
          [17.07766, 61.63719],
          [17.07791, 61.63752],
          [17.07808, 61.63779],
          [17.07817, 61.63798],
          [17.0783, 61.63833],
          [17.0783, 61.63835],
          [17.07838, 61.63856],
          [17.07873, 61.63964],
          [17.07876, 61.63972],
          [17.0789, 61.64006],
          [17.07908, 61.64043],
          [17.07923, 61.64072],
          [17.07939, 61.641],
          [17.07952, 61.6412],
          [17.07952, 61.6412],
          [17.07962, 61.64141],
          [17.07979, 61.64169],
          [17.0798, 61.64172],
          [17.0799, 61.64191],
          [17.08, 61.64208],
          [17.08019, 61.64246],
          [17.08026, 61.6426],
          [17.08043, 61.64293],
          [17.0807, 61.64346],
          [17.08096, 61.64399],
          [17.08124, 61.64453],
          [17.08154, 61.64505],
          [17.0817, 61.64532],
          [17.08185, 61.64559],
          [17.08215, 61.64611],
          [17.08232, 61.6464],
          [17.08247, 61.6466],
          [17.08261, 61.64679],
          [17.08272, 61.64692],
          [17.08275, 61.64694],
          [17.08291, 61.64712],
          [17.0831, 61.64731],
          [17.0834, 61.64756],
          [17.08362, 61.64773],
          [17.08366, 61.64776],
          [17.08388, 61.64792],
          [17.08412, 61.64808],
          [17.08434, 61.64821],
          [17.08459, 61.64835],
          [17.0849, 61.64851],
          [17.085, 61.64857],
          [17.08513, 61.64863],
          [17.08551, 61.6488],
          [17.08589, 61.64896],
          [17.08635, 61.64914],
          [17.0868, 61.64929],
          [17.08766, 61.64954],
          [17.0881, 61.64965],
          [17.08811, 61.64965],
          [17.08814, 61.64966],
          [17.08862, 61.64978],
          [17.08912, 61.64989],
          [17.09012, 61.65011],
          [17.09079, 61.65027],
          [17.09145, 61.65044],
          [17.09162, 61.65049],
          [17.09208, 61.65063],
          [17.09268, 61.6508],
          [17.09322, 61.65098],
          [17.09464, 61.65146],
          [17.09466, 61.65147],
          [17.09577, 61.65184],
          [17.09692, 61.65222],
          [17.09854, 61.65278],
          [17.10025, 61.65337],
          [17.10171, 61.65389],
          [17.1031, 61.65437],
          [17.10392, 61.65465],
          [17.1044, 61.65481],
          [17.10719, 61.65577],
          [17.10988, 61.65669],
          [17.10995, 61.65672],
          [17.11041, 61.65688],
          [17.11092, 61.65706],
          [17.11229, 61.65756],
          [17.11313, 61.65788],
          [17.11381, 61.65816],
          [17.11473, 61.65857],
          [17.11514, 61.65876],
          [17.11576, 61.65905],
          [17.11628, 61.65931],
          [17.11681, 61.65958],
          [17.11735, 61.65988],
          [17.11811, 61.66031],
          [17.11868, 61.66065],
          [17.11933, 61.66107],
          [17.11969, 61.66131],
          [17.12005, 61.66156],
          [17.1204, 61.66181],
          [17.12079, 61.6621],
          [17.12113, 61.66237],
          [17.1215, 61.66267],
          [17.12181, 61.66293],
          [17.12232, 61.66338],
          [17.12266, 61.66367],
          [17.12333, 61.6644],
          [17.12391, 61.66504],
          [17.12451, 61.66586],
          [17.12499, 61.6666],
          [17.12551, 61.66749],
          [17.12715, 61.6706],
          [17.12785, 61.67193],
          [17.12842, 61.67302],
          [17.12861, 61.67342],
          [17.12873, 61.67366],
          [17.12889, 61.67402],
          [17.12907, 61.6745],
          [17.12924, 61.67499],
          [17.12947, 61.67592],
          [17.12954, 61.67636],
          [17.12962, 61.67716],
          [17.12963, 61.67763],
          [17.12959, 61.67846],
          [17.12948, 61.6791],
          [17.12934, 61.67974],
          [17.1292, 61.68021],
          [17.12894, 61.68079],
          [17.12828, 61.68212],
          [17.12752, 61.68336],
          [17.12686, 61.6843],
          [17.12595, 61.68527],
          [17.12575, 61.68546],
          [17.12569, 61.68552],
          [17.12539, 61.68581],
          [17.1251, 61.68607],
          [17.12476, 61.68636],
          [17.12441, 61.68665],
          [17.12408, 61.68692],
          [17.12367, 61.68723],
          [17.12329, 61.6875],
          [17.12282, 61.68785],
          [17.12256, 61.68801],
          [17.12256, 61.68801],
          [17.12173, 61.68854],
          [17.12117, 61.6889],
          [17.11914, 61.69012],
          [17.11624, 61.69186],
          [17.11478, 61.69273],
          [17.11248, 61.69411],
          [17.11201, 61.6944],
          [17.11102, 61.69495],
          [17.11029, 61.69534],
          [17.10903, 61.69594],
          [17.10775, 61.69654],
          [17.1067, 61.69699],
          [17.10533, 61.69749],
          [17.10269, 61.69838],
          [17.10118, 61.69889],
          [17.09801, 61.69995],
          [17.09492, 61.70098],
          [17.09445, 61.70114],
          [17.09376, 61.70138],
          [17.09319, 61.7016],
          [17.09261, 61.70186],
          [17.09209, 61.70213],
          [17.09161, 61.70242],
          [17.09118, 61.70274],
          [17.09087, 61.703],
          [17.09051, 61.70338],
          [17.0903, 61.70367],
          [17.09012, 61.704],
          [17.09002, 61.70422],
          [17.08995, 61.7045],
          [17.08991, 61.70472],
          [17.08988, 61.70505],
          [17.08989, 61.70537],
          [17.08989, 61.70544],
          [17.08991, 61.7057],
          [17.08994, 61.70603],
          [17.09015, 61.70829],
          [17.09024, 61.70933],
          [17.09028, 61.7098],
          [17.09034, 61.71041],
          [17.09051, 61.71243],
          [17.09062, 61.71298],
          [17.09077, 61.71345],
          [17.09105, 61.71394],
          [17.09142, 61.71434],
          [17.09148, 61.71441],
          [17.09191, 61.7148],
          [17.09214, 61.71497],
          [17.09243, 61.71517],
          [17.09272, 61.71535],
          [17.09327, 61.71564],
          [17.09379, 61.71587],
          [17.09457, 61.71617],
          [17.09573, 61.71658],
          [17.09587, 61.71663],
          [17.09722, 61.71711],
          [17.09958, 61.71797],
          [17.09968, 61.71801],
          [17.10088, 61.71848],
          [17.10143, 61.71869],
          [17.10177, 61.71882],
          [17.10177, 61.71882],
          [17.10224, 61.719],
          [17.10224, 61.719],
          [17.10283, 61.71924],
          [17.10316, 61.71937],
          [17.10374, 61.71961],
          [17.10438, 61.71993],
          [17.10451, 61.72],
          [17.10496, 61.72027],
          [17.10508, 61.72034],
          [17.10549, 61.72063],
          [17.10596, 61.721],
          [17.10631, 61.72132],
          [17.10667, 61.72165],
          [17.10702, 61.72202],
          [17.10733, 61.72239],
          [17.10763, 61.72274],
          [17.10804, 61.72324],
          [17.10841, 61.72368],
          [17.10846, 61.72374],
          [17.10865, 61.72398],
          [17.10882, 61.72418],
          [17.10906, 61.72449],
          [17.10908, 61.72452],
          [17.10937, 61.72486],
          [17.10943, 61.72494],
          [17.10991, 61.72552],
          [17.11029, 61.72597],
          [17.11038, 61.72609],
          [17.11063, 61.72639],
          [17.11069, 61.72648],
          [17.11082, 61.72667],
          [17.11091, 61.72687],
          [17.11094, 61.72698],
          [17.11096, 61.72708],
          [17.11099, 61.72739],
          [17.11113, 61.72819],
          [17.11127, 61.72854],
          [17.11128, 61.72858],
          [17.11133, 61.72868],
          [17.11151, 61.72898],
          [17.11165, 61.72917],
          [17.11173, 61.72927],
          [17.11187, 61.72943],
          [17.11201, 61.72958],
          [17.11239, 61.72992],
          [17.1125, 61.73001],
          [17.11251, 61.73002],
          [17.11274, 61.73021],
          [17.11321, 61.73061],
          [17.11343, 61.73082],
          [17.11364, 61.73105],
          [17.11383, 61.73127],
          [17.114, 61.73152],
          [17.11414, 61.73181],
          [17.11424, 61.73208],
          [17.11429, 61.73234],
          [17.11434, 61.7326],
          [17.11433, 61.7329],
          [17.11429, 61.73315],
          [17.11421, 61.73344],
          [17.11411, 61.73369],
          [17.11397, 61.734],
          [17.11386, 61.73426],
          [17.11372, 61.7346],
          [17.11368, 61.73488],
          [17.11367, 61.73505],
          [17.11366, 61.73524],
          [17.11368, 61.73549],
          [17.11373, 61.73574],
          [17.1138, 61.73597],
          [17.11393, 61.73626],
          [17.11409, 61.73653],
          [17.1143, 61.73681],
          [17.1145, 61.73705],
          [17.11461, 61.73716],
          [17.11479, 61.73732],
          [17.11512, 61.73758],
          [17.11531, 61.73772],
          [17.11585, 61.73807],
          [17.1162, 61.73825],
          [17.11657, 61.73843],
          [17.11701, 61.73862],
          [17.11755, 61.73882],
          [17.11804, 61.73898],
          [17.11839, 61.73907],
          [17.11865, 61.73914],
          [17.11921, 61.73927],
          [17.11992, 61.73941],
          [17.12052, 61.7395],
          [17.12125, 61.73961],
          [17.12201, 61.73973],
          [17.12292, 61.73988],
          [17.12346, 61.73997],
          [17.12405, 61.7401],
          [17.12473, 61.74027],
          [17.1254, 61.74046],
          [17.12606, 61.74067],
          [17.12655, 61.74085],
          [17.12707, 61.74106],
          [17.12772, 61.74136],
          [17.1283, 61.74166],
          [17.12877, 61.74193],
          [17.12929, 61.74228],
          [17.12937, 61.74233],
          [17.12966, 61.74256],
          [17.13003, 61.74288],
          [17.13035, 61.74319],
          [17.13071, 61.74361],
          [17.13097, 61.744],
          [17.1312, 61.74441],
          [17.13158, 61.74521],
          [17.13211, 61.74647],
          [17.13273, 61.74814],
          [17.13294, 61.74872],
          [17.13315, 61.7493],
          [17.13316, 61.74931],
          [17.13333, 61.7498],
          [17.13366, 61.7507],
          [17.13378, 61.75101],
          [17.13521, 61.75495],
          [17.13555, 61.75575],
          [17.13572, 61.75608],
          [17.13589, 61.75631],
          [17.136, 61.75648],
          [17.13617, 61.75669],
          [17.13645, 61.75697],
          [17.13679, 61.75727],
          [17.13719, 61.75758],
          [17.1377, 61.75792],
          [17.13804, 61.75811],
          [17.13815, 61.75817],
          [17.13861, 61.75841],
          [17.13911, 61.75864],
          [17.14029, 61.75917],
          [17.14033, 61.75919],
          [17.14111, 61.75954],
          [17.14181, 61.75984],
          [17.14237, 61.76007],
          [17.14279, 61.76023],
          [17.1433, 61.7604],
          [17.14379, 61.76055],
          [17.1443, 61.76069],
          [17.14495, 61.76084],
          [17.1457, 61.76101],
          [17.15044, 61.76205],
          [17.15119, 61.7622],
          [17.15184, 61.76232],
          [17.15256, 61.76243],
          [17.15329, 61.76253],
          [17.15397, 61.76262],
          [17.15578, 61.76286],
          [17.15672, 61.76297],
          [17.15708, 61.76301],
          [17.15748, 61.76306],
          [17.15819, 61.76312],
          [17.15896, 61.76317],
          [17.15978, 61.7632],
          [17.16151, 61.76323],
          [17.16216, 61.76326],
          [17.16267, 61.76329],
          [17.1632, 61.76333],
          [17.16389, 61.76341],
          [17.16445, 61.7635],
          [17.16502, 61.76361],
          [17.16556, 61.76373],
          [17.16607, 61.76387],
          [17.16654, 61.76401],
          [17.16708, 61.7642],
          [17.16747, 61.76436],
          [17.16792, 61.76456],
          [17.16838, 61.7648],
          [17.16861, 61.76494],
          [17.16886, 61.7651],
          [17.1693, 61.76542],
          [17.16968, 61.76576],
          [17.16997, 61.76608],
          [17.17021, 61.7664],
          [17.17036, 61.76668],
          [17.17049, 61.76701],
          [17.17057, 61.76734],
          [17.1706, 61.76765],
          [17.1706, 61.76772],
          [17.17058, 61.76798],
          [17.17052, 61.76828],
          [17.17039, 61.76862],
          [17.17021, 61.76897],
          [17.16994, 61.76937],
          [17.16961, 61.76986],
          [17.1694, 61.7702],
          [17.16924, 61.77055],
          [17.16915, 61.77086],
          [17.16912, 61.77117],
          [17.16913, 61.77147],
          [17.16919, 61.7718],
          [17.16931, 61.77216],
          [17.16949, 61.77259],
          [17.17011, 61.774],
          [17.17022, 61.77424],
          [17.17048, 61.77482],
          [17.17122, 61.77649],
          [17.17283, 61.78014],
          [17.1731, 61.78065],
          [17.17348, 61.78119],
          [17.17388, 61.7817],
          [17.17422, 61.78211],
          [17.17453, 61.78257],
          [17.17472, 61.78297],
          [17.17483, 61.78346],
          [17.17485, 61.78356],
          [17.17484, 61.7839],
          [17.17477, 61.78429],
          [17.17462, 61.78469],
          [17.17435, 61.78514],
          [17.17431, 61.7852],
          [17.17397, 61.7856],
          [17.1736, 61.78605],
          [17.17329, 61.78646],
          [17.17312, 61.78676],
          [17.173, 61.78701],
          [17.17293, 61.78722],
          [17.17289, 61.78746],
          [17.17287, 61.78769],
          [17.17287, 61.78803],
          [17.17292, 61.78829],
          [17.17298, 61.78848],
          [17.17305, 61.78869],
          [17.17316, 61.78891],
          [17.17334, 61.7892],
          [17.17356, 61.78947],
          [17.17381, 61.78974],
          [17.17417, 61.79005],
          [17.17453, 61.79033],
          [17.17493, 61.79062],
          [17.17535, 61.79093],
          [17.17575, 61.79126],
          [17.17599, 61.79148],
          [17.17622, 61.79173],
          [17.17629, 61.79181],
          [17.17645, 61.79204],
          [17.17662, 61.79232],
          [17.17676, 61.79264],
          [17.17686, 61.79298],
          [17.1769, 61.79334],
          [17.17688, 61.79366],
          [17.17688, 61.79367],
          [17.17686, 61.79389],
          [17.17678, 61.79429],
          [17.17673, 61.79465],
          [17.17671, 61.79496],
          [17.17673, 61.79527],
          [17.17678, 61.79554],
          [17.17687, 61.79583],
          [17.17697, 61.79608],
          [17.17713, 61.79637],
          [17.17732, 61.79666],
          [17.17751, 61.79691],
          [17.17774, 61.7972],
          [17.17822, 61.79783],
          [17.17843, 61.79814],
          [17.17861, 61.79843],
          [17.17874, 61.79866],
          [17.1789, 61.79899],
          [17.17903, 61.79932],
          [17.17912, 61.7996],
          [17.17929, 61.80019],
          [17.17933, 61.80034],
          [17.17943, 61.80069],
          [17.17959, 61.80125],
          [17.17971, 61.8017],
          [17.17985, 61.80219],
          [17.17992, 61.80244],
          [17.17995, 61.80258],
          [17.18012, 61.80311],
          [17.18021, 61.80333],
          [17.18031, 61.80351],
          [17.18049, 61.80376],
          [17.18077, 61.80415],
          [17.18089, 61.80432],
          [17.18089, 61.80432],
          [17.1812, 61.80462],
          [17.18151, 61.80487],
          [17.18156, 61.80491],
          [17.18181, 61.80509],
          [17.18213, 61.80528],
          [17.18244, 61.80546],
          [17.1828, 61.80563],
          [17.18316, 61.80578],
          [17.18357, 61.80594],
          [17.18407, 61.8061],
          [17.18451, 61.80623],
          [17.1851, 61.80638],
          [17.18562, 61.80652],
          [17.18634, 61.80671],
          [17.19032, 61.80775],
          [17.19044, 61.80778],
          [17.1916, 61.80808],
          [17.19203, 61.8082],
          [17.19278, 61.80839],
          [17.19327, 61.80852],
          [17.1933, 61.80853],
          [17.19399, 61.80874],
          [17.19452, 61.80893],
          [17.19495, 61.8091],
          [17.1953, 61.80927],
          [17.19565, 61.80944],
          [17.19576, 61.8095],
          [17.19598, 61.80963],
          [17.19629, 61.80982],
          [17.1966, 61.81005],
          [17.19692, 61.81031],
          [17.19718, 61.81056],
          [17.19743, 61.81084],
          [17.19746, 61.81088],
          [17.19764, 61.81113],
          [17.19781, 61.81141],
          [17.19794, 61.81171],
          [17.19803, 61.81199],
          [17.19806, 61.81225],
          [17.19808, 61.81247],
          [17.19806, 61.81274],
          [17.19801, 61.81303],
          [17.19793, 61.81326],
          [17.19782, 61.81352],
          [17.19768, 61.81375],
          [17.19749, 61.81402],
          [17.19727, 61.81429],
          [17.19665, 61.815],
          [17.19621, 61.81551],
          [17.19593, 61.81588],
          [17.19574, 61.81617],
          [17.19568, 61.81628],
          [17.19558, 61.81647],
          [17.19518, 61.81722],
          [17.19498, 61.8175],
          [17.19481, 61.81771],
          [17.19458, 61.81795],
          [17.19433, 61.81818],
          [17.19397, 61.81848],
          [17.19364, 61.81876],
          [17.19313, 61.81919],
          [17.1928, 61.8195],
          [17.19258, 61.81975],
          [17.19241, 61.81997],
          [17.19236, 61.82005],
          [17.19228, 61.82017],
          [17.19215, 61.82041],
          [17.19205, 61.82064],
          [17.19198, 61.82085],
          [17.19193, 61.82111],
          [17.19192, 61.82134],
          [17.19192, 61.82148],
          [17.19194, 61.82161],
          [17.19198, 61.82186],
          [17.19206, 61.82215],
          [17.19224, 61.82272],
          [17.19247, 61.82344],
          [17.19293, 61.82484],
          [17.19348, 61.82651],
          [17.19366, 61.82709],
          [17.19376, 61.82757],
          [17.19381, 61.82802],
          [17.19381, 61.82853],
          [17.19375, 61.82906],
          [17.19366, 61.82944],
          [17.19352, 61.82988],
          [17.19331, 61.8304],
          [17.19292, 61.83128],
          [17.19279, 61.83161],
          [17.19274, 61.83177],
          [17.19266, 61.8322],
          [17.19266, 61.83259],
          [17.19272, 61.83294],
          [17.19286, 61.83332],
          [17.19306, 61.83369],
          [17.19307, 61.8337],
          [17.19331, 61.83403],
          [17.19367, 61.8344],
          [17.19408, 61.83474],
          [17.19517, 61.83548],
          [17.19595, 61.83598],
          [17.19642, 61.83635],
          [17.19676, 61.8367],
          [17.19703, 61.83706],
          [17.19725, 61.83743],
          [17.19739, 61.83777],
          [17.19744, 61.83809],
          [17.19744, 61.83846],
          [17.19739, 61.83883],
          [17.19723, 61.8396],
          [17.1972, 61.83983],
          [17.19718, 61.84005],
          [17.1972, 61.84036],
          [17.19721, 61.84048],
          [17.19726, 61.84067],
          [17.19732, 61.84087],
          [17.19752, 61.84135],
          [17.19776, 61.84181],
          [17.19794, 61.84215],
          [17.19854, 61.84316],
          [17.19854, 61.84317],
          [17.19854, 61.84317],
          [17.19859, 61.84326],
          [17.19879, 61.84361],
          [17.19898, 61.84393],
          [17.19923, 61.84438],
          [17.1995, 61.84483],
          [17.19969, 61.84517],
          [17.19987, 61.84546],
          [17.19993, 61.84557],
          [17.20015, 61.84596],
          [17.2004, 61.84637],
          [17.20062, 61.8467],
          [17.20086, 61.84701],
          [17.20112, 61.84729],
          [17.20138, 61.84755],
          [17.20169, 61.84782],
          [17.20203, 61.84808],
          [17.20242, 61.84835],
          [17.20283, 61.8486],
          [17.20327, 61.84885],
          [17.2037, 61.84906],
          [17.20421, 61.84929],
          [17.20466, 61.84946],
          [17.20523, 61.84967],
          [17.20535, 61.84971],
          [17.20564, 61.84981],
          [17.20575, 61.84984],
          [17.20629, 61.85001],
          [17.20692, 61.85019],
          [17.2077, 61.8504],
          [17.20788, 61.85045],
          [17.20897, 61.85076],
          [17.20998, 61.85104],
          [17.21034, 61.85114],
          [17.21149, 61.85146],
          [17.21189, 61.85157],
          [17.21404, 61.85217],
          [17.22059, 61.85398],
          [17.22198, 61.85437],
          [17.22214, 61.85443],
          [17.22266, 61.85459],
          [17.22335, 61.85482],
          [17.22389, 61.85503],
          [17.22447, 61.85527],
          [17.225, 61.85553],
          [17.22544, 61.85579],
          [17.22606, 61.85619],
          [17.22665, 61.8566],
          [17.22734, 61.8571],
          [17.22816, 61.85765],
          [17.22856, 61.85791],
          [17.22881, 61.85808],
          [17.22935, 61.85842],
          [17.22996, 61.85882],
          [17.23061, 61.85923],
          [17.23148, 61.85979],
          [17.23212, 61.86016],
          [17.23278, 61.8605],
          [17.23346, 61.86082],
          [17.23418, 61.86111],
          [17.23436, 61.86118],
          [17.23487, 61.86138],
          [17.23597, 61.86178],
          [17.23956, 61.86311],
          [17.2422, 61.86409],
          [17.24296, 61.86437],
          [17.24376, 61.86465],
          [17.24429, 61.86481],
          [17.24479, 61.86496],
          [17.24542, 61.86513],
          [17.24566, 61.8652],
          [17.24606, 61.8653],
          [17.24684, 61.86549],
          [17.24782, 61.86574],
          [17.24865, 61.86595],
          [17.24927, 61.86612],
          [17.24974, 61.86627],
          [17.2499, 61.86633],
          [17.25024, 61.86644],
          [17.25087, 61.86667],
          [17.25145, 61.86692],
          [17.25186, 61.86711],
          [17.25255, 61.86747],
          [17.2531, 61.86779],
          [17.25358, 61.86813],
          [17.25404, 61.86849],
          [17.2546, 61.86903],
          [17.25498, 61.86945],
          [17.25525, 61.8699],
          [17.25551, 61.87037],
          [17.25569, 61.87089],
          [17.25606, 61.87206],
          [17.25614, 61.87234],
          [17.25621, 61.8725],
          [17.25643, 61.87313],
          [17.25661, 61.8735],
          [17.25682, 61.8739],
          [17.25688, 61.87401],
          [17.25697, 61.87416],
          [17.25725, 61.87467],
          [17.26061, 61.88025],
          [17.26086, 61.88071],
          [17.26122, 61.88137],
          [17.26177, 61.88241],
          [17.26198, 61.88281],
          [17.26391, 61.88648],
          [17.26513, 61.88866],
          [17.26547, 61.88927],
          [17.26626, 61.89052],
          [17.26633, 61.89066],
          [17.26644, 61.89083],
          [17.26684, 61.89147],
          [17.26942, 61.89564],
          [17.2703, 61.89698],
          [17.27045, 61.89723],
          [17.27059, 61.89746],
          [17.27074, 61.89771],
          [17.27086, 61.89795],
          [17.27091, 61.89807],
          [17.27097, 61.89821],
          [17.27105, 61.89842],
          [17.27112, 61.89862],
          [17.27117, 61.89886],
          [17.27121, 61.89903],
          [17.27123, 61.8992],
          [17.27123, 61.89921],
          [17.27126, 61.89943],
          [17.27126, 61.89969],
          [17.27123, 61.89992],
          [17.27117, 61.90028],
          [17.27117, 61.90028],
          [17.27105, 61.9006],
          [17.27094, 61.90084],
          [17.27076, 61.90119],
          [17.27058, 61.90153],
          [17.2704, 61.90181],
          [17.27018, 61.90212],
          [17.26994, 61.9024],
          [17.26979, 61.90256],
          [17.26967, 61.90268],
          [17.26881, 61.90351],
          [17.26809, 61.90417],
          [17.26692, 61.90525],
          [17.26646, 61.90569],
          [17.26618, 61.906],
          [17.26597, 61.90624],
          [17.26577, 61.90651],
          [17.26557, 61.90682],
          [17.26552, 61.9069],
          [17.26539, 61.90713],
          [17.26525, 61.90747],
          [17.26511, 61.90784],
          [17.26501, 61.90817],
          [17.26499, 61.90823],
          [17.26495, 61.90836],
          [17.26488, 61.90863],
          [17.26483, 61.90884],
          [17.26479, 61.90911],
          [17.26476, 61.90929],
          [17.26469, 61.90956],
          [17.26449, 61.91018],
          [17.26421, 61.91112],
          [17.26406, 61.91156],
          [17.264, 61.91171],
          [17.26392, 61.91185],
          [17.26385, 61.91197],
          [17.2635, 61.91253],
          [17.26331, 61.91276],
          [17.26309, 61.91298],
          [17.26285, 61.91321],
          [17.26257, 61.91343],
          [17.26229, 61.91363],
          [17.26199, 61.91383],
          [17.2615, 61.91414],
          [17.25884, 61.91563],
          [17.25847, 61.91584],
          [17.25561, 61.91746],
          [17.25505, 61.91782],
          [17.25439, 61.91828],
          [17.25362, 61.91889],
          [17.25317, 61.91928],
          [17.25267, 61.91979],
          [17.25222, 61.92028],
          [17.25216, 61.92034],
          [17.25185, 61.92075],
          [17.25138, 61.92135],
          [17.24992, 61.92326],
          [17.24961, 61.92365],
          [17.24767, 61.92617],
          [17.24715, 61.92687],
          [17.24686, 61.92736],
          [17.24671, 61.92774],
          [17.2466, 61.92812],
          [17.24651, 61.92861],
          [17.24632, 61.9298],
          [17.24622, 61.93056],
          [17.24618, 61.93104],
          [17.24625, 61.93139],
          [17.24636, 61.93174],
          [17.24652, 61.93214],
          [17.2466, 61.93232],
          [17.24675, 61.93267],
          [17.24696, 61.93316],
          [17.24716, 61.93363],
          [17.24729, 61.934],
          [17.24737, 61.93439],
          [17.24738, 61.93464],
          [17.24737, 61.93477],
          [17.24735, 61.93503],
          [17.24729, 61.93537],
          [17.24717, 61.93576],
          [17.2469, 61.93634],
          [17.24663, 61.93698],
          [17.24641, 61.93742],
          [17.2462, 61.93787],
          [17.24605, 61.93817],
          [17.24577, 61.93859],
          [17.2455, 61.93893],
          [17.24502, 61.93945],
          [17.2438, 61.94072],
          [17.24359, 61.94094],
          [17.24313, 61.94144],
          [17.24295, 61.94166],
          [17.24275, 61.94193],
          [17.24261, 61.94215],
          [17.24255, 61.94227],
          [17.24244, 61.94246],
          [17.24235, 61.94267],
          [17.24226, 61.94296],
          [17.2422, 61.94325],
          [17.24216, 61.94354],
          [17.24211, 61.94414],
          [17.24199, 61.946],
          [17.24197, 61.94633],
          [17.24197, 61.94634],
          [17.24195, 61.94681],
          [17.24195, 61.94702],
          [17.24196, 61.9473],
          [17.242, 61.94763],
          [17.24212, 61.94813],
          [17.24221, 61.9484],
          [17.24234, 61.9487],
          [17.2425, 61.94898],
          [17.24269, 61.94929],
          [17.24291, 61.94958],
          [17.24301, 61.94971],
          [17.24315, 61.94988],
          [17.24334, 61.95009],
          [17.24397, 61.95075],
          [17.24441, 61.95118],
          [17.24469, 61.95145],
          [17.24497, 61.95177],
          [17.24525, 61.9521],
          [17.24545, 61.9524],
          [17.24562, 61.95268],
          [17.24576, 61.95297],
          [17.24587, 61.95328],
          [17.24595, 61.95358],
          [17.24599, 61.9538],
          [17.24601, 61.95405],
          [17.246, 61.95435],
          [17.24596, 61.95465],
          [17.24589, 61.95497],
          [17.24583, 61.95515],
          [17.24578, 61.95531],
          [17.24572, 61.95549],
          [17.24532, 61.95644],
          [17.2452, 61.95681],
          [17.24514, 61.95704],
          [17.2451, 61.95724],
          [17.24509, 61.95748],
          [17.24509, 61.95765],
          [17.24509, 61.95787],
          [17.24514, 61.95811],
          [17.24514, 61.95812],
          [17.2452, 61.95835],
          [17.2453, 61.95863],
          [17.24539, 61.95884],
          [17.24552, 61.95908],
          [17.2457, 61.95937],
          [17.24585, 61.95961],
          [17.2462, 61.96015],
          [17.24631, 61.96035],
          [17.24643, 61.9606],
          [17.24658, 61.96095],
          [17.24664, 61.96114],
          [17.2467, 61.96136],
          [17.24674, 61.96161],
          [17.24677, 61.96187],
          [17.24678, 61.96217],
          [17.24676, 61.96245],
          [17.24672, 61.96273],
          [17.24666, 61.96302],
          [17.24653, 61.96348],
          [17.24649, 61.9636],
          [17.24637, 61.96402],
          [17.24548, 61.96696],
          [17.24478, 61.96928],
          [17.24455, 61.96995],
          [17.24432, 61.97053],
          [17.24393, 61.9714],
          [17.24357, 61.97223],
          [17.24345, 61.97251],
          [17.24337, 61.97269],
          [17.24329, 61.97294],
          [17.24325, 61.97312],
          [17.24321, 61.97331],
          [17.24319, 61.97352],
          [17.2432, 61.97374],
          [17.24323, 61.97394],
          [17.24327, 61.97416],
          [17.24334, 61.97435],
          [17.24345, 61.9746],
          [17.24356, 61.9748],
          [17.24369, 61.97499],
          [17.24385, 61.9752],
          [17.24402, 61.9754],
          [17.24422, 61.97559],
          [17.24434, 61.9757],
          [17.24436, 61.97572],
          [17.24439, 61.97575],
          [17.24459, 61.9759],
          [17.24474, 61.97602],
          [17.24497, 61.97617],
          [17.24517, 61.9763],
          [17.24541, 61.97644],
          [17.24567, 61.97657],
          [17.24593, 61.97671],
          [17.24616, 61.97682],
          [17.24644, 61.97694],
          [17.2467, 61.97706],
          [17.24704, 61.9772],
          [17.24727, 61.97728],
          [17.24776, 61.97747],
          [17.25587, 61.98057],
          [17.25667, 61.98088],
          [17.25751, 61.98125],
          [17.25819, 61.98157],
          [17.25839, 61.98168],
          [17.25867, 61.98184],
          [17.25881, 61.98193],
          [17.25918, 61.98217],
          [17.25961, 61.98246],
          [17.25999, 61.98279],
          [17.26027, 61.98308],
          [17.26058, 61.98346],
          [17.26084, 61.98381],
          [17.26102, 61.98411],
          [17.26107, 61.98422],
          [17.26117, 61.98444],
          [17.26127, 61.98472],
          [17.26132, 61.985],
          [17.26136, 61.98525],
          [17.26136, 61.98525],
          [17.26138, 61.98542],
          [17.26138, 61.98562],
          [17.26136, 61.98582],
          [17.26132, 61.98605],
          [17.26129, 61.98623],
          [17.2612, 61.98648],
          [17.26107, 61.98679],
          [17.26097, 61.98698],
          [17.26067, 61.98743],
          [17.26053, 61.98762],
          [17.26034, 61.98786],
          [17.25981, 61.98836],
          [17.25953, 61.98859],
          [17.25925, 61.98881],
          [17.25894, 61.98905],
          [17.2586, 61.98929],
          [17.25829, 61.98952],
          [17.25823, 61.98957],
          [17.25795, 61.98978],
          [17.2576, 61.99003],
          [17.25722, 61.99031],
          [17.25683, 61.99059],
          [17.25644, 61.99088],
          [17.25602, 61.99119],
          [17.25563, 61.99147],
          [17.25525, 61.99175],
          [17.255, 61.99194],
          [17.25461, 61.99223],
          [17.25391, 61.99273],
          [17.25318, 61.99327],
          [17.25298, 61.99341],
          [17.25239, 61.99382],
          [17.25184, 61.99425],
          [17.25121, 61.99471],
          [17.25082, 61.99499],
          [17.2505, 61.99523],
          [17.24977, 61.99576],
          [17.24948, 61.99596],
          [17.24853, 61.99668],
          [17.24818, 61.99697],
          [17.24799, 61.99716],
          [17.24791, 61.99724],
          [17.24765, 61.99752],
          [17.24737, 61.99787],
          [17.24714, 61.99824],
          [17.24702, 61.99844],
          [17.24685, 61.99877],
          [17.24668, 61.99911],
          [17.24616, 62.00014],
          [17.24551, 62.00143],
          [17.24505, 62.00235],
          [17.24471, 62.00294],
          [17.24451, 62.00321],
          [17.24426, 62.00351],
          [17.24398, 62.00381],
          [17.24364, 62.00416],
          [17.24322, 62.00457],
          [17.24278, 62.005],
          [17.24269, 62.00509],
          [17.24246, 62.00533],
          [17.24213, 62.00568],
          [17.24195, 62.0059],
          [17.2419, 62.00596],
          [17.24173, 62.0062],
          [17.24162, 62.00636],
          [17.24149, 62.0066],
          [17.24143, 62.00674],
          [17.24135, 62.00695],
          [17.24127, 62.00717],
          [17.24122, 62.00737],
          [17.24119, 62.00758],
          [17.24118, 62.00779],
          [17.24118, 62.00801],
          [17.24118, 62.0083],
          [17.2412, 62.00862],
          [17.24124, 62.009],
          [17.24127, 62.00936],
          [17.24131, 62.00972],
          [17.24134, 62.01006],
          [17.24136, 62.01036],
          [17.24139, 62.01056],
          [17.24145, 62.01078],
          [17.24151, 62.01101],
          [17.24165, 62.0113],
          [17.24174, 62.01152],
          [17.24188, 62.01177],
          [17.24209, 62.0121],
          [17.2423, 62.01237],
          [17.24257, 62.0127],
          [17.24286, 62.01301],
          [17.24324, 62.01343],
          [17.24409, 62.01437],
          [17.2441, 62.01439],
          [17.24441, 62.0147],
          [17.24472, 62.01498],
          [17.24511, 62.01531],
          [17.24547, 62.0156],
          [17.24584, 62.01588],
          [17.24633, 62.01625],
          [17.24659, 62.01645],
          [17.24689, 62.01671],
          [17.24719, 62.01699],
          [17.24754, 62.01734],
          [17.24787, 62.01768],
          [17.24817, 62.01799],
          [17.24918, 62.01921],
          [17.24963, 62.01972],
          [17.24995, 62.0201],
          [17.25029, 62.02051],
          [17.25061, 62.02094],
          [17.25081, 62.02128],
          [17.2509, 62.02153],
          [17.25101, 62.02187],
          [17.25106, 62.02218],
          [17.25107, 62.02227],
          [17.25107, 62.02253],
          [17.25107, 62.02264],
          [17.25106, 62.02287],
          [17.25101, 62.02322],
          [17.25094, 62.02371],
          [17.25089, 62.02421],
          [17.25089, 62.02455],
          [17.25093, 62.02493],
          [17.25097, 62.02521],
          [17.25108, 62.02557],
          [17.25122, 62.02594],
          [17.25137, 62.02634],
          [17.25207, 62.02822],
          [17.25295, 62.03048],
          [17.25328, 62.03132],
          [17.25329, 62.03133],
          [17.25336, 62.03153],
          [17.25345, 62.03174],
          [17.2541, 62.03347],
          [17.25429, 62.03399],
          [17.25449, 62.03451],
          [17.25468, 62.03501],
          [17.2549, 62.03566],
          [17.25496, 62.03601],
          [17.25499, 62.03647],
          [17.25496, 62.0369],
          [17.25488, 62.03741],
          [17.25475, 62.03775],
          [17.25457, 62.03815],
          [17.25427, 62.03866],
          [17.25399, 62.03904],
          [17.2536, 62.03946],
          [17.25322, 62.03983],
          [17.25274, 62.04022],
          [17.25271, 62.04025],
          [17.25246, 62.04045],
          [17.25222, 62.04064],
          [17.25214, 62.0407],
          [17.25186, 62.0409],
          [17.25156, 62.0411],
          [17.25122, 62.04131],
          [17.25087, 62.0415],
          [17.25058, 62.04166],
          [17.2503, 62.04181],
          [17.24993, 62.04197],
          [17.24957, 62.04212],
          [17.24917, 62.04228],
          [17.24877, 62.04242],
          [17.2484, 62.04254],
          [17.24804, 62.04265],
          [17.24775, 62.04273],
          [17.24745, 62.04281],
          [17.24701, 62.04291],
          [17.24657, 62.043],
          [17.24617, 62.04308],
          [17.24576, 62.04315],
          [17.24524, 62.04322],
          [17.24474, 62.04328],
          [17.24413, 62.04333],
          [17.24352, 62.04338],
          [17.24281, 62.04342],
          [17.24211, 62.04346],
          [17.24145, 62.04349],
          [17.24079, 62.04352],
          [17.24021, 62.04356],
          [17.23963, 62.04361],
          [17.23854, 62.04375],
          [17.23738, 62.04391],
          [17.23638, 62.04405],
          [17.22977, 62.04504],
          [17.22855, 62.04522],
          [17.22778, 62.04535],
          [17.22747, 62.04541],
          [17.22705, 62.0455],
          [17.22658, 62.04561],
          [17.22618, 62.04571],
          [17.22571, 62.04585],
          [17.22538, 62.04596],
          [17.22502, 62.04609],
          [17.2246, 62.04626],
          [17.22418, 62.04646],
          [17.2238, 62.04666],
          [17.22338, 62.04691],
          [17.22303, 62.04715],
          [17.22264, 62.04747],
          [17.22235, 62.04776],
          [17.22211, 62.04805],
          [17.2219, 62.04838],
          [17.22176, 62.04864],
          [17.22169, 62.04884],
          [17.22168, 62.04886],
          [17.22162, 62.04908],
          [17.22158, 62.04936],
          [17.22157, 62.04949],
          [17.22157, 62.04963],
          [17.2216, 62.04991],
          [17.22165, 62.05013],
          [17.22171, 62.05029],
          [17.22182, 62.05056],
          [17.22197, 62.05082],
          [17.22215, 62.05109],
          [17.22244, 62.05141],
          [17.22272, 62.05168],
          [17.22303, 62.05192],
          [17.22339, 62.05218],
          [17.22372, 62.05237],
          [17.22413, 62.05259],
          [17.22455, 62.05278],
          [17.22495, 62.05296],
          [17.22546, 62.05314],
          [17.22603, 62.05333],
          [17.22653, 62.05346],
          [17.22709, 62.05359],
          [17.22762, 62.0537],
          [17.22822, 62.0538],
          [17.22884, 62.05389],
          [17.22945, 62.05396],
          [17.23027, 62.05405],
          [17.23122, 62.05414],
          [17.23366, 62.0544],
          [17.23395, 62.05443],
          [17.23496, 62.05453],
          [17.23716, 62.05476],
          [17.2383, 62.05488],
          [17.2383, 62.05488],
          [17.23942, 62.05499],
          [17.23981, 62.05503],
          [17.24052, 62.05511],
          [17.24165, 62.05522],
          [17.24588, 62.05566],
          [17.24889, 62.05597],
          [17.24976, 62.05606],
          [17.25141, 62.05624],
          [17.25166, 62.05627],
          [17.25178, 62.05628],
          [17.25223, 62.05634],
          [17.25263, 62.0564],
          [17.25288, 62.05643],
          [17.2535, 62.05656],
          [17.25409, 62.05669],
          [17.25429, 62.05674],
          [17.2547, 62.05684],
          [17.25537, 62.05704],
          [17.25629, 62.05735],
          [17.26316, 62.05974],
          [17.267, 62.06109],
          [17.26757, 62.06129],
          [17.27206, 62.06286],
          [17.27317, 62.06327],
          [17.2738, 62.06353],
          [17.27437, 62.06379],
          [17.27502, 62.06411],
          [17.2757, 62.06444],
          [17.27625, 62.06473],
          [17.2771, 62.06518],
          [17.2776, 62.06547],
          [17.27798, 62.06572],
          [17.27847, 62.06609],
          [17.27881, 62.06641],
          [17.27915, 62.06678],
          [17.27937, 62.06708],
          [17.27956, 62.0674],
          [17.27971, 62.06771],
          [17.27978, 62.06794],
          [17.27988, 62.06825],
          [17.28013, 62.06924],
          [17.28053, 62.07094],
          [17.28089, 62.07241],
          [17.28122, 62.07387],
          [17.28125, 62.07399],
          [17.2817, 62.07581],
          [17.28175, 62.07605],
          [17.28182, 62.0765],
          [17.28183, 62.07671],
          [17.28183, 62.07685],
          [17.28183, 62.07688],
          [17.28182, 62.07715],
          [17.2818, 62.07755],
          [17.28178, 62.07826],
          [17.28179, 62.07843],
          [17.28182, 62.0786],
          [17.28186, 62.07875],
          [17.28191, 62.0789],
          [17.28199, 62.0791],
          [17.28209, 62.07928],
          [17.28221, 62.07949],
          [17.28236, 62.07968],
          [17.28249, 62.07985],
          [17.28264, 62.08],
          [17.28282, 62.08018],
          [17.28302, 62.08034],
          [17.28317, 62.08047],
          [17.28335, 62.0806],
          [17.28357, 62.08075],
          [17.28382, 62.08089],
          [17.28438, 62.08119],
          [17.28625, 62.08206],
          [17.28688, 62.08235],
          [17.28735, 62.08261],
          [17.28779, 62.08287],
          [17.28822, 62.08315],
          [17.28876, 62.08354],
          [17.28918, 62.08384],
          [17.28964, 62.08414],
          [17.2901, 62.0844],
          [17.29032, 62.08451],
          [17.29069, 62.0847],
          [17.29138, 62.085],
          [17.29215, 62.0853],
          [17.29278, 62.08553],
          [17.2945, 62.08614],
          [17.29521, 62.08641],
          [17.2961, 62.08675],
          [17.29698, 62.08712],
          [17.29737, 62.08728],
          [17.29821, 62.08764],
          [17.29851, 62.08778],
          [17.29882, 62.08789],
          [17.29914, 62.08801],
          [17.29948, 62.08812],
          [17.29985, 62.08825],
          [17.30026, 62.08836],
          [17.30105, 62.08855],
          [17.30145, 62.08864],
          [17.30187, 62.08872],
          [17.30236, 62.08881],
          [17.30287, 62.08889],
          [17.30388, 62.08903],
          [17.30558, 62.08933],
          [17.30605, 62.08943],
          [17.30639, 62.08951],
          [17.30677, 62.0896],
          [17.30713, 62.08971],
          [17.30748, 62.08983],
          [17.30782, 62.08995],
          [17.30816, 62.09009],
          [17.3085, 62.09024],
          [17.30926, 62.09061],
          [17.3095, 62.09075],
          [17.30973, 62.09091],
          [17.31004, 62.09113],
          [17.31055, 62.09155],
          [17.31309, 62.09383],
          [17.31402, 62.09467],
          [17.31481, 62.09537],
          [17.31506, 62.09561],
          [17.31506, 62.09561],
          [17.31559, 62.09608],
          [17.31634, 62.09674],
          [17.31734, 62.09764],
          [17.31836, 62.09854],
          [17.31888, 62.09903],
          [17.31906, 62.09926],
          [17.3192, 62.09943],
          [17.31956, 62.09988],
          [17.31977, 62.10014],
          [17.31998, 62.10038],
          [17.32024, 62.10064],
          [17.32047, 62.10085],
          [17.32074, 62.10105],
          [17.32108, 62.1013],
          [17.32147, 62.10155],
          [17.32181, 62.10174],
          [17.32228, 62.10198],
          [17.32248, 62.10208],
          [17.32267, 62.10218],
          [17.3231, 62.10235],
          [17.32363, 62.10256],
          [17.32447, 62.10285],
          [17.32548, 62.10322],
          [17.32626, 62.1035],
          [17.32654, 62.1036],
          [17.32711, 62.1038],
          [17.3273, 62.10387],
          [17.32788, 62.10409],
          [17.32839, 62.10429],
          [17.32879, 62.10446],
          [17.32892, 62.10451],
          [17.3294, 62.10473],
          [17.32999, 62.10505],
          [17.33021, 62.10518],
          [17.33036, 62.10527],
          [17.33091, 62.10564],
          [17.33139, 62.10601],
          [17.33176, 62.10635],
          [17.33216, 62.10679],
          [17.33252, 62.10725],
          [17.33462, 62.11025],
          [17.33565, 62.11174],
          [17.33606, 62.11233],
          [17.33632, 62.11271],
          [17.33671, 62.11316],
          [17.33705, 62.11356],
          [17.33713, 62.11364],
          [17.33739, 62.11392],
          [17.33747, 62.114],
          [17.33811, 62.11465],
          [17.33989, 62.1165],
          [17.34039, 62.11708],
          [17.34078, 62.1176],
          [17.34109, 62.11822],
          [17.34133, 62.11882],
          [17.3414, 62.11937],
          [17.34142, 62.11988],
          [17.34138, 62.12023],
          [17.34135, 62.12039],
          [17.34124, 62.12095],
          [17.3411, 62.12189],
          [17.34102, 62.12266],
          [17.34094, 62.12386],
          [17.34079, 62.12658],
          [17.34069, 62.12772],
          [17.34066, 62.12822],
          [17.34058, 62.12868],
          [17.34056, 62.12875],
          [17.34043, 62.12917],
          [17.34038, 62.1293],
          [17.34022, 62.12963],
          [17.33999, 62.13011],
          [17.33982, 62.13051],
          [17.33968, 62.13095],
          [17.33954, 62.13132],
          [17.33949, 62.13169],
          [17.3395, 62.132],
          [17.33954, 62.13231],
          [17.33962, 62.13265],
          [17.33978, 62.13304],
          [17.33996, 62.13336],
          [17.34021, 62.1337],
          [17.34047, 62.13401],
          [17.34078, 62.13431],
          [17.34113, 62.13462],
          [17.34155, 62.13496],
          [17.34217, 62.13546],
          [17.34247, 62.13573],
          [17.34276, 62.13603],
          [17.34298, 62.13629],
          [17.34322, 62.13659],
          [17.34336, 62.13678],
          [17.34354, 62.13704],
          [17.34395, 62.13762],
          [17.344, 62.13768],
          [17.34434, 62.13818],
          [17.34483, 62.13887],
          [17.34534, 62.13959],
          [17.34563, 62.14],
          [17.34599, 62.1405],
          [17.34628, 62.1409],
          [17.34648, 62.14115],
          [17.34694, 62.14172],
          [17.34694, 62.14172],
          [17.34701, 62.1418],
          [17.3472, 62.14205],
          [17.3475, 62.14246],
          [17.34783, 62.14294],
          [17.34819, 62.14344],
          [17.3487, 62.14417],
          [17.34907, 62.1447],
          [17.34958, 62.14541],
          [17.35006, 62.14608],
          [17.35007, 62.14611],
          [17.35051, 62.14671],
          [17.35076, 62.14708],
          [17.35111, 62.14759],
          [17.35129, 62.14794],
          [17.35135, 62.14811],
          [17.35141, 62.14822],
          [17.35144, 62.14834],
          [17.35148, 62.14849],
          [17.35151, 62.14864],
          [17.35157, 62.14898],
          [17.35158, 62.14912],
          [17.35157, 62.14926],
          [17.35157, 62.14932],
          [17.35154, 62.14965],
          [17.35146, 62.15003],
          [17.35139, 62.15028],
          [17.35135, 62.15044],
          [17.35124, 62.15089],
          [17.3511, 62.15139],
          [17.35091, 62.15211],
          [17.35086, 62.15238],
          [17.35082, 62.15262],
          [17.35079, 62.15284],
          [17.35078, 62.15309],
          [17.35079, 62.15332],
          [17.35081, 62.15351],
          [17.35084, 62.15372],
          [17.35088, 62.15394],
          [17.35095, 62.15416],
          [17.35101, 62.15438],
          [17.3511, 62.15462],
          [17.35123, 62.15489],
          [17.3513, 62.15502],
          [17.35138, 62.15517],
          [17.35155, 62.15544],
          [17.35171, 62.15568],
          [17.35189, 62.15591],
          [17.35207, 62.15613],
          [17.3523, 62.15637],
          [17.35251, 62.15659],
          [17.35272, 62.15678],
          [17.35298, 62.15704],
          [17.35336, 62.15736],
          [17.35358, 62.15756],
          [17.35436, 62.15826],
          [17.35469, 62.15859],
          [17.35493, 62.15884],
          [17.35515, 62.15911],
          [17.35537, 62.15939],
          [17.35552, 62.15962],
          [17.35568, 62.15989],
          [17.35582, 62.16015],
          [17.35591, 62.16037],
          [17.35601, 62.1606],
          [17.35609, 62.16084],
          [17.35612, 62.16093],
          [17.35619, 62.16129],
          [17.35624, 62.16164],
          [17.35625, 62.16194],
          [17.35624, 62.1622],
          [17.35621, 62.16255],
          [17.35618, 62.16284],
          [17.35614, 62.16315],
          [17.35611, 62.16337],
          [17.35611, 62.16341],
          [17.35607, 62.16368],
          [17.35604, 62.16394],
          [17.35603, 62.16414],
          [17.35602, 62.16438],
          [17.35603, 62.16459],
          [17.35603, 62.16476],
          [17.35606, 62.16497],
          [17.35612, 62.16525],
          [17.3562, 62.16557],
          [17.3563, 62.16586],
          [17.35654, 62.1664],
          [17.3567, 62.16673],
          [17.35689, 62.16716],
          [17.35703, 62.16743],
          [17.35765, 62.1686],
          [17.35784, 62.16901],
          [17.35801, 62.16948],
          [17.35812, 62.1699],
          [17.35826, 62.17054],
          [17.35835, 62.17103],
          [17.35842, 62.17143],
          [17.35849, 62.17177],
          [17.35856, 62.17215],
          [17.35857, 62.17221],
          [17.35876, 62.17319],
          [17.35884, 62.17354],
          [17.359, 62.1741],
          [17.35947, 62.17558],
          [17.35947, 62.17559],
          [17.35963, 62.17608],
          [17.36014, 62.17765],
          [17.36031, 62.17814],
          [17.36047, 62.17871],
          [17.36052, 62.17896],
          [17.36053, 62.17943],
          [17.3605, 62.17973],
          [17.36042, 62.18009],
          [17.36032, 62.18037],
          [17.36013, 62.18074],
          [17.35994, 62.18104],
          [17.35991, 62.18107],
          [17.3597, 62.18133],
          [17.35936, 62.18169],
          [17.35901, 62.18202],
          [17.35864, 62.18239],
          [17.35826, 62.18277],
          [17.35799, 62.18311],
          [17.3578, 62.18343],
          [17.35767, 62.18377],
          [17.35762, 62.18396],
          [17.35757, 62.18424],
          [17.35756, 62.18454],
          [17.35759, 62.18481],
          [17.35762, 62.18495],
          [17.35764, 62.18506],
          [17.35773, 62.18529],
          [17.35785, 62.18556],
          [17.35801, 62.18582],
          [17.35817, 62.18603],
          [17.35836, 62.18626],
          [17.35863, 62.18653],
          [17.35917, 62.18696],
          [17.35968, 62.18728],
          [17.3601, 62.18751],
          [17.36057, 62.18773],
          [17.36109, 62.18794],
          [17.36175, 62.18817],
          [17.36244, 62.18837],
          [17.36307, 62.18852],
          [17.3637, 62.18864],
          [17.36393, 62.18868],
          [17.36451, 62.18877],
          [17.36506, 62.18882],
          [17.36547, 62.18886],
          [17.36591, 62.18889],
          [17.36628, 62.18891],
          [17.36672, 62.18892],
          [17.36717, 62.18893],
          [17.36769, 62.18892],
          [17.36819, 62.1889],
          [17.36938, 62.18885],
          [17.37006, 62.18882],
          [17.37013, 62.18882],
          [17.37085, 62.1888],
          [17.37132, 62.1888],
          [17.37179, 62.18882],
          [17.37234, 62.18885],
          [17.37278, 62.18889],
          [17.37324, 62.18893],
          [17.37375, 62.189],
          [17.37419, 62.18907],
          [17.37469, 62.18916],
          [17.37512, 62.18925],
          [17.37566, 62.18939],
          [17.37607, 62.1895],
          [17.37648, 62.18963],
          [17.37687, 62.18977],
          [17.37724, 62.18992],
          [17.37761, 62.19008],
          [17.37795, 62.19024],
          [17.37832, 62.19044],
          [17.37861, 62.19062],
          [17.37888, 62.1908],
          [17.37915, 62.191],
          [17.37944, 62.19125],
          [17.37965, 62.19146],
          [17.37991, 62.19176],
          [17.37994, 62.19181],
          [17.38007, 62.192],
          [17.38027, 62.19235],
          [17.38037, 62.19265],
          [17.38044, 62.19294],
          [17.38047, 62.19326],
          [17.38044, 62.19359],
          [17.38038, 62.1939],
          [17.3802, 62.19455],
          [17.38008, 62.195],
          [17.37998, 62.19533],
          [17.37989, 62.19566],
          [17.37963, 62.19656],
          [17.37946, 62.19715],
          [17.37939, 62.19738],
          [17.37939, 62.1974],
          [17.37939, 62.1974],
          [17.37918, 62.1979],
          [17.37904, 62.19832],
          [17.37897, 62.19855],
          [17.37886, 62.19895],
          [17.37874, 62.19933],
          [17.3786, 62.19972],
          [17.37844, 62.2001],
          [17.37835, 62.20028],
          [17.37824, 62.20051],
          [17.37818, 62.20063],
          [17.37807, 62.20086],
          [17.37792, 62.20114],
          [17.37779, 62.20146],
          [17.37766, 62.20183],
          [17.37757, 62.20222],
          [17.37754, 62.20248],
          [17.37754, 62.20274],
          [17.37758, 62.20303],
          [17.37764, 62.20329],
          [17.37775, 62.20361],
          [17.37787, 62.20386],
          [17.37802, 62.20413],
          [17.37822, 62.20443],
          [17.37842, 62.20472],
          [17.37869, 62.20508],
          [17.37894, 62.20542],
          [17.3792, 62.20582],
          [17.37939, 62.20616],
          [17.37951, 62.20641],
          [17.37956, 62.20655],
          [17.37963, 62.20678],
          [17.37967, 62.20699],
          [17.3797, 62.2072],
          [17.37971, 62.20741],
          [17.3797, 62.2076],
          [17.37969, 62.2077],
          [17.37966, 62.20787],
          [17.37961, 62.20808],
          [17.37953, 62.20831],
          [17.37944, 62.20852],
          [17.37933, 62.20875],
          [17.3792, 62.20899],
          [17.37908, 62.20922],
          [17.379, 62.20938],
          [17.37895, 62.20949],
          [17.37886, 62.20966],
          [17.37879, 62.20983],
          [17.37864, 62.21016],
          [17.37838, 62.21061],
          [17.37809, 62.2111],
          [17.37775, 62.21171],
          [17.37739, 62.21232],
          [17.37706, 62.21283],
          [17.37698, 62.21296],
          [17.37687, 62.21309],
          [17.37654, 62.21347],
          [17.37628, 62.21373],
          [17.37612, 62.21388],
          [17.37597, 62.214],
          [17.37562, 62.21429],
          [17.37526, 62.21456],
          [17.37478, 62.21492],
          [17.37429, 62.21531],
          [17.37399, 62.21559],
          [17.37371, 62.2159],
          [17.37348, 62.21623],
          [17.37333, 62.21653],
          [17.37322, 62.21678],
          [17.37318, 62.21695],
          [17.37315, 62.21712],
          [17.37312, 62.21745],
          [17.37312, 62.21768],
          [17.37315, 62.21779],
          [17.37324, 62.21818],
          [17.37337, 62.21847],
          [17.37352, 62.21873],
          [17.37366, 62.21895],
          [17.37388, 62.21921],
          [17.37416, 62.21949],
          [17.37448, 62.21976],
          [17.37481, 62.22],
          [17.37525, 62.22028],
          [17.37562, 62.22048],
          [17.37613, 62.22072],
          [17.37667, 62.22096],
          [17.37725, 62.22121],
          [17.3779, 62.22148],
          [17.37833, 62.22168],
          [17.37854, 62.22179],
          [17.37888, 62.22196],
          [17.37922, 62.22216],
          [17.37951, 62.22234],
          [17.37984, 62.22258],
          [17.38016, 62.22284],
          [17.38047, 62.22315],
          [17.38106, 62.22385],
          [17.38136, 62.22419],
          [17.38164, 62.22448],
          [17.38195, 62.22475],
          [17.38232, 62.22502],
          [17.38272, 62.22528],
          [17.3828, 62.22532],
          [17.38315, 62.22551],
          [17.38367, 62.22575],
          [17.38421, 62.22597],
          [17.38481, 62.22617],
          [17.38533, 62.22632],
          [17.38608, 62.22651],
          [17.38683, 62.22669],
          [17.38786, 62.22692],
          [17.38814, 62.227],
          [17.38844, 62.22708],
          [17.38868, 62.22715],
          [17.38892, 62.22723],
          [17.38922, 62.22733],
          [17.38952, 62.22744],
          [17.3898, 62.22755],
          [17.39008, 62.22767],
          [17.39033, 62.2278],
          [17.39057, 62.22792],
          [17.39101, 62.22817],
          [17.39142, 62.22846],
          [17.39172, 62.2287],
          [17.39183, 62.22879],
          [17.39217, 62.22908],
          [17.39251, 62.22942],
          [17.39293, 62.22978],
          [17.39338, 62.23011],
          [17.39384, 62.2304],
          [17.39436, 62.23067],
          [17.3949, 62.23091],
          [17.39542, 62.2311],
          [17.39593, 62.23128],
          [17.39593, 62.23128],
          [17.39627, 62.2314],
          [17.39676, 62.23157],
          [17.39715, 62.2317],
          [17.39785, 62.23194],
          [17.39839, 62.23212],
          [17.39955, 62.23252],
          [17.40143, 62.23315],
          [17.40202, 62.23335],
          [17.4029, 62.23366],
          [17.40381, 62.23397],
          [17.40496, 62.23436],
          [17.40533, 62.23448],
          [17.40679, 62.23498],
          [17.40701, 62.23505],
          [17.4079, 62.23535],
          [17.40853, 62.23558],
          [17.4091, 62.23581],
          [17.40966, 62.23607],
          [17.41005, 62.23629],
          [17.41046, 62.23655],
          [17.41085, 62.23683],
          [17.41108, 62.23702],
          [17.41123, 62.23717],
          [17.41154, 62.23748],
          [17.41182, 62.23784],
          [17.41195, 62.23808],
          [17.41201, 62.2382],
          [17.41216, 62.23866],
          [17.41219, 62.23893],
          [17.41219, 62.23917],
          [17.41217, 62.23937],
          [17.41216, 62.23944],
          [17.4121, 62.23972],
          [17.41199, 62.24002],
          [17.41184, 62.24029],
          [17.41165, 62.24059],
          [17.4114, 62.24087],
          [17.41114, 62.24113],
          [17.41081, 62.2414],
          [17.41051, 62.24162],
          [17.4102, 62.24182],
          [17.40986, 62.24201],
          [17.40945, 62.24222],
          [17.40913, 62.24236],
          [17.40871, 62.24253],
          [17.40778, 62.24285],
          [17.40688, 62.24312],
          [17.40618, 62.24331],
          [17.40557, 62.24351],
          [17.405, 62.24371],
          [17.40445, 62.24394],
          [17.404, 62.24416],
          [17.4038, 62.24426],
          [17.40367, 62.24433],
          [17.4033, 62.24457],
          [17.40299, 62.24479],
          [17.40251, 62.24515],
          [17.40216, 62.24543],
          [17.40113, 62.24624],
          [17.40082, 62.24649],
          [17.39779, 62.24889],
          [17.39415, 62.25179],
          [17.39395, 62.25194],
          [17.38976, 62.25526],
          [17.3891, 62.25581],
          [17.3889, 62.256],
          [17.38868, 62.25622],
          [17.38843, 62.25646],
          [17.38817, 62.25672],
          [17.38798, 62.2569],
          [17.38776, 62.25708],
          [17.38749, 62.25729],
          [17.38719, 62.2575],
          [17.38689, 62.25767],
          [17.38676, 62.25776],
          [17.38653, 62.25787],
          [17.38619, 62.25803],
          [17.3857, 62.25825],
          [17.38507, 62.25851],
          [17.38419, 62.25889],
          [17.38387, 62.25903],
          [17.38351, 62.25922],
          [17.38334, 62.25932],
          [17.38305, 62.25949],
          [17.38272, 62.25971],
          [17.38243, 62.25994],
          [17.38207, 62.26026],
          [17.38117, 62.26114],
          [17.38084, 62.26144],
          [17.38045, 62.26176],
          [17.38013, 62.26199],
          [17.37971, 62.26228],
          [17.37927, 62.26257],
          [17.37891, 62.26282],
          [17.3785, 62.26312],
          [17.37845, 62.26317],
          [17.37827, 62.26332],
          [17.37793, 62.26366],
          [17.37769, 62.26394],
          [17.37766, 62.26398],
          [17.37752, 62.26421],
          [17.37739, 62.26446],
          [17.37729, 62.26474],
          [17.37724, 62.26492],
          [17.37713, 62.26534],
          [17.37712, 62.2656],
          [17.37712, 62.2656],
          [17.37711, 62.26593],
          [17.37717, 62.26636],
          [17.37727, 62.2668],
          [17.37737, 62.26728],
          [17.37741, 62.26754],
          [17.37745, 62.26773],
          [17.37747, 62.26787],
          [17.37759, 62.26847],
          [17.37769, 62.26902],
          [17.3778, 62.26961],
          [17.37793, 62.27031],
          [17.37796, 62.27046],
          [17.37815, 62.27143],
          [17.3782, 62.27166],
          [17.37824, 62.27189],
          [17.37828, 62.27214],
          [17.37829, 62.27246],
          [17.37831, 62.27286],
          [17.37832, 62.27316],
          [17.37828, 62.27355],
          [17.37825, 62.27389],
          [17.37822, 62.27411],
          [17.37819, 62.27439],
          [17.37803, 62.27505],
          [17.37794, 62.27543],
          [17.37785, 62.27584],
          [17.37775, 62.27623],
          [17.37769, 62.27647],
          [17.37766, 62.27662],
          [17.37758, 62.27694],
          [17.37748, 62.27732],
          [17.37739, 62.27779],
          [17.37734, 62.27815],
          [17.37721, 62.27905],
          [17.37703, 62.28023],
          [17.37697, 62.28061],
          [17.37689, 62.28096],
          [17.37679, 62.28127],
          [17.37671, 62.28158],
          [17.37661, 62.28187],
          [17.3765, 62.28223],
          [17.37639, 62.28262],
          [17.37629, 62.28294],
          [17.37621, 62.28324],
          [17.37612, 62.28353],
          [17.37603, 62.28385],
          [17.37593, 62.28418],
          [17.37588, 62.28445],
          [17.37583, 62.2847],
          [17.37577, 62.28512],
          [17.37576, 62.28517],
          [17.37573, 62.28545],
          [17.37572, 62.28587],
          [17.37571, 62.2862],
          [17.37572, 62.28661],
          [17.37573, 62.2869],
          [17.37578, 62.28717],
          [17.37585, 62.28767],
          [17.37587, 62.28773],
          [17.37593, 62.28798],
          [17.37598, 62.28814],
          [17.37603, 62.2883],
          [17.37607, 62.28841],
          [17.37611, 62.28852],
          [17.37616, 62.2888],
          [17.37627, 62.28926],
          [17.37635, 62.28969],
          [17.37638, 62.2898],
          [17.37642, 62.28998],
          [17.37662, 62.29089],
          [17.37676, 62.29148],
          [17.37706, 62.2929],
          [17.37722, 62.29376],
          [17.37726, 62.29411],
          [17.37727, 62.29418],
          [17.3773, 62.29466],
          [17.37731, 62.2949],
          [17.37729, 62.29523],
          [17.37725, 62.29548],
          [17.37719, 62.29572],
          [17.3771, 62.296],
          [17.37675, 62.29691],
          [17.37657, 62.29748],
          [17.37651, 62.29772],
          [17.37633, 62.2985],
          [17.37625, 62.29879],
          [17.37617, 62.29906],
          [17.37609, 62.29928],
          [17.37601, 62.29945],
          [17.37593, 62.29961],
          [17.37584, 62.29979],
          [17.37571, 62.3],
          [17.37561, 62.30016],
          [17.37497, 62.30117],
          [17.37473, 62.30156],
          [17.37449, 62.30195],
          [17.37406, 62.30262],
          [17.37388, 62.30288],
          [17.37381, 62.303],
          [17.37364, 62.30328],
          [17.37351, 62.30349],
          [17.37339, 62.30376],
          [17.37331, 62.30398],
          [17.3733, 62.30403],
          [17.37325, 62.3042],
          [17.37321, 62.30445],
          [17.37317, 62.30474],
          [17.37315, 62.305],
          [17.37312, 62.30526],
          [17.37308, 62.3055],
          [17.37304, 62.30563],
          [17.37294, 62.3059],
          [17.37281, 62.30617],
          [17.37267, 62.3064],
          [17.3725, 62.30663],
          [17.37231, 62.30686],
          [17.37209, 62.30714],
          [17.37185, 62.30746],
          [17.37172, 62.30766],
          [17.37161, 62.30786],
          [17.37151, 62.30808],
          [17.37144, 62.30832],
          [17.3714, 62.30848],
          [17.37138, 62.30869],
          [17.37136, 62.30891],
          [17.37135, 62.3091],
          [17.37132, 62.30954],
          [17.37128, 62.30992],
          [17.37124, 62.31011],
          [17.3712, 62.31028],
          [17.37114, 62.31044],
          [17.37108, 62.31059],
          [17.371, 62.31073],
          [17.37092, 62.31087],
          [17.37082, 62.31102],
          [17.3707, 62.31119],
          [17.37038, 62.31155],
          [17.37029, 62.31163],
          [17.37014, 62.31178],
          [17.36987, 62.31203],
          [17.3696, 62.31225],
          [17.36935, 62.31248],
          [17.36907, 62.31273],
          [17.36888, 62.31293],
          [17.36871, 62.31312],
          [17.36854, 62.31332],
          [17.3684, 62.31351],
          [17.36827, 62.31374],
          [17.36818, 62.31391],
          [17.36816, 62.31395],
          [17.3681, 62.31412],
          [17.36804, 62.31434],
          [17.368, 62.3146],
          [17.36799, 62.31483],
          [17.36799, 62.31499],
          [17.368, 62.31515],
          [17.36802, 62.31544],
          [17.36808, 62.31621],
          [17.36807, 62.31653],
          [17.36804, 62.31674],
          [17.36799, 62.31695],
          [17.36793, 62.31714],
          [17.36781, 62.31754],
          [17.36781, 62.31754],
          [17.36768, 62.31791],
          [17.36745, 62.3186],
          [17.36737, 62.31885],
          [17.36734, 62.31898],
          [17.36732, 62.31913],
          [17.36727, 62.31945],
          [17.36727, 62.31987],
          [17.36727, 62.32035],
          [17.36727, 62.32043],
          [17.36729, 62.32106],
          [17.36733, 62.32197],
          [17.36733, 62.32272],
          [17.36733, 62.32279],
          [17.36736, 62.32358],
          [17.36736, 62.32381],
          [17.36736, 62.32389],
          [17.36739, 62.32409],
          [17.36742, 62.3243],
          [17.36745, 62.32445],
          [17.36749, 62.32461],
          [17.36758, 62.32483],
          [17.36773, 62.32515],
          [17.36792, 62.32548],
          [17.36816, 62.32595],
          [17.36829, 62.32628],
          [17.36835, 62.3265],
          [17.36839, 62.32668],
          [17.36839, 62.32669],
          [17.3684, 62.32677],
          [17.36839, 62.32699],
          [17.36838, 62.3272],
          [17.36833, 62.32743],
          [17.36827, 62.32762],
          [17.36819, 62.32782],
          [17.36808, 62.32805],
          [17.3679, 62.32832],
          [17.36773, 62.32854],
          [17.36753, 62.32876],
          [17.36733, 62.32895],
          [17.36713, 62.32912],
          [17.36701, 62.32923],
          [17.36677, 62.3294],
          [17.36646, 62.32961],
          [17.36607, 62.32983],
          [17.36569, 62.33002],
          [17.36529, 62.3302],
          [17.36467, 62.33046],
          [17.36467, 62.33046],
          [17.36397, 62.33073],
          [17.36362, 62.33087],
          [17.3633, 62.33101],
          [17.36294, 62.33117],
          [17.36256, 62.33138],
          [17.36224, 62.33157],
          [17.36179, 62.33185],
          [17.36149, 62.33211],
          [17.36128, 62.33229],
          [17.36107, 62.33251],
          [17.36056, 62.33304],
          [17.36016, 62.33348],
          [17.35954, 62.33416],
          [17.35929, 62.33444],
          [17.35924, 62.33451],
          [17.35907, 62.33473],
          [17.35881, 62.33516],
          [17.35871, 62.33543],
          [17.35859, 62.3359],
          [17.35858, 62.33611],
          [17.35859, 62.33635],
          [17.35864, 62.33659],
          [17.35869, 62.33678],
          [17.3587, 62.33681],
          [17.3588, 62.33703],
          [17.35898, 62.33736],
          [17.3592, 62.33786],
          [17.35954, 62.33854],
          [17.35968, 62.33887],
          [17.35975, 62.33907],
          [17.35981, 62.33929],
          [17.35989, 62.33968],
          [17.35994, 62.34011],
          [17.36001, 62.34075],
          [17.36008, 62.34146],
          [17.3601, 62.34182],
          [17.36011, 62.34223],
          [17.36009, 62.34267],
          [17.36004, 62.34302],
          [17.35997, 62.34334],
          [17.35991, 62.34363],
          [17.35985, 62.34393],
          [17.35984, 62.344],
          [17.35976, 62.34433],
          [17.35972, 62.34465],
          [17.35971, 62.34494],
          [17.35973, 62.34521],
          [17.35981, 62.34556],
          [17.35986, 62.34569],
          [17.35992, 62.34583],
          [17.36007, 62.34612],
          [17.36022, 62.34635],
          [17.36048, 62.34673],
          [17.36073, 62.34706],
          [17.36083, 62.34723],
          [17.36095, 62.34739],
          [17.3612, 62.34771],
          [17.36146, 62.34807],
          [17.36165, 62.34831],
          [17.36185, 62.34853],
          [17.36207, 62.34874],
          [17.36232, 62.34896],
          [17.36254, 62.34915],
          [17.36333, 62.34982],
          [17.3636, 62.35008],
          [17.36374, 62.35023],
          [17.36379, 62.35028],
          [17.36393, 62.35046],
          [17.36408, 62.35067],
          [17.36427, 62.351],
          [17.36439, 62.35132],
          [17.36451, 62.3517],
          [17.36468, 62.35231],
          [17.36484, 62.35286],
          [17.36496, 62.35322],
          [17.36503, 62.35345],
          [17.3651, 62.35368],
          [17.36528, 62.3541],
          [17.36547, 62.35441],
          [17.36593, 62.35495],
          [17.36619, 62.3552],
          [17.36666, 62.35566],
          [17.3669, 62.3559],
          [17.36709, 62.35608],
          [17.36734, 62.35634],
          [17.36753, 62.35655],
          [17.36771, 62.35677],
          [17.36786, 62.357],
          [17.368, 62.35726],
          [17.36809, 62.35748],
          [17.36814, 62.35768],
          [17.36819, 62.35789],
          [17.36821, 62.35808],
          [17.36821, 62.35832],
          [17.36817, 62.35857],
          [17.3681, 62.35886],
          [17.36797, 62.35934],
          [17.36789, 62.35968],
          [17.36787, 62.35978],
          [17.36787, 62.35979],
          [17.36785, 62.35999],
          [17.36785, 62.36021],
          [17.36788, 62.36048],
          [17.36793, 62.36068],
          [17.36801, 62.36091],
          [17.36813, 62.36118],
          [17.36898, 62.36285],
          [17.36917, 62.36326],
          [17.36927, 62.36355],
          [17.36937, 62.3639],
          [17.36941, 62.36419],
          [17.36944, 62.36452],
          [17.36945, 62.3648],
          [17.36943, 62.3651],
          [17.3694, 62.36536],
          [17.36935, 62.36565],
          [17.36919, 62.36633],
          [17.36909, 62.36671],
          [17.369, 62.36702],
          [17.3689, 62.36732],
          [17.36877, 62.36762],
          [17.36862, 62.36796],
          [17.36847, 62.36821],
          [17.36827, 62.36853],
          [17.36812, 62.36873],
          [17.36794, 62.36897],
          [17.3678, 62.36915],
          [17.36762, 62.36934],
          [17.36745, 62.36953],
          [17.36721, 62.36977],
          [17.36691, 62.37004],
          [17.36658, 62.37032],
          [17.3662, 62.37062],
          [17.3658, 62.37094],
          [17.36545, 62.37123],
          [17.3652, 62.37144],
          [17.36502, 62.37159],
          [17.36449, 62.37205],
          [17.36423, 62.3723],
          [17.36403, 62.3725],
          [17.36387, 62.37266],
          [17.36367, 62.37288],
          [17.36346, 62.37311],
          [17.36336, 62.37322],
          [17.36301, 62.37362],
          [17.3626, 62.37409],
          [17.36228, 62.37445],
          [17.36199, 62.37474],
          [17.36181, 62.37493],
          [17.36139, 62.37535],
          [17.36102, 62.37573],
          [17.35992, 62.37684],
          [17.35895, 62.37781],
          [17.35881, 62.37795],
          [17.35852, 62.37824],
          [17.35815, 62.37857],
          [17.35788, 62.3788],
          [17.3576, 62.37898],
          [17.35728, 62.37918],
          [17.35693, 62.37937],
          [17.35687, 62.3794],
          [17.3565, 62.37958],
          [17.35611, 62.37974],
          [17.3557, 62.37991],
          [17.35517, 62.38011],
          [17.35404, 62.38051],
          [17.35349, 62.38069],
          [17.35309, 62.38081],
          [17.35269, 62.38092],
          [17.35226, 62.38103],
          [17.35181, 62.38113],
          [17.3513, 62.38123],
          [17.3507, 62.38133],
          [17.35044, 62.38137],
          [17.35, 62.38142],
          [17.34952, 62.38147],
          [17.34904, 62.3815],
          [17.34854, 62.38154],
          [17.34806, 62.38157],
          [17.3477, 62.38158],
          [17.34701, 62.38159],
          [17.34647, 62.3816],
          [17.34558, 62.38163],
          [17.345, 62.38165],
          [17.34445, 62.38168],
          [17.34403, 62.38172],
          [17.34352, 62.38177],
          [17.34306, 62.38183],
          [17.34276, 62.38187],
          [17.34246, 62.38193],
          [17.342, 62.38201],
          [17.34158, 62.3821],
          [17.34066, 62.3823],
          [17.33982, 62.38248],
          [17.33947, 62.38256],
          [17.33897, 62.38267],
          [17.33896, 62.38267],
          [17.33885, 62.3827],
          [17.33757, 62.38298],
          [17.33688, 62.38313],
          [17.3364, 62.38323],
          [17.33596, 62.38331],
          [17.33548, 62.38338],
          [17.33499, 62.38345],
          [17.33438, 62.38353],
          [17.33402, 62.38357],
          [17.33359, 62.38362],
          [17.33359, 62.38362],
          [17.33188, 62.38383],
          [17.33082, 62.38396],
          [17.32985, 62.38408],
          [17.3285, 62.38424],
          [17.32843, 62.38425],
          [17.32843, 62.38425],
          [17.32752, 62.38432],
          [17.32752, 62.38432],
          [17.32674, 62.38441],
          [17.32626, 62.38447],
          [17.32626, 62.38447],
          [17.32537, 62.38458],
          [17.32255, 62.38493],
          [17.32255, 62.38493],
          [17.32149, 62.38506],
          [17.32124, 62.38509],
          [17.32099, 62.38513],
          [17.32065, 62.38517],
          [17.32027, 62.38523],
          [17.31983, 62.38531],
          [17.31945, 62.38538],
          [17.31906, 62.38546],
          [17.31871, 62.38554],
          [17.31829, 62.38565],
          [17.31744, 62.38587],
          [17.31539, 62.38642],
          [17.31492, 62.38655],
          [17.31433, 62.38671],
          [17.31395, 62.38681],
          [17.31329, 62.38699],
          [17.31329, 62.38699],
          [17.31312, 62.38703],
          [17.31271, 62.38715],
          [17.31197, 62.38735],
          [17.31151, 62.38745],
          [17.31121, 62.38751],
          [17.31089, 62.38757],
          [17.31045, 62.38763],
          [17.31014, 62.38767],
          [17.31003, 62.38768],
          [17.30989, 62.38769],
          [17.30975, 62.38771],
          [17.30834, 62.38786],
          [17.30832, 62.38787],
          [17.30751, 62.38795],
          [17.30744, 62.38796],
          [17.30732, 62.38798],
          [17.30685, 62.38803],
          [17.30676, 62.38804],
          [17.30665, 62.38805],
          [17.30649, 62.38806],
          [17.30579, 62.38814],
          [17.30579, 62.38814]
        ]
      },
      "properties": { "name": "Arlandabanan, Ostkustbanan", "type": "train", "order": 2 }
    },
    {
      "type": "Feature",
      "properties": {
        "_gpxType": "trk",
        "name": "2025-02-26 17:46:05",
        "time": "2025-02-26T11:49:25Z",
        "type": "walk",
        "coordinateProperties": {
          "times": [
            "2025-02-26T11:49:25Z",
            "2025-02-26T11:50:20Z",
            "2025-02-26T11:51:36Z",
            "2025-02-26T11:52:02Z",
            "2025-02-26T11:52:27Z",
            "2025-02-26T11:52:52Z",
            "2025-02-26T11:53:07Z",
            "2025-02-26T11:53:29Z",
            "2025-02-26T11:53:48Z",
            "2025-02-26T11:53:57Z",
            "2025-02-26T11:54:23Z",
            "2025-02-26T11:54:42Z",
            "2025-02-26T11:54:47Z",
            "2025-02-26T11:54:53Z",
            "2025-02-26T11:55:11Z",
            "2025-02-26T11:55:28Z",
            "2025-02-26T11:55:45Z",
            "2025-02-26T11:56:02Z",
            "2025-02-26T11:56:16Z",
            "2025-02-26T11:56:31Z",
            "2025-02-26T11:56:47Z",
            "2025-02-26T11:56:56Z",
            "2025-02-26T11:57:12Z",
            "2025-02-26T11:57:20Z",
            "2025-02-26T11:57:35Z",
            "2025-02-26T11:57:53Z",
            "2025-02-26T11:58:08Z",
            "2025-02-26T11:58:24Z",
            "2025-02-26T11:58:40Z",
            "2025-02-26T11:58:47Z",
            "2025-02-26T11:59:05Z",
            "2025-02-26T11:59:19Z",
            "2025-02-26T11:59:34Z",
            "2025-02-26T11:59:51Z",
            "2025-02-26T12:00:08Z",
            "2025-02-26T12:00:22Z",
            "2025-02-26T12:00:36Z",
            "2025-02-26T12:00:38Z",
            "2025-02-26T12:00:43Z",
            "2025-02-26T12:00:45Z",
            "2025-02-26T12:00:48Z",
            "2025-02-26T12:01:05Z",
            "2025-02-26T12:01:10Z",
            "2025-02-26T12:01:18Z",
            "2025-02-26T12:01:25Z",
            "2025-02-26T12:01:30Z",
            "2025-02-26T12:01:47Z",
            "2025-02-26T12:02:02Z",
            "2025-02-26T12:02:14Z",
            "2025-02-26T12:02:23Z",
            "2025-02-26T12:02:28Z",
            "2025-02-26T12:02:30Z",
            "2025-02-26T12:02:44Z",
            "2025-02-26T12:03:02Z",
            "2025-02-26T12:03:07Z",
            "2025-02-26T12:03:23Z",
            "2025-02-26T12:03:36Z",
            "2025-02-26T12:03:51Z",
            "2025-02-26T12:04:07Z",
            "2025-02-26T12:04:17Z",
            "2025-02-26T12:04:24Z",
            "2025-02-26T12:04:28Z",
            "2025-02-26T12:04:32Z",
            "2025-02-26T12:04:35Z",
            "2025-02-26T12:04:38Z",
            "2025-02-26T12:04:51Z",
            "2025-02-26T12:05:06Z",
            "2025-02-26T12:05:11Z",
            "2025-02-26T12:05:27Z",
            "2025-02-26T12:05:42Z",
            "2025-02-26T12:05:54Z",
            "2025-02-26T12:05:56Z",
            "2025-02-26T12:06:01Z",
            "2025-02-26T12:06:06Z",
            "2025-02-26T12:06:08Z",
            "2025-02-26T12:06:23Z",
            "2025-02-26T12:06:37Z",
            "2025-02-26T12:06:44Z",
            "2025-02-26T12:07:01Z",
            "2025-02-26T12:07:13Z",
            "2025-02-26T12:07:32Z",
            "2025-02-26T12:07:44Z",
            "2025-02-26T12:08:00Z",
            "2025-02-26T12:08:08Z",
            "2025-02-26T12:08:11Z",
            "2025-02-26T12:08:16Z",
            "2025-02-26T12:08:33Z",
            "2025-02-26T12:08:39Z",
            "2025-02-26T12:08:47Z",
            "2025-02-26T12:08:51Z",
            "2025-02-26T12:09:00Z",
            "2025-02-26T12:09:03Z",
            "2025-02-26T12:09:17Z",
            "2025-02-26T12:09:35Z",
            "2025-02-26T12:09:57Z",
            "2025-02-26T12:10:01Z",
            "2025-02-26T12:10:20Z",
            "2025-02-26T12:10:36Z",
            "2025-02-26T12:10:55Z",
            "2025-02-26T12:11:12Z",
            "2025-02-26T12:11:29Z",
            "2025-02-26T12:11:46Z",
            "2025-02-26T12:12:07Z",
            "2025-02-26T12:12:19Z",
            "2025-02-26T12:12:38Z",
            "2025-02-26T12:12:57Z",
            "2025-02-26T12:13:22Z",
            "2025-02-26T12:13:59Z",
            "2025-02-26T12:14:24Z",
            "2025-02-26T12:14:40Z",
            "2025-02-26T12:14:46Z",
            "2025-02-26T12:15:06Z",
            "2025-02-26T12:15:21Z",
            "2025-02-26T12:15:40Z",
            "2025-02-26T12:16:00Z",
            "2025-02-26T12:16:18Z",
            "2025-02-26T12:16:36Z",
            "2025-02-26T12:16:56Z",
            "2025-02-26T12:17:14Z",
            "2025-02-26T12:17:28Z",
            "2025-02-26T12:17:48Z",
            "2025-02-26T12:18:10Z",
            "2025-02-26T12:18:26Z",
            "2025-02-26T12:18:47Z",
            "2025-02-26T12:19:10Z",
            "2025-02-26T12:19:30Z",
            "2025-02-26T12:19:49Z",
            "2025-02-26T12:20:00Z",
            "2025-02-26T12:20:12Z",
            "2025-02-26T12:20:25Z",
            "2025-02-26T12:20:39Z",
            "2025-02-26T12:20:52Z",
            "2025-02-26T12:21:11Z",
            "2025-02-26T12:21:25Z",
            "2025-02-26T12:21:32Z",
            "2025-02-26T12:21:39Z",
            "2025-02-26T12:21:58Z",
            "2025-02-26T12:22:19Z",
            "2025-02-26T12:22:32Z",
            "2025-02-26T12:22:48Z",
            "2025-02-26T12:23:18Z",
            "2025-02-26T12:23:31Z",
            "2025-02-26T12:23:47Z",
            "2025-02-26T12:24:08Z",
            "2025-02-26T12:24:21Z",
            "2025-02-26T12:24:34Z",
            "2025-02-26T12:24:48Z",
            "2025-02-26T12:25:07Z",
            "2025-02-26T12:25:22Z",
            "2025-02-26T12:25:39Z",
            "2025-02-26T12:25:52Z",
            "2025-02-26T12:26:00Z",
            "2025-02-26T12:26:17Z",
            "2025-02-26T12:26:20Z",
            "2025-02-26T12:26:28Z",
            "2025-02-26T12:26:29Z",
            "2025-02-26T12:26:39Z",
            "2025-02-26T12:26:51Z",
            "2025-02-26T12:27:05Z",
            "2025-02-26T12:27:19Z",
            "2025-02-26T12:27:36Z",
            "2025-02-26T12:28:04Z",
            "2025-02-26T12:28:18Z",
            "2025-02-26T12:28:42Z",
            "2025-02-26T12:29:12Z",
            "2025-02-26T12:30:19Z",
            "2025-02-26T12:30:45Z",
            "2025-02-26T12:30:51Z",
            "2025-02-26T12:31:00Z",
            "2025-02-26T12:31:10Z",
            "2025-02-26T12:32:02Z",
            "2025-02-26T12:32:10Z",
            "2025-02-26T12:33:05Z",
            "2025-02-26T12:34:07Z",
            "2025-02-26T12:34:57Z",
            "2025-02-26T12:35:41Z",
            "2025-02-26T12:36:20Z",
            "2025-02-26T12:37:10Z",
            "2025-02-26T12:38:00Z",
            "2025-02-26T12:39:02Z",
            "2025-02-26T12:39:46Z",
            "2025-02-26T12:40:42Z",
            "2025-02-26T12:41:11Z",
            "2025-02-26T12:42:07Z",
            "2025-02-26T12:43:05Z",
            "2025-02-26T12:44:00Z",
            "2025-02-26T12:44:33Z",
            "2025-02-26T12:45:20Z",
            "2025-02-26T12:45:59Z",
            "2025-02-26T12:46:52Z",
            "2025-02-26T12:47:54Z",
            "2025-02-26T12:48:37Z",
            "2025-02-26T12:49:37Z",
            "2025-02-26T12:50:22Z",
            "2025-02-26T12:51:12Z",
            "2025-02-26T12:52:02Z",
            "2025-02-26T12:52:46Z",
            "2025-02-26T12:53:35Z",
            "2025-02-26T12:54:33Z",
            "2025-02-26T12:55:29Z",
            "2025-02-26T12:56:12Z",
            "2025-02-26T12:56:41Z",
            "2025-02-26T12:57:41Z",
            "2025-02-26T12:58:47Z",
            "2025-02-26T12:59:47Z",
            "2025-02-26T13:00:40Z",
            "2025-02-26T13:01:48Z",
            "2025-02-26T13:03:03Z",
            "2025-02-26T13:04:17Z",
            "2025-02-26T13:05:35Z",
            "2025-02-26T13:06:48Z",
            "2025-02-26T13:07:59Z",
            "2025-02-26T13:09:17Z",
            "2025-02-26T13:10:30Z",
            "2025-02-26T13:11:25Z",
            "2025-02-26T13:11:57Z",
            "2025-02-26T13:12:30Z",
            "2025-02-26T13:13:24Z",
            "2025-02-26T13:14:22Z",
            "2025-02-26T13:15:18Z",
            "2025-02-26T13:15:54Z",
            "2025-02-26T13:16:21Z",
            "2025-02-26T13:17:14Z",
            "2025-02-26T13:17:31Z",
            "2025-02-26T13:17:42Z",
            "2025-02-26T13:17:44Z",
            "2025-02-26T13:17:55Z",
            "2025-02-26T13:18:26Z",
            "2025-02-26T13:19:14Z",
            "2025-02-26T13:19:37Z",
            "2025-02-26T13:20:02Z",
            "2025-02-26T13:20:39Z",
            "2025-02-26T13:21:13Z",
            "2025-02-26T13:21:28Z",
            "2025-02-26T13:21:39Z",
            "2025-02-26T13:21:45Z",
            "2025-02-26T13:22:06Z",
            "2025-02-26T13:22:25Z",
            "2025-02-26T13:22:26Z",
            "2025-02-26T13:22:33Z",
            "2025-02-26T13:23:00Z",
            "2025-02-26T13:24:28Z",
            "2025-02-26T13:25:24Z",
            "2025-02-26T13:26:06Z",
            "2025-02-26T13:26:23Z",
            "2025-02-26T13:26:35Z",
            "2025-02-26T13:26:46Z",
            "2025-02-26T13:27:03Z",
            "2025-02-26T13:27:26Z",
            "2025-02-26T13:27:43Z",
            "2025-02-26T13:28:00Z",
            "2025-02-26T13:28:11Z",
            "2025-02-26T13:28:23Z",
            "2025-02-26T13:28:28Z",
            "2025-02-26T13:28:33Z",
            "2025-02-26T13:28:40Z",
            "2025-02-26T13:29:02Z",
            "2025-02-26T13:29:18Z",
            "2025-02-26T13:29:36Z",
            "2025-02-26T13:29:55Z",
            "2025-02-26T13:30:13Z",
            "2025-02-26T13:30:22Z",
            "2025-02-26T13:30:43Z",
            "2025-02-26T13:31:10Z",
            "2025-02-26T13:31:32Z",
            "2025-02-26T13:31:54Z",
            "2025-02-26T13:32:15Z",
            "2025-02-26T13:32:36Z",
            "2025-02-26T13:32:59Z",
            "2025-02-26T13:33:23Z",
            "2025-02-26T13:33:48Z",
            "2025-02-26T13:34:08Z",
            "2025-02-26T13:34:25Z",
            "2025-02-26T13:34:43Z",
            "2025-02-26T13:35:01Z",
            "2025-02-26T13:35:14Z",
            "2025-02-26T13:35:19Z",
            "2025-02-26T13:35:38Z",
            "2025-02-26T13:35:57Z",
            "2025-02-26T13:36:17Z",
            "2025-02-26T13:36:33Z",
            "2025-02-26T13:36:34Z",
            "2025-02-26T13:36:41Z",
            "2025-02-26T13:36:43Z",
            "2025-02-26T13:36:58Z",
            "2025-02-26T13:37:08Z",
            "2025-02-26T13:37:09Z",
            "2025-02-26T13:37:10Z",
            "2025-02-26T13:37:11Z",
            "2025-02-26T13:37:13Z",
            "2025-02-26T13:37:15Z",
            "2025-02-26T13:37:29Z",
            "2025-02-26T13:37:48Z",
            "2025-02-26T13:38:00Z",
            "2025-02-26T13:38:08Z",
            "2025-02-26T13:38:11Z",
            "2025-02-26T13:38:12Z",
            "2025-02-26T13:38:23Z",
            "2025-02-26T13:38:39Z",
            "2025-02-26T13:38:54Z",
            "2025-02-26T13:39:07Z",
            "2025-02-26T13:39:24Z",
            "2025-02-26T13:39:40Z",
            "2025-02-26T13:39:41Z",
            "2025-02-26T13:39:42Z",
            "2025-02-26T13:39:55Z",
            "2025-02-26T13:40:01Z",
            "2025-02-26T13:40:15Z",
            "2025-02-26T13:40:17Z",
            "2025-02-26T13:40:18Z",
            "2025-02-26T13:40:19Z",
            "2025-02-26T13:40:24Z",
            "2025-02-26T13:40:27Z",
            "2025-02-26T13:40:28Z",
            "2025-02-26T13:40:29Z",
            "2025-02-26T13:40:45Z",
            "2025-02-26T13:41:03Z",
            "2025-02-26T13:41:22Z",
            "2025-02-26T13:41:37Z",
            "2025-02-26T13:41:49Z",
            "2025-02-26T13:42:03Z",
            "2025-02-26T13:42:17Z",
            "2025-02-26T13:42:34Z",
            "2025-02-26T13:42:53Z",
            "2025-02-26T13:43:14Z",
            "2025-02-26T13:43:32Z",
            "2025-02-26T13:43:50Z",
            "2025-02-26T13:44:12Z",
            "2025-02-26T13:44:31Z",
            "2025-02-26T13:44:47Z",
            "2025-02-26T13:44:51Z",
            "2025-02-26T13:45:09Z",
            "2025-02-26T13:45:16Z",
            "2025-02-26T13:45:33Z",
            "2025-02-26T13:45:52Z",
            "2025-02-26T13:46:13Z",
            "2025-02-26T13:46:33Z",
            "2025-02-26T13:46:54Z",
            "2025-02-26T13:47:09Z",
            "2025-02-26T13:47:26Z",
            "2025-02-26T13:47:34Z",
            "2025-02-26T13:47:50Z",
            "2025-02-26T13:48:03Z",
            "2025-02-26T13:48:06Z",
            "2025-02-26T13:48:19Z",
            "2025-02-26T13:48:30Z",
            "2025-02-26T13:48:41Z",
            "2025-02-26T13:48:42Z",
            "2025-02-26T13:48:56Z",
            "2025-02-26T13:48:57Z",
            "2025-02-26T13:48:58Z",
            "2025-02-26T13:48:59Z",
            "2025-02-26T13:49:00Z",
            "2025-02-26T13:49:01Z",
            "2025-02-26T13:49:15Z",
            "2025-02-26T13:49:35Z",
            "2025-02-26T13:49:37Z",
            "2025-02-26T13:49:39Z",
            "2025-02-26T13:49:54Z",
            "2025-02-26T13:50:01Z",
            "2025-02-26T13:50:02Z",
            "2025-02-26T13:50:16Z",
            "2025-02-26T13:50:33Z",
            "2025-02-26T13:50:53Z",
            "2025-02-26T13:51:11Z",
            "2025-02-26T13:51:28Z",
            "2025-02-26T13:51:40Z",
            "2025-02-26T13:51:42Z",
            "2025-02-26T13:51:57Z",
            "2025-02-26T13:52:01Z",
            "2025-02-26T13:52:03Z",
            "2025-02-26T13:52:05Z",
            "2025-02-26T13:52:17Z",
            "2025-02-26T13:52:25Z",
            "2025-02-26T13:52:26Z",
            "2025-02-26T13:52:27Z",
            "2025-02-26T13:52:36Z",
            "2025-02-26T13:52:38Z",
            "2025-02-26T13:52:42Z",
            "2025-02-26T13:52:48Z",
            "2025-02-26T13:52:51Z",
            "2025-02-26T13:53:04Z",
            "2025-02-26T13:53:06Z",
            "2025-02-26T13:53:07Z",
            "2025-02-26T13:53:21Z",
            "2025-02-26T13:53:27Z",
            "2025-02-26T13:53:28Z",
            "2025-02-26T13:53:34Z",
            "2025-02-26T13:53:38Z",
            "2025-02-26T13:53:54Z",
            "2025-02-26T13:54:31Z",
            "2025-02-26T13:54:47Z",
            "2025-02-26T13:54:48Z",
            "2025-02-26T13:54:49Z",
            "2025-02-26T13:54:50Z",
            "2025-02-26T13:55:05Z",
            "2025-02-26T13:55:14Z",
            "2025-02-26T13:55:24Z",
            "2025-02-26T13:55:26Z",
            "2025-02-26T13:55:28Z",
            "2025-02-26T13:55:43Z",
            "2025-02-26T13:55:57Z",
            "2025-02-26T13:56:02Z",
            "2025-02-26T13:56:05Z",
            "2025-02-26T13:56:07Z",
            "2025-02-26T13:56:11Z",
            "2025-02-26T13:56:23Z",
            "2025-02-26T13:56:24Z",
            "2025-02-26T13:56:25Z",
            "2025-02-26T13:56:36Z",
            "2025-02-26T13:56:49Z",
            "2025-02-26T13:56:52Z",
            "2025-02-26T13:57:05Z",
            "2025-02-26T13:57:21Z",
            "2025-02-26T13:57:25Z",
            "2025-02-26T13:57:26Z",
            "2025-02-26T13:57:38Z",
            "2025-02-26T13:57:48Z",
            "2025-02-26T13:58:02Z",
            "2025-02-26T13:58:17Z",
            "2025-02-26T13:58:29Z",
            "2025-02-26T13:58:34Z",
            "2025-02-26T13:58:44Z",
            "2025-02-26T13:58:45Z",
            "2025-02-26T13:59:00Z",
            "2025-02-26T13:59:15Z",
            "2025-02-26T13:59:31Z",
            "2025-02-26T13:59:47Z",
            "2025-02-26T14:00:00Z",
            "2025-02-26T14:00:10Z",
            "2025-02-26T14:00:11Z",
            "2025-02-26T14:00:14Z",
            "2025-02-26T14:00:15Z",
            "2025-02-26T14:00:27Z",
            "2025-02-26T14:00:34Z",
            "2025-02-26T14:00:35Z",
            "2025-02-26T14:00:38Z",
            "2025-02-26T14:00:39Z",
            "2025-02-26T14:00:40Z",
            "2025-02-26T14:00:46Z",
            "2025-02-26T14:00:59Z",
            "2025-02-26T14:01:17Z",
            "2025-02-26T14:02:03Z",
            "2025-02-26T14:02:59Z",
            "2025-02-26T14:03:47Z",
            "2025-02-26T14:04:35Z",
            "2025-02-26T14:05:19Z",
            "2025-02-26T14:05:42Z",
            "2025-02-26T14:06:06Z",
            "2025-02-26T14:06:30Z",
            "2025-02-26T14:06:57Z",
            "2025-02-26T14:07:18Z",
            "2025-02-26T14:07:48Z",
            "2025-02-26T14:08:10Z",
            "2025-02-26T14:08:50Z",
            "2025-02-26T14:09:25Z",
            "2025-02-26T14:09:29Z",
            "2025-02-26T14:09:32Z",
            "2025-02-26T14:09:34Z",
            "2025-02-26T14:09:39Z",
            "2025-02-26T14:09:40Z",
            "2025-02-26T14:09:41Z",
            "2025-02-26T14:09:52Z",
            "2025-02-26T14:10:01Z",
            "2025-02-26T14:10:06Z",
            "2025-02-26T14:10:07Z",
            "2025-02-26T14:10:14Z",
            "2025-02-26T14:10:26Z",
            "2025-02-26T14:10:38Z",
            "2025-02-26T14:10:42Z",
            "2025-02-26T14:10:53Z",
            "2025-02-26T14:11:10Z",
            "2025-02-26T14:11:14Z",
            "2025-02-26T14:11:16Z",
            "2025-02-26T14:11:26Z",
            "2025-02-26T14:11:36Z",
            "2025-02-26T14:11:37Z",
            "2025-02-26T14:11:49Z",
            "2025-02-26T14:11:50Z",
            "2025-02-26T14:11:51Z",
            "2025-02-26T14:11:52Z",
            "2025-02-26T14:11:55Z",
            "2025-02-26T14:11:58Z",
            "2025-02-26T14:11:59Z",
            "2025-02-26T14:12:09Z",
            "2025-02-26T14:12:11Z",
            "2025-02-26T14:12:12Z",
            "2025-02-26T14:12:14Z",
            "2025-02-26T14:12:15Z",
            "2025-02-26T14:12:16Z",
            "2025-02-26T14:12:17Z",
            "2025-02-26T14:12:18Z",
            "2025-02-26T14:12:28Z",
            "2025-02-26T14:12:38Z",
            "2025-02-26T14:12:49Z",
            "2025-02-26T14:13:00Z",
            "2025-02-26T14:13:13Z",
            "2025-02-26T14:13:16Z",
            "2025-02-26T14:13:26Z",
            "2025-02-26T14:13:39Z",
            "2025-02-26T14:13:42Z",
            "2025-02-26T14:13:44Z",
            "2025-02-26T14:13:45Z",
            "2025-02-26T14:13:58Z",
            "2025-02-26T14:14:01Z",
            "2025-02-26T14:14:05Z",
            "2025-02-26T14:14:09Z",
            "2025-02-26T14:14:19Z",
            "2025-02-26T14:14:30Z",
            "2025-02-26T14:14:46Z",
            "2025-02-26T14:14:53Z",
            "2025-02-26T14:14:59Z",
            "2025-02-26T14:15:00Z",
            "2025-02-26T14:15:11Z",
            "2025-02-26T14:15:15Z",
            "2025-02-26T14:15:27Z",
            "2025-02-26T14:15:32Z",
            "2025-02-26T14:15:33Z",
            "2025-02-26T14:15:35Z",
            "2025-02-26T14:15:40Z",
            "2025-02-26T14:15:43Z",
            "2025-02-26T14:15:46Z",
            "2025-02-26T14:15:54Z",
            "2025-02-26T14:16:00Z",
            "2025-02-26T14:16:04Z",
            "2025-02-26T14:16:10Z",
            "2025-02-26T14:16:11Z",
            "2025-02-26T14:16:12Z",
            "2025-02-26T14:16:25Z",
            "2025-02-26T14:16:32Z",
            "2025-02-26T14:16:34Z",
            "2025-02-26T14:16:35Z",
            "2025-02-26T14:16:36Z",
            "2025-02-26T14:16:37Z",
            "2025-02-26T14:16:38Z",
            "2025-02-26T14:16:43Z",
            "2025-02-26T14:16:46Z",
            "2025-02-26T14:16:48Z",
            "2025-02-26T14:16:49Z",
            "2025-02-26T14:16:50Z",
            "2025-02-26T14:17:01Z",
            "2025-02-26T14:17:05Z",
            "2025-02-26T14:17:11Z",
            "2025-02-26T14:17:13Z",
            "2025-02-26T14:17:22Z",
            "2025-02-26T14:17:26Z",
            "2025-02-26T14:17:32Z",
            "2025-02-26T14:17:35Z",
            "2025-02-26T14:17:48Z",
            "2025-02-26T14:18:01Z",
            "2025-02-26T14:18:10Z",
            "2025-02-26T14:18:21Z",
            "2025-02-26T14:18:30Z",
            "2025-02-26T14:18:43Z",
            "2025-02-26T14:18:57Z",
            "2025-02-26T14:19:10Z",
            "2025-02-26T14:19:18Z",
            "2025-02-26T14:19:50Z",
            "2025-02-26T14:20:16Z",
            "2025-02-26T14:20:38Z",
            "2025-02-26T14:21:05Z",
            "2025-02-26T14:21:17Z",
            "2025-02-26T14:21:39Z",
            "2025-02-26T14:21:55Z",
            "2025-02-26T14:22:13Z",
            "2025-02-26T14:22:30Z",
            "2025-02-26T14:22:58Z",
            "2025-02-26T14:23:28Z",
            "2025-02-26T14:23:44Z",
            "2025-02-26T14:23:46Z",
            "2025-02-26T14:23:57Z",
            "2025-02-26T14:24:06Z",
            "2025-02-26T14:24:07Z",
            "2025-02-26T14:24:13Z",
            "2025-02-26T14:24:14Z",
            "2025-02-26T14:24:22Z",
            "2025-02-26T14:24:24Z",
            "2025-02-26T14:24:37Z",
            "2025-02-26T14:24:39Z",
            "2025-02-26T14:24:52Z",
            "2025-02-26T14:25:19Z",
            "2025-02-26T14:25:48Z",
            "2025-02-26T14:25:51Z",
            "2025-02-26T14:25:56Z",
            "2025-02-26T14:25:57Z",
            "2025-02-26T14:26:08Z",
            "2025-02-26T14:26:21Z",
            "2025-02-26T14:26:26Z",
            "2025-02-26T14:26:28Z",
            "2025-02-26T14:26:33Z",
            "2025-02-26T14:26:35Z",
            "2025-02-26T14:26:36Z",
            "2025-02-26T14:26:47Z",
            "2025-02-26T14:26:48Z",
            "2025-02-26T14:26:49Z",
            "2025-02-26T14:26:50Z",
            "2025-02-26T14:26:51Z",
            "2025-02-26T14:26:59Z",
            "2025-02-26T14:27:00Z",
            "2025-02-26T14:27:10Z",
            "2025-02-26T14:27:22Z",
            "2025-02-26T14:27:25Z",
            "2025-02-26T14:27:30Z",
            "2025-02-26T14:27:31Z",
            "2025-02-26T14:27:34Z",
            "2025-02-26T14:27:35Z",
            "2025-02-26T14:27:36Z",
            "2025-02-26T14:27:37Z",
            "2025-02-26T14:27:38Z",
            "2025-02-26T14:27:39Z",
            "2025-02-26T14:27:40Z",
            "2025-02-26T14:27:41Z",
            "2025-02-26T14:27:53Z",
            "2025-02-26T14:27:54Z",
            "2025-02-26T14:27:57Z",
            "2025-02-26T14:28:07Z",
            "2025-02-26T14:28:12Z",
            "2025-02-26T14:28:13Z",
            "2025-02-26T14:28:25Z",
            "2025-02-26T14:28:26Z",
            "2025-02-26T14:28:31Z",
            "2025-02-26T14:28:32Z",
            "2025-02-26T14:28:33Z",
            "2025-02-26T14:28:43Z",
            "2025-02-26T14:28:46Z",
            "2025-02-26T14:28:47Z",
            "2025-02-26T14:28:48Z",
            "2025-02-26T14:28:53Z",
            "2025-02-26T14:28:54Z",
            "2025-02-26T14:28:58Z",
            "2025-02-26T14:28:59Z",
            "2025-02-26T14:29:00Z",
            "2025-02-26T14:29:11Z",
            "2025-02-26T14:29:17Z",
            "2025-02-26T14:29:20Z",
            "2025-02-26T14:29:21Z",
            "2025-02-26T14:29:24Z",
            "2025-02-26T14:29:34Z",
            "2025-02-26T14:29:43Z",
            "2025-02-26T14:29:44Z",
            "2025-02-26T14:29:55Z",
            "2025-02-26T14:30:09Z",
            "2025-02-26T14:30:26Z",
            "2025-02-26T14:30:53Z",
            "2025-02-26T14:31:13Z",
            "2025-02-26T14:31:28Z",
            "2025-02-26T14:31:29Z",
            "2025-02-26T14:31:30Z",
            "2025-02-26T14:31:31Z",
            "2025-02-26T14:31:39Z",
            "2025-02-26T14:31:52Z",
            "2025-02-26T14:32:04Z",
            "2025-02-26T14:33:10Z",
            "2025-02-26T14:34:32Z",
            "2025-02-26T14:36:18Z",
            "2025-02-26T14:37:55Z",
            "2025-02-26T14:39:33Z",
            "2025-02-26T14:41:07Z",
            "2025-02-26T14:42:03Z",
            "2025-02-26T14:42:06Z",
            "2025-02-26T14:42:19Z",
            "2025-02-26T14:42:21Z",
            "2025-02-26T14:42:24Z",
            "2025-02-26T14:42:34Z",
            "2025-02-26T14:42:36Z",
            "2025-02-26T14:42:37Z",
            "2025-02-26T14:42:50Z",
            "2025-02-26T14:42:54Z",
            "2025-02-26T14:42:56Z",
            "2025-02-26T14:42:57Z",
            "2025-02-26T14:42:58Z",
            "2025-02-26T14:42:59Z",
            "2025-02-26T14:43:00Z",
            "2025-02-26T14:43:01Z",
            "2025-02-26T14:43:02Z",
            "2025-02-26T14:43:03Z",
            "2025-02-26T14:43:04Z",
            "2025-02-26T14:43:05Z",
            "2025-02-26T14:43:16Z",
            "2025-02-26T14:43:18Z",
            "2025-02-26T14:43:19Z",
            "2025-02-26T14:43:20Z",
            "2025-02-26T14:43:21Z",
            "2025-02-26T14:43:22Z",
            "2025-02-26T14:43:24Z",
            "2025-02-26T14:43:25Z",
            "2025-02-26T14:43:26Z",
            "2025-02-26T14:43:27Z",
            "2025-02-26T14:43:28Z",
            "2025-02-26T14:43:29Z",
            "2025-02-26T14:43:30Z",
            "2025-02-26T14:43:31Z",
            "2025-02-26T14:43:32Z",
            "2025-02-26T14:43:33Z",
            "2025-02-26T14:43:34Z",
            "2025-02-26T14:43:35Z",
            "2025-02-26T14:43:36Z",
            "2025-02-26T14:43:37Z",
            "2025-02-26T14:43:38Z",
            "2025-02-26T14:43:39Z",
            "2025-02-26T14:43:40Z",
            "2025-02-26T14:43:41Z",
            "2025-02-26T14:43:54Z",
            "2025-02-26T14:44:04Z",
            "2025-02-26T14:44:05Z",
            "2025-02-26T14:44:06Z",
            "2025-02-26T14:44:11Z",
            "2025-02-26T14:44:12Z",
            "2025-02-26T14:44:13Z",
            "2025-02-26T14:44:14Z",
            "2025-02-26T14:44:15Z",
            "2025-02-26T14:44:19Z",
            "2025-02-26T14:44:20Z",
            "2025-02-26T14:44:21Z",
            "2025-02-26T14:44:22Z",
            "2025-02-26T14:44:23Z",
            "2025-02-26T14:44:24Z",
            "2025-02-26T14:44:25Z",
            "2025-02-26T14:44:26Z",
            "2025-02-26T14:44:29Z",
            "2025-02-26T14:44:30Z",
            "2025-02-26T14:44:31Z",
            "2025-02-26T14:44:33Z",
            "2025-02-26T14:44:34Z",
            "2025-02-26T14:44:35Z",
            "2025-02-26T14:44:36Z",
            "2025-02-26T14:44:37Z",
            "2025-02-26T14:44:38Z",
            "2025-02-26T14:44:39Z",
            "2025-02-26T14:44:43Z",
            "2025-02-26T14:44:44Z",
            "2025-02-26T14:44:56Z",
            "2025-02-26T14:44:57Z",
            "2025-02-26T14:44:59Z",
            "2025-02-26T14:45:00Z",
            "2025-02-26T14:45:06Z",
            "2025-02-26T14:45:07Z",
            "2025-02-26T14:45:08Z",
            "2025-02-26T14:45:09Z",
            "2025-02-26T14:45:19Z",
            "2025-02-26T14:45:23Z",
            "2025-02-26T14:45:24Z",
            "2025-02-26T14:45:25Z",
            "2025-02-26T14:45:26Z",
            "2025-02-26T14:45:27Z",
            "2025-02-26T14:45:35Z",
            "2025-02-26T14:45:36Z",
            "2025-02-26T14:45:37Z",
            "2025-02-26T14:45:40Z",
            "2025-02-26T14:45:44Z",
            "2025-02-26T14:45:53Z",
            "2025-02-26T14:45:54Z",
            "2025-02-26T14:45:56Z",
            "2025-02-26T14:45:57Z",
            "2025-02-26T14:45:58Z",
            "2025-02-26T14:45:59Z",
            "2025-02-26T14:46:12Z",
            "2025-02-26T14:46:19Z",
            "2025-02-26T14:46:20Z",
            "2025-02-26T14:46:21Z",
            "2025-02-26T14:46:35Z",
            "2025-02-26T14:46:36Z",
            "2025-02-26T14:46:38Z",
            "2025-02-26T14:46:39Z",
            "2025-02-26T14:46:40Z",
            "2025-02-26T14:46:41Z",
            "2025-02-26T14:46:42Z",
            "2025-02-26T14:46:43Z",
            "2025-02-26T14:46:44Z",
            "2025-02-26T14:46:45Z",
            "2025-02-26T14:46:48Z",
            "2025-02-26T14:46:49Z",
            "2025-02-26T14:46:50Z",
            "2025-02-26T14:46:51Z",
            "2025-02-26T14:46:52Z",
            "2025-02-26T14:46:56Z",
            "2025-02-26T14:47:08Z",
            "2025-02-26T14:47:20Z",
            "2025-02-26T14:47:21Z",
            "2025-02-26T14:47:25Z",
            "2025-02-26T14:47:31Z",
            "2025-02-26T14:47:35Z",
            "2025-02-26T14:47:40Z",
            "2025-02-26T14:47:41Z",
            "2025-02-26T14:47:47Z",
            "2025-02-26T14:47:51Z",
            "2025-02-26T14:47:56Z",
            "2025-02-26T14:48:09Z",
            "2025-02-26T14:48:18Z",
            "2025-02-26T14:48:21Z",
            "2025-02-26T14:48:22Z",
            "2025-02-26T14:48:29Z",
            "2025-02-26T14:48:30Z",
            "2025-02-26T14:48:31Z",
            "2025-02-26T14:48:45Z",
            "2025-02-26T14:48:46Z",
            "2025-02-26T14:48:50Z",
            "2025-02-26T14:48:55Z",
            "2025-02-26T14:48:56Z",
            "2025-02-26T14:49:11Z",
            "2025-02-26T14:49:25Z",
            "2025-02-26T14:49:39Z",
            "2025-02-26T14:49:52Z",
            "2025-02-26T14:50:06Z",
            "2025-02-26T14:50:33Z",
            "2025-02-26T14:50:58Z",
            "2025-02-26T14:51:18Z",
            "2025-02-26T14:51:19Z",
            "2025-02-26T14:51:20Z",
            "2025-02-26T14:51:21Z",
            "2025-02-26T14:51:22Z",
            "2025-02-26T14:51:34Z",
            "2025-02-26T14:51:36Z",
            "2025-02-26T14:51:37Z",
            "2025-02-26T14:51:55Z",
            "2025-02-26T14:51:59Z",
            "2025-02-26T14:52:13Z",
            "2025-02-26T14:52:30Z",
            "2025-02-26T14:52:32Z",
            "2025-02-26T14:52:34Z",
            "2025-02-26T14:52:37Z",
            "2025-02-26T14:52:38Z",
            "2025-02-26T14:52:43Z",
            "2025-02-26T14:52:49Z",
            "2025-02-26T14:52:50Z",
            "2025-02-26T14:52:51Z",
            "2025-02-26T14:52:58Z",
            "2025-02-26T14:52:59Z",
            "2025-02-26T14:53:00Z",
            "2025-02-26T14:53:08Z",
            "2025-02-26T14:53:09Z",
            "2025-02-26T14:53:10Z",
            "2025-02-26T14:53:24Z",
            "2025-02-26T14:53:27Z",
            "2025-02-26T14:53:28Z",
            "2025-02-26T14:53:29Z",
            "2025-02-26T14:53:30Z",
            "2025-02-26T14:53:31Z",
            "2025-02-26T14:53:32Z",
            "2025-02-26T14:53:33Z",
            "2025-02-26T14:53:34Z",
            "2025-02-26T14:53:35Z",
            "2025-02-26T14:53:36Z",
            "2025-02-26T14:53:37Z",
            "2025-02-26T14:53:38Z",
            "2025-02-26T14:53:39Z",
            "2025-02-26T14:53:42Z",
            "2025-02-26T14:53:56Z",
            "2025-02-26T14:54:10Z",
            "2025-02-26T14:54:15Z",
            "2025-02-26T14:54:16Z",
            "2025-02-26T14:54:17Z",
            "2025-02-26T14:54:18Z",
            "2025-02-26T14:54:19Z",
            "2025-02-26T14:54:20Z",
            "2025-02-26T14:54:21Z",
            "2025-02-26T14:54:22Z",
            "2025-02-26T14:54:29Z",
            "2025-02-26T14:54:30Z",
            "2025-02-26T14:54:44Z",
            "2025-02-26T14:54:52Z",
            "2025-02-26T14:55:06Z",
            "2025-02-26T14:55:18Z",
            "2025-02-26T14:55:32Z",
            "2025-02-26T14:55:48Z",
            "2025-02-26T14:55:52Z",
            "2025-02-26T14:55:53Z",
            "2025-02-26T14:55:54Z",
            "2025-02-26T14:55:55Z",
            "2025-02-26T14:55:56Z",
            "2025-02-26T14:55:57Z",
            "2025-02-26T14:55:58Z",
            "2025-02-26T14:55:59Z",
            "2025-02-26T14:56:00Z",
            "2025-02-26T14:56:01Z",
            "2025-02-26T14:56:02Z",
            "2025-02-26T14:56:03Z",
            "2025-02-26T14:56:18Z",
            "2025-02-26T14:56:20Z",
            "2025-02-26T14:56:26Z",
            "2025-02-26T14:56:27Z",
            "2025-02-26T14:56:31Z",
            "2025-02-26T14:56:42Z",
            "2025-02-26T14:56:52Z",
            "2025-02-26T14:56:53Z",
            "2025-02-26T14:57:09Z",
            "2025-02-26T14:57:25Z",
            "2025-02-26T14:57:41Z",
            "2025-02-26T14:57:55Z",
            "2025-02-26T14:57:56Z",
            "2025-02-26T14:57:57Z",
            "2025-02-26T14:58:13Z",
            "2025-02-26T14:58:19Z",
            "2025-02-26T14:58:29Z",
            "2025-02-26T14:58:45Z",
            "2025-02-26T14:59:04Z",
            "2025-02-26T14:59:16Z",
            "2025-02-26T14:59:22Z",
            "2025-02-26T14:59:26Z",
            "2025-02-26T14:59:33Z",
            "2025-02-26T14:59:46Z",
            "2025-02-26T15:00:00Z",
            "2025-02-26T15:00:07Z",
            "2025-02-26T15:00:08Z",
            "2025-02-26T15:00:10Z",
            "2025-02-26T15:00:23Z",
            "2025-02-26T15:00:24Z",
            "2025-02-26T15:00:28Z",
            "2025-02-26T15:00:29Z",
            "2025-02-26T15:00:42Z",
            "2025-02-26T15:00:58Z",
            "2025-02-26T15:00:59Z",
            "2025-02-26T15:01:00Z",
            "2025-02-26T15:01:01Z",
            "2025-02-26T15:01:02Z",
            "2025-02-26T15:01:10Z",
            "2025-02-26T15:01:19Z",
            "2025-02-26T15:01:20Z",
            "2025-02-26T15:01:30Z",
            "2025-02-26T15:01:31Z",
            "2025-02-26T15:01:32Z",
            "2025-02-26T15:01:34Z",
            "2025-02-26T15:01:52Z",
            "2025-02-26T15:01:59Z",
            "2025-02-26T15:02:07Z",
            "2025-02-26T15:02:20Z",
            "2025-02-26T15:02:35Z",
            "2025-02-26T15:02:50Z",
            "2025-02-26T15:02:54Z",
            "2025-02-26T15:02:58Z",
            "2025-02-26T15:02:59Z",
            "2025-02-26T15:03:00Z",
            "2025-02-26T15:03:02Z",
            "2025-02-26T15:03:08Z",
            "2025-02-26T15:03:11Z",
            "2025-02-26T15:03:25Z",
            "2025-02-26T15:03:30Z",
            "2025-02-26T15:03:31Z",
            "2025-02-26T15:03:48Z",
            "2025-02-26T15:04:02Z",
            "2025-02-26T15:04:05Z",
            "2025-02-26T15:04:06Z",
            "2025-02-26T15:04:07Z",
            "2025-02-26T15:04:23Z",
            "2025-02-26T15:04:24Z",
            "2025-02-26T15:04:41Z",
            "2025-02-26T15:04:44Z",
            "2025-02-26T15:04:52Z",
            "2025-02-26T15:05:08Z",
            "2025-02-26T15:05:24Z",
            "2025-02-26T15:05:37Z",
            "2025-02-26T15:05:50Z",
            "2025-02-26T15:05:53Z",
            "2025-02-26T15:06:00Z",
            "2025-02-26T15:06:14Z",
            "2025-02-26T15:06:27Z",
            "2025-02-26T15:06:43Z",
            "2025-02-26T15:07:00Z",
            "2025-02-26T15:07:15Z",
            "2025-02-26T15:08:22Z",
            "2025-02-26T15:09:39Z",
            "2025-02-26T15:11:14Z",
            "2025-02-26T15:12:29Z",
            "2025-02-26T15:13:01Z",
            "2025-02-26T15:14:17Z",
            "2025-02-26T15:14:58Z",
            "2025-02-26T15:15:20Z",
            "2025-02-26T15:15:35Z",
            "2025-02-26T15:15:46Z",
            "2025-02-26T15:15:47Z",
            "2025-02-26T15:15:51Z",
            "2025-02-26T15:15:58Z",
            "2025-02-26T15:15:59Z",
            "2025-02-26T15:16:12Z",
            "2025-02-26T15:16:15Z",
            "2025-02-26T15:16:16Z",
            "2025-02-26T15:16:22Z",
            "2025-02-26T15:16:27Z",
            "2025-02-26T15:16:28Z",
            "2025-02-26T15:16:32Z",
            "2025-02-26T15:16:38Z",
            "2025-02-26T15:16:48Z",
            "2025-02-26T15:16:58Z",
            "2025-02-26T15:17:11Z",
            "2025-02-26T15:17:16Z",
            "2025-02-26T15:17:21Z",
            "2025-02-26T15:17:22Z",
            "2025-02-26T15:17:35Z",
            "2025-02-26T15:17:37Z",
            "2025-02-26T15:17:41Z",
            "2025-02-26T15:17:44Z",
            "2025-02-26T15:17:47Z",
            "2025-02-26T15:17:54Z",
            "2025-02-26T15:17:55Z",
            "2025-02-26T15:17:56Z",
            "2025-02-26T15:17:57Z",
            "2025-02-26T15:17:58Z",
            "2025-02-26T15:18:02Z",
            "2025-02-26T15:18:03Z",
            "2025-02-26T15:18:04Z",
            "2025-02-26T15:18:16Z",
            "2025-02-26T15:18:21Z",
            "2025-02-26T15:18:22Z",
            "2025-02-26T15:18:23Z",
            "2025-02-26T15:18:24Z",
            "2025-02-26T15:18:36Z",
            "2025-02-26T15:18:49Z",
            "2025-02-26T15:18:50Z",
            "2025-02-26T15:18:51Z",
            "2025-02-26T15:18:52Z",
            "2025-02-26T15:18:53Z",
            "2025-02-26T15:18:54Z",
            "2025-02-26T15:18:59Z",
            "2025-02-26T15:19:00Z",
            "2025-02-26T15:19:01Z",
            "2025-02-26T15:19:02Z",
            "2025-02-26T15:19:12Z",
            "2025-02-26T15:19:20Z",
            "2025-02-26T15:19:21Z",
            "2025-02-26T15:19:24Z",
            "2025-02-26T15:19:26Z",
            "2025-02-26T15:19:40Z",
            "2025-02-26T15:19:46Z",
            "2025-02-26T15:19:54Z",
            "2025-02-26T15:19:55Z",
            "2025-02-26T15:20:10Z",
            "2025-02-26T15:20:24Z",
            "2025-02-26T15:20:35Z",
            "2025-02-26T15:20:36Z",
            "2025-02-26T15:20:37Z",
            "2025-02-26T15:20:48Z",
            "2025-02-26T15:20:49Z",
            "2025-02-26T15:20:50Z",
            "2025-02-26T15:20:51Z",
            "2025-02-26T15:20:52Z",
            "2025-02-26T15:21:04Z",
            "2025-02-26T15:21:08Z",
            "2025-02-26T15:21:21Z",
            "2025-02-26T15:21:36Z",
            "2025-02-26T15:22:00Z",
            "2025-02-26T15:22:01Z",
            "2025-02-26T15:22:05Z",
            "2025-02-26T15:22:11Z",
            "2025-02-26T15:22:29Z",
            "2025-02-26T15:22:40Z",
            "2025-02-26T15:22:55Z",
            "2025-02-26T15:23:01Z",
            "2025-02-26T15:23:15Z",
            "2025-02-26T15:23:28Z",
            "2025-02-26T15:23:56Z",
            "2025-02-26T15:24:24Z",
            "2025-02-26T15:24:56Z",
            "2025-02-26T15:25:03Z",
            "2025-02-26T15:25:04Z",
            "2025-02-26T15:25:18Z",
            "2025-02-26T15:25:23Z",
            "2025-02-26T15:25:27Z",
            "2025-02-26T15:25:36Z",
            "2025-02-26T15:25:50Z",
            "2025-02-26T15:25:54Z",
            "2025-02-26T15:26:01Z",
            "2025-02-26T15:26:10Z",
            "2025-02-26T15:26:27Z",
            "2025-02-26T15:26:42Z",
            "2025-02-26T15:26:55Z",
            "2025-02-26T15:27:04Z",
            "2025-02-26T15:27:08Z",
            "2025-02-26T15:27:27Z",
            "2025-02-26T15:27:46Z",
            "2025-02-26T15:27:48Z",
            "2025-02-26T15:27:50Z",
            "2025-02-26T15:27:53Z",
            "2025-02-26T15:27:56Z",
            "2025-02-26T15:28:11Z",
            "2025-02-26T15:28:31Z",
            "2025-02-26T15:28:57Z",
            "2025-02-26T15:29:35Z",
            "2025-02-26T15:29:49Z",
            "2025-02-26T15:30:03Z",
            "2025-02-26T15:30:26Z",
            "2025-02-26T15:30:47Z",
            "2025-02-26T15:31:02Z",
            "2025-02-26T15:31:17Z",
            "2025-02-26T15:31:29Z",
            "2025-02-26T15:31:32Z",
            "2025-02-26T15:31:37Z",
            "2025-02-26T15:31:50Z",
            "2025-02-26T15:31:54Z",
            "2025-02-26T15:32:10Z",
            "2025-02-26T15:32:12Z",
            "2025-02-26T15:32:18Z",
            "2025-02-26T15:32:31Z",
            "2025-02-26T15:32:44Z",
            "2025-02-26T15:32:45Z",
            "2025-02-26T15:32:54Z",
            "2025-02-26T15:33:10Z",
            "2025-02-26T15:33:22Z",
            "2025-02-26T15:33:36Z",
            "2025-02-26T15:33:48Z",
            "2025-02-26T15:34:00Z",
            "2025-02-26T15:34:14Z",
            "2025-02-26T15:34:49Z",
            "2025-02-26T15:35:21Z",
            "2025-02-26T15:36:01Z",
            "2025-02-26T15:36:31Z",
            "2025-02-26T15:37:00Z",
            "2025-02-26T15:37:39Z",
            "2025-02-26T15:38:09Z",
            "2025-02-26T15:38:24Z",
            "2025-02-26T15:38:26Z",
            "2025-02-26T15:38:28Z",
            "2025-02-26T15:38:37Z",
            "2025-02-26T15:38:51Z",
            "2025-02-26T15:39:04Z",
            "2025-02-26T15:39:05Z",
            "2025-02-26T15:39:07Z",
            "2025-02-26T15:39:12Z",
            "2025-02-26T15:39:22Z",
            "2025-02-26T15:39:25Z",
            "2025-02-26T15:39:28Z",
            "2025-02-26T15:39:35Z",
            "2025-02-26T15:39:41Z",
            "2025-02-26T15:39:57Z",
            "2025-02-26T15:40:03Z",
            "2025-02-26T15:40:05Z",
            "2025-02-26T15:40:08Z",
            "2025-02-26T15:40:24Z",
            "2025-02-26T15:40:27Z",
            "2025-02-26T15:40:40Z",
            "2025-02-26T15:40:51Z",
            "2025-02-26T15:40:55Z",
            "2025-02-26T15:40:59Z",
            "2025-02-26T15:41:16Z",
            "2025-02-26T15:41:26Z",
            "2025-02-26T15:41:41Z",
            "2025-02-26T15:41:42Z",
            "2025-02-26T15:41:50Z",
            "2025-02-26T15:41:58Z",
            "2025-02-26T15:42:02Z",
            "2025-02-26T15:42:05Z",
            "2025-02-26T15:42:11Z",
            "2025-02-26T15:42:13Z",
            "2025-02-26T15:42:16Z",
            "2025-02-26T15:42:34Z",
            "2025-02-26T15:42:49Z",
            "2025-02-26T15:43:05Z",
            "2025-02-26T15:43:17Z",
            "2025-02-26T15:43:30Z",
            "2025-02-26T15:43:45Z",
            "2025-02-26T15:43:48Z",
            "2025-02-26T15:44:01Z",
            "2025-02-26T15:44:20Z",
            "2025-02-26T15:44:45Z",
            "2025-02-26T15:45:18Z",
            "2025-02-26T15:45:47Z",
            "2025-02-26T15:46:10Z",
            "2025-02-26T15:46:25Z",
            "2025-02-26T15:46:36Z",
            "2025-02-26T15:46:38Z",
            "2025-02-26T15:46:42Z",
            "2025-02-26T15:46:44Z",
            "2025-02-26T15:46:47Z",
            "2025-02-26T15:46:53Z",
            "2025-02-26T15:46:54Z",
            "2025-02-26T15:47:08Z",
            "2025-02-26T15:47:22Z",
            "2025-02-26T15:47:24Z",
            "2025-02-26T15:47:42Z",
            "2025-02-26T15:47:50Z",
            "2025-02-26T15:48:01Z",
            "2025-02-26T15:48:14Z",
            "2025-02-26T15:48:33Z",
            "2025-02-26T15:48:52Z",
            "2025-02-26T15:49:13Z",
            "2025-02-26T15:49:29Z",
            "2025-02-26T15:49:45Z",
            "2025-02-26T15:50:03Z",
            "2025-02-26T15:50:22Z",
            "2025-02-26T15:50:28Z",
            "2025-02-26T15:50:31Z",
            "2025-02-26T15:50:45Z",
            "2025-02-26T15:50:58Z",
            "2025-02-26T15:51:01Z",
            "2025-02-26T15:51:12Z",
            "2025-02-26T15:51:17Z",
            "2025-02-26T15:51:31Z",
            "2025-02-26T15:51:44Z",
            "2025-02-26T15:51:59Z",
            "2025-02-26T15:52:03Z",
            "2025-02-26T15:52:09Z",
            "2025-02-26T15:52:24Z",
            "2025-02-26T15:52:35Z",
            "2025-02-26T15:52:46Z",
            "2025-02-26T15:52:52Z",
            "2025-02-26T15:52:59Z",
            "2025-02-26T15:53:03Z",
            "2025-02-26T15:53:19Z",
            "2025-02-26T15:53:35Z",
            "2025-02-26T15:53:51Z",
            "2025-02-26T15:53:54Z",
            "2025-02-26T15:53:58Z",
            "2025-02-26T15:54:02Z",
            "2025-02-26T15:54:04Z",
            "2025-02-26T15:54:16Z",
            "2025-02-26T15:54:18Z",
            "2025-02-26T15:54:33Z",
            "2025-02-26T15:54:44Z",
            "2025-02-26T15:54:51Z",
            "2025-02-26T15:55:05Z",
            "2025-02-26T15:55:10Z",
            "2025-02-26T15:55:26Z",
            "2025-02-26T15:55:40Z",
            "2025-02-26T15:55:50Z",
            "2025-02-26T15:56:01Z",
            "2025-02-26T15:56:09Z",
            "2025-02-26T15:56:13Z",
            "2025-02-26T15:56:19Z",
            "2025-02-26T15:56:30Z",
            "2025-02-26T15:56:44Z",
            "2025-02-26T15:56:45Z",
            "2025-02-26T15:56:48Z",
            "2025-02-26T15:56:57Z",
            "2025-02-26T15:57:03Z",
            "2025-02-26T15:57:18Z",
            "2025-02-26T15:57:23Z",
            "2025-02-26T15:57:39Z",
            "2025-02-26T15:58:01Z",
            "2025-02-26T15:58:23Z",
            "2025-02-26T15:58:35Z",
            "2025-02-26T15:58:51Z",
            "2025-02-26T15:59:06Z",
            "2025-02-26T15:59:11Z",
            "2025-02-26T15:59:30Z",
            "2025-02-26T15:59:31Z",
            "2025-02-26T15:59:46Z",
            "2025-02-26T15:59:53Z",
            "2025-02-26T15:59:59Z",
            "2025-02-26T16:00:02Z",
            "2025-02-26T16:00:04Z",
            "2025-02-26T16:00:07Z",
            "2025-02-26T16:00:22Z",
            "2025-02-26T16:00:43Z",
            "2025-02-26T16:00:57Z",
            "2025-02-26T16:01:05Z",
            "2025-02-26T16:01:19Z",
            "2025-02-26T16:01:36Z",
            "2025-02-26T16:01:47Z",
            "2025-02-26T16:01:54Z",
            "2025-02-26T16:02:00Z",
            "2025-02-26T16:02:09Z",
            "2025-02-26T16:02:11Z",
            "2025-02-26T16:02:29Z",
            "2025-02-26T16:02:42Z",
            "2025-02-26T16:02:50Z",
            "2025-02-26T16:02:53Z",
            "2025-02-26T16:02:58Z",
            "2025-02-26T16:02:59Z",
            "2025-02-26T16:03:00Z",
            "2025-02-26T16:03:01Z",
            "2025-02-26T16:03:02Z",
            "2025-02-26T16:03:11Z",
            "2025-02-26T16:03:13Z",
            "2025-02-26T16:03:16Z",
            "2025-02-26T16:03:17Z",
            "2025-02-26T16:03:18Z",
            "2025-02-26T16:03:19Z",
            "2025-02-26T16:03:20Z",
            "2025-02-26T16:03:21Z",
            "2025-02-26T16:03:22Z",
            "2025-02-26T16:03:26Z",
            "2025-02-26T16:03:27Z",
            "2025-02-26T16:03:28Z",
            "2025-02-26T16:03:29Z",
            "2025-02-26T16:03:30Z",
            "2025-02-26T16:03:31Z",
            "2025-02-26T16:03:32Z",
            "2025-02-26T16:03:33Z",
            "2025-02-26T16:03:43Z",
            "2025-02-26T16:03:44Z",
            "2025-02-26T16:03:45Z",
            "2025-02-26T16:03:46Z",
            "2025-02-26T16:03:47Z",
            "2025-02-26T16:03:51Z",
            "2025-02-26T16:04:07Z",
            "2025-02-26T16:04:19Z",
            "2025-02-26T16:04:22Z",
            "2025-02-26T16:04:23Z",
            "2025-02-26T16:04:24Z",
            "2025-02-26T16:04:25Z",
            "2025-02-26T16:04:26Z",
            "2025-02-26T16:04:27Z",
            "2025-02-26T16:04:29Z",
            "2025-02-26T16:04:30Z",
            "2025-02-26T16:04:31Z",
            "2025-02-26T16:04:32Z",
            "2025-02-26T16:04:33Z",
            "2025-02-26T16:04:34Z",
            "2025-02-26T16:04:52Z",
            "2025-02-26T16:05:06Z",
            "2025-02-26T16:05:07Z",
            "2025-02-26T16:05:08Z",
            "2025-02-26T16:05:09Z",
            "2025-02-26T16:05:10Z",
            "2025-02-26T16:05:20Z",
            "2025-02-26T16:05:22Z",
            "2025-02-26T16:05:23Z",
            "2025-02-26T16:05:41Z",
            "2025-02-26T16:05:50Z",
            "2025-02-26T16:05:51Z",
            "2025-02-26T16:05:52Z",
            "2025-02-26T16:05:53Z",
            "2025-02-26T16:05:54Z",
            "2025-02-26T16:05:55Z",
            "2025-02-26T16:06:11Z",
            "2025-02-26T16:06:14Z",
            "2025-02-26T16:06:15Z",
            "2025-02-26T16:06:19Z",
            "2025-02-26T16:06:20Z",
            "2025-02-26T16:06:33Z",
            "2025-02-26T16:06:48Z",
            "2025-02-26T16:07:05Z",
            "2025-02-26T16:07:08Z",
            "2025-02-26T16:07:10Z",
            "2025-02-26T16:07:23Z",
            "2025-02-26T16:07:24Z",
            "2025-02-26T16:07:25Z",
            "2025-02-26T16:07:26Z",
            "2025-02-26T16:07:27Z",
            "2025-02-26T16:07:28Z",
            "2025-02-26T16:07:29Z",
            "2025-02-26T16:07:30Z",
            "2025-02-26T16:07:31Z",
            "2025-02-26T16:07:32Z",
            "2025-02-26T16:07:48Z",
            "2025-02-26T16:08:00Z",
            "2025-02-26T16:08:07Z",
            "2025-02-26T16:08:17Z",
            "2025-02-26T16:08:18Z",
            "2025-02-26T16:08:19Z",
            "2025-02-26T16:08:20Z",
            "2025-02-26T16:08:21Z",
            "2025-02-26T16:08:37Z",
            "2025-02-26T16:08:43Z",
            "2025-02-26T16:08:44Z",
            "2025-02-26T16:08:45Z",
            "2025-02-26T16:08:46Z",
            "2025-02-26T16:08:47Z",
            "2025-02-26T16:08:52Z",
            "2025-02-26T16:08:59Z",
            "2025-02-26T16:09:00Z",
            "2025-02-26T16:09:01Z",
            "2025-02-26T16:09:02Z",
            "2025-02-26T16:09:03Z",
            "2025-02-26T16:09:04Z",
            "2025-02-26T16:09:09Z",
            "2025-02-26T16:09:10Z",
            "2025-02-26T16:09:12Z",
            "2025-02-26T16:09:15Z",
            "2025-02-26T16:09:16Z",
            "2025-02-26T16:09:17Z",
            "2025-02-26T16:09:34Z",
            "2025-02-26T16:09:42Z",
            "2025-02-26T16:09:43Z",
            "2025-02-26T16:09:50Z",
            "2025-02-26T16:10:01Z",
            "2025-02-26T16:10:09Z",
            "2025-02-26T16:10:10Z",
            "2025-02-26T16:10:26Z",
            "2025-02-26T16:10:32Z",
            "2025-02-26T16:10:46Z",
            "2025-02-26T16:10:54Z",
            "2025-02-26T16:11:00Z",
            "2025-02-26T16:11:01Z",
            "2025-02-26T16:11:05Z",
            "2025-02-26T16:11:09Z",
            "2025-02-26T16:11:10Z",
            "2025-02-26T16:11:11Z",
            "2025-02-26T16:11:12Z",
            "2025-02-26T16:11:27Z",
            "2025-02-26T16:11:42Z",
            "2025-02-26T16:11:47Z",
            "2025-02-26T16:11:48Z",
            "2025-02-26T16:11:49Z",
            "2025-02-26T16:12:05Z",
            "2025-02-26T16:12:24Z",
            "2025-02-26T16:12:42Z",
            "2025-02-26T16:13:12Z",
            "2025-02-26T16:13:48Z",
            "2025-02-26T16:14:16Z",
            "2025-02-26T16:14:44Z",
            "2025-02-26T16:15:09Z",
            "2025-02-26T16:15:13Z",
            "2025-02-26T16:15:18Z",
            "2025-02-26T16:15:28Z",
            "2025-02-26T16:15:44Z",
            "2025-02-26T16:15:59Z",
            "2025-02-26T16:16:03Z",
            "2025-02-26T16:16:04Z",
            "2025-02-26T16:16:05Z",
            "2025-02-26T16:16:06Z",
            "2025-02-26T16:16:07Z",
            "2025-02-26T16:16:08Z",
            "2025-02-26T16:16:09Z",
            "2025-02-26T16:16:10Z",
            "2025-02-26T16:16:24Z",
            "2025-02-26T16:16:25Z",
            "2025-02-26T16:16:38Z",
            "2025-02-26T16:16:42Z",
            "2025-02-26T16:16:56Z",
            "2025-02-26T16:17:00Z",
            "2025-02-26T16:17:03Z",
            "2025-02-26T16:17:11Z",
            "2025-02-26T16:17:18Z",
            "2025-02-26T16:17:26Z",
            "2025-02-26T16:17:40Z",
            "2025-02-26T16:17:41Z",
            "2025-02-26T16:17:42Z",
            "2025-02-26T16:17:43Z",
            "2025-02-26T16:17:44Z",
            "2025-02-26T16:17:45Z",
            "2025-02-26T16:18:00Z",
            "2025-02-26T16:18:16Z",
            "2025-02-26T16:18:32Z",
            "2025-02-26T16:18:45Z",
            "2025-02-26T16:18:47Z",
            "2025-02-26T16:19:02Z",
            "2025-02-26T16:19:17Z",
            "2025-02-26T16:19:39Z",
            "2025-02-26T16:19:46Z",
            "2025-02-26T16:19:47Z",
            "2025-02-26T16:20:06Z",
            "2025-02-26T16:20:29Z",
            "2025-02-26T16:20:50Z",
            "2025-02-26T16:21:10Z",
            "2025-02-26T16:21:26Z",
            "2025-02-26T16:21:29Z",
            "2025-02-26T16:21:34Z",
            "2025-02-26T16:21:44Z",
            "2025-02-26T16:21:45Z",
            "2025-02-26T16:22:00Z",
            "2025-02-26T16:22:23Z",
            "2025-02-26T16:22:43Z",
            "2025-02-26T16:23:04Z",
            "2025-02-26T16:23:26Z",
            "2025-02-26T16:23:45Z",
            "2025-02-26T16:24:04Z",
            "2025-02-26T16:24:24Z",
            "2025-02-26T16:24:37Z",
            "2025-02-26T16:24:38Z",
            "2025-02-26T16:24:39Z",
            "2025-02-26T16:24:41Z",
            "2025-02-26T16:24:49Z",
            "2025-02-26T16:24:50Z",
            "2025-02-26T16:25:05Z",
            "2025-02-26T16:25:07Z",
            "2025-02-26T16:25:08Z",
            "2025-02-26T16:25:22Z",
            "2025-02-26T16:25:32Z",
            "2025-02-26T16:25:33Z",
            "2025-02-26T16:25:46Z",
            "2025-02-26T16:25:50Z",
            "2025-02-26T16:26:03Z",
            "2025-02-26T16:26:19Z",
            "2025-02-26T16:26:31Z",
            "2025-02-26T16:26:48Z",
            "2025-02-26T16:26:49Z",
            "2025-02-26T16:26:50Z",
            "2025-02-26T16:26:53Z",
            "2025-02-26T16:26:54Z",
            "2025-02-26T16:27:07Z",
            "2025-02-26T16:27:12Z",
            "2025-02-26T16:27:19Z",
            "2025-02-26T16:27:34Z",
            "2025-02-26T16:27:53Z",
            "2025-02-26T16:28:13Z",
            "2025-02-26T16:28:34Z",
            "2025-02-26T16:28:48Z",
            "2025-02-26T16:29:07Z",
            "2025-02-26T16:29:20Z",
            "2025-02-26T16:29:24Z",
            "2025-02-26T16:29:26Z",
            "2025-02-26T16:29:27Z",
            "2025-02-26T16:29:40Z",
            "2025-02-26T16:29:45Z",
            "2025-02-26T16:30:00Z",
            "2025-02-26T16:30:15Z",
            "2025-02-26T16:30:20Z",
            "2025-02-26T16:30:21Z",
            "2025-02-26T16:30:22Z",
            "2025-02-26T16:30:23Z",
            "2025-02-26T16:30:24Z",
            "2025-02-26T16:30:40Z",
            "2025-02-26T16:30:41Z",
            "2025-02-26T16:30:49Z",
            "2025-02-26T16:30:50Z",
            "2025-02-26T16:31:08Z",
            "2025-02-26T16:31:12Z",
            "2025-02-26T16:31:30Z",
            "2025-02-26T16:31:41Z",
            "2025-02-26T16:31:47Z",
            "2025-02-26T16:31:50Z",
            "2025-02-26T16:31:57Z",
            "2025-02-26T16:31:58Z",
            "2025-02-26T16:32:05Z",
            "2025-02-26T16:32:07Z",
            "2025-02-26T16:32:08Z",
            "2025-02-26T16:32:09Z",
            "2025-02-26T16:32:23Z",
            "2025-02-26T16:32:41Z",
            "2025-02-26T16:33:00Z",
            "2025-02-26T16:33:19Z",
            "2025-02-26T16:33:31Z",
            "2025-02-26T16:33:51Z",
            "2025-02-26T16:34:10Z",
            "2025-02-26T16:34:30Z",
            "2025-02-26T16:34:41Z",
            "2025-02-26T16:34:45Z",
            "2025-02-26T16:35:05Z",
            "2025-02-26T16:35:23Z",
            "2025-02-26T16:35:42Z",
            "2025-02-26T16:36:01Z",
            "2025-02-26T16:36:19Z",
            "2025-02-26T16:36:38Z",
            "2025-02-26T16:36:51Z",
            "2025-02-26T16:37:07Z",
            "2025-02-26T16:37:24Z",
            "2025-02-26T16:37:38Z",
            "2025-02-26T16:37:54Z",
            "2025-02-26T16:38:09Z",
            "2025-02-26T16:38:23Z",
            "2025-02-26T16:38:40Z",
            "2025-02-26T16:38:54Z",
            "2025-02-26T16:38:55Z",
            "2025-02-26T16:38:56Z",
            "2025-02-26T16:38:57Z",
            "2025-02-26T16:38:58Z",
            "2025-02-26T16:39:13Z",
            "2025-02-26T16:39:22Z",
            "2025-02-26T16:39:23Z",
            "2025-02-26T16:39:39Z",
            "2025-02-26T16:39:57Z",
            "2025-02-26T16:40:12Z",
            "2025-02-26T16:40:31Z",
            "2025-02-26T16:40:54Z",
            "2025-02-26T16:41:47Z",
            "2025-02-26T16:41:48Z",
            "2025-02-26T16:42:05Z",
            "2025-02-26T16:42:22Z",
            "2025-02-26T16:42:26Z",
            "2025-02-26T16:42:27Z",
            "2025-02-26T16:42:28Z",
            "2025-02-26T16:42:29Z",
            "2025-02-26T16:42:47Z",
            "2025-02-26T16:43:06Z",
            "2025-02-26T16:43:24Z",
            "2025-02-26T16:43:43Z",
            "2025-02-26T16:44:03Z",
            "2025-02-26T16:44:18Z",
            "2025-02-26T16:44:39Z",
            "2025-02-26T16:44:59Z",
            "2025-02-26T16:45:18Z",
            "2025-02-26T16:45:23Z",
            "2025-02-26T16:45:42Z",
            "2025-02-26T16:45:57Z"
          ]
        }
      },
      "geometry": {
        "type": "LineString",
        "coordinates": [
          [18.479176070541143, 63.08384360745549, 44.46],
          [18.479169951751828, 63.08383145369589, 45.12],
          [18.479160564020276, 63.08384729549289, 44.65],
          [18.47915578633547, 63.083850229159, 44.8],
          [18.47917590290308, 63.08385433629155, 46.32],
          [18.4792198240757, 63.08384411036968, 45.69],
          [18.47930045798421, 63.08380672708154, 45.31],
          [18.479290399700403, 63.08380605652928, 45.52],
          [18.479283610358834, 63.08381410315633, 45.22],
          [18.479279167950153, 63.08381116949022, 45.22],
          [18.47927313297987, 63.08381527662277, 45.27],
          [18.4793234243989, 63.08381946757436, 45.84],
          [18.479388300329447, 63.0838190484792, 45.33],
          [18.479497516527772, 63.083835896104574, 44.61],
          [18.47977504134178, 63.083886774256825, 42.74],
          [18.480059187859297, 63.083942933008075, 41.82],
          [18.480163207277656, 63.08395500294864, 41.21],
          [18.480409467592835, 63.08401317335665, 40.25],
          [18.480572495609522, 63.08405198156834, 40.18],
          [18.480790173634887, 63.084102272987366, 38.32],
          [18.481062753126025, 63.08413680642843, 37.47],
          [18.481262074783444, 63.08416463434696, 36.07],
          [18.481647977605462, 63.08418609201908, 34.01],
          [18.48186439834535, 63.08417812921107, 32.28],
          [18.482176959514618, 63.08418952859938, 30.4],
          [18.482429003342986, 63.084164801985025, 28.6],
          [18.482807027176023, 63.08412046171725, 26.19],
          [18.483317736536264, 63.084098836407065, 24.68],
          [18.483726102858782, 63.08415725827217, 23.07],
          [18.483896674588323, 63.08418760076165, 21.99],
          [18.484281236305833, 63.084272341802716, 19.15],
          [18.48447368480265, 63.08433344587684, 17.92],
          [18.484533950686455, 63.08433570899069, 18.16],
          [18.48460402339697, 63.08435859158635, 18.12],
          [18.484791526570916, 63.08446764014661, 17.16],
          [18.485044492408633, 63.08455749414861, 15.47],
          [18.485242053866386, 63.084620190784335, 14.4],
          [18.485270803794265, 63.08463259600103, 14.02],
          [18.485351102426648, 63.08465614914894, 13.25],
          [18.485393598675728, 63.08466880582273, 13.46],
          [18.485460737720132, 63.08468238450587, 12.24],
          [18.485677745193243, 63.08474633842707, 10.96],
          [18.485732562839985, 63.084755474701524, 11.26],
          [18.485871786251664, 63.08478958904743, 10.56],
          [18.486003885045648, 63.084830325096846, 9.64],
          [18.486105892807245, 63.08486871421337, 9.65],
          [18.486363971605897, 63.08497575111687, 7.97],
          [18.486534459516406, 63.08503735810518, 7.02],
          [18.486634707078338, 63.08507482521236, 7.23],
          [18.48677217029035, 63.08513584546745, 7.54],
          [18.486798154190183, 63.08517364785075, 7.67],
          [18.486819863319397, 63.08519166894257, 7.04],
          [18.486897312104702, 63.08525470085442, 7.73],
          [18.486996302381158, 63.08530440554023, 7.76],
          [18.48701004870236, 63.08533382602036, 7.6],
          [18.487121360376477, 63.08542728424072, 7.34],
          [18.487180871888995, 63.0854819342494, 7.34],
          [18.48725002259016, 63.0855543538928, 6.71],
          [18.48730525933206, 63.085617050528526, 6.12],
          [18.487384719774127, 63.08566331863403, 5.77],
          [18.48745428957045, 63.08571645990014, 5.98],
          [18.487499384209514, 63.08575174771249, 5.88],
          [18.487560153007507, 63.08577856980264, 5.84],
          [18.487608013674617, 63.0858048889786, 6.02],
          [18.487652353942394, 63.08583506383002, 5.7],
          [18.487844550982118, 63.085953667759895, 4.64],
          [18.488074131309986, 63.08608375489712, 3.65],
          [18.488194327801466, 63.086123652756214, 3.38],
          [18.48843337967992, 63.08626656420529, 3.28],
          [18.48872900940478, 63.086331356316805, 2.79],
          [18.48898080177605, 63.08638005517423, 2.16],
          [18.489022376015782, 63.08638307265937, 2.44],
          [18.489166712388396, 63.08637645095587, 2.12],
          [18.48925245925784, 63.08636974543333, 2.41],
          [18.48929738625884, 63.08636521920562, 2.35],
          [18.489639284089208, 63.08639455586672, 1.7],
          [18.489959053695202, 63.08639304712415, 0.41],
          [18.49013390019536, 63.086398327723145, -0.15],
          [18.49057604558766, 63.08643369935453, -0.6],
          [18.490875950083137, 63.08648248203099, -1.64],
          [18.491354640573263, 63.08656454086304, -1.73],
          [18.491640128195286, 63.08660754002631, -2.35],
          [18.492095097899437, 63.086647018790245, -2.5],
          [18.49234990775585, 63.08666445314884, -3.31],
          [18.49242844618857, 63.08666822500527, -3.08],
          [18.492568926885724, 63.08666964992881, -2.93],
          [18.49299916997552, 63.08661852031946, -3.84],
          [18.49316295236349, 63.086580550298095, -5.02],
          [18.493344420567155, 63.08651827275753, -4.73],
          [18.49342237226665, 63.086498407647014, -4.94],
          [18.493636278435588, 63.08651232160628, -4.5],
          [18.49370526149869, 63.086508801206946, -4.47],
          [18.49400038830936, 63.08649723418057, -5.16],
          [18.494003070518374, 63.0864973179996, -4.81],
          [18.494077250361443, 63.08649882674217, -5.53],
          [18.494177497923374, 63.08648759499192, -5.05],
          [18.49459072574973, 63.086419282481074, -5.55],
          [18.49484922364354, 63.08637745678425, -6.28],
          [18.495001019909978, 63.08637167327106, -6.31],
          [18.49507343955338, 63.08636588975787, -7.15],
          [18.495125826448202, 63.08634568937123, -6.78],
          [18.49513060413301, 63.086360944435, -7.89],
          [18.495078971609473, 63.086371002718806, -6.63],
          [18.494971096515656, 63.08636974543333, -6.56],
          [18.494955589994788, 63.08636639267206, -6.63],
          [18.49495709873736, 63.086372930556536, -6.96],
          [18.49496254697442, 63.08637024834752, -6.77],
          [18.494928600266576, 63.0863625369966, -6.64],
          [18.494924996048212, 63.086384581401944, -6.1],
          [18.494907058775425, 63.08640637435019, -6.46],
          [18.494909573346376, 63.08640897274017, -7.14],
          [18.4949117526412, 63.0865110643208, -6.19],
          [18.49495081230998, 63.086631931364536, -5.58],
          [18.494888031855226, 63.08673519641161, -6.17],
          [18.494780156761408, 63.08682907372713, -5.34],
          [18.494784012436867, 63.086842903867364, -5.58],
          [18.495038989931345, 63.0869117192924, -5.93],
          [18.495368231087923, 63.08703375980258, -2.82],
          [18.49564709700644, 63.0871313251555, -1.93],
          [18.495802832767367, 63.08719544671476, 1.09],
          [18.495931746438146, 63.087220676243305, 1.5],
          [18.496408592909575, 63.087233919650316, -1.2],
          [18.496764237061143, 63.08733584359288, -0.87],
          [18.497067242860794, 63.08739929459989, -2.11],
          [18.497318951413035, 63.08743936009705, -2.93],
          [18.49771734327078, 63.08751689270139, -3.5],
          [18.498193435370922, 63.08760590851307, -3.36],
          [18.498458974063396, 63.087643794715405, -3.82],
          [18.49875275976956, 63.08769375085831, -3.32],
          [18.498944118618965, 63.08778511360288, -3.4],
          [18.4991426859051, 63.08789097703993, -3.48],
          [18.499412750825286, 63.08797429315746, -4.79],
          [18.499908121302724, 63.08792266063392, -6.29],
          [18.500352445989847, 63.087840266525745, -7.3],
          [18.500542799010873, 63.08781327679753, -7.5],
          [18.500696355476975, 63.08781512081623, -7.94],
          [18.500798363238573, 63.08783113025129, -7.74],
          [18.500871704891324, 63.087838338688016, -6.94],
          [18.500894336029887, 63.08794118463993, -6.33],
          [18.500896180048585, 63.08802860789001, -6.22],
          [18.50088276900351, 63.088006898760796, -5.07],
          [18.500871201977134, 63.08797144331038, -6.13],
          [18.500889893621206, 63.0879791546613, -5.27],
          [18.50091051310301, 63.08792852796614, -5.27],
          [18.5010439530015, 63.08788846246898, -5.84],
          [18.501119557768106, 63.08791377581656, -5.62],
          [18.501220643520355, 63.08800840750337, -4.79],
          [18.501454163342714, 63.08812013827264, -6.26],
          [18.501699334010482, 63.08818241581321, -5.35],
          [18.502089846879244, 63.08821627870202, -4.97],
          [18.50236468948424, 63.088180320337415, -5.8],
          [18.502506846562028, 63.08812282048166, -6.19],
          [18.50278495810926, 63.08802190236747, -6.85],
          [18.502779928967357, 63.08801888488233, -6.88],
          [18.50278839468956, 63.08800304308534, -6.67],
          [18.502783700823784, 63.08799533173442, -6.84],
          [18.50271706469357, 63.08797630481422, -6.72],
          [18.502711867913604, 63.08795744553208, -7.24],
          [18.50266912020743, 63.087949231266975, -5.96],
          [18.502725111320615, 63.08798317797482, -6.05],
          [18.502773558720946, 63.08800756931305, -6.33],
          [18.50278889760375, 63.08800044469535, -6.43],
          [18.502781186252832, 63.088015699759126, -6.76],
          [18.50278210826218, 63.08799767866731, -6.66],
          [18.50277221761644, 63.08801293373108, -6.46],
          [18.50272251293063, 63.08800564147532, -6.17],
          [18.502724608406425, 63.088016621768475, -6.36],
          [18.502731565386057, 63.088009748607874, -6.14],
          [18.502749670296907, 63.08800606057048, -6.63],
          [18.502746652811766, 63.08799927122891, -7.05],
          [18.502669958397746, 63.088031290099025, -6.93],
          [18.50265788845718, 63.088035229593515, -5.82],
          [18.502670964226127, 63.088050400838256, -6.13],
          [18.502698792144656, 63.08802969753742, -6.14],
          [18.502739863470197, 63.088007904589176, -7.38],
          [18.502708515152335, 63.08800673112273, -6.96],
          [18.502700300887227, 63.08800899423659, -5.85],
          [18.5027052462101, 63.088000528514385, -6.84],
          [18.502718238160014, 63.087994158267975, -6.24],
          [18.502723183482885, 63.088002456352115, -6.11],
          [18.502705497667193, 63.08800765313208, -6.44],
          [18.502685967832804, 63.0880066473037, -6.13],
          [18.502672305330634, 63.08800614438951, -6.84],
          [18.502693260088563, 63.08799549937248, -6.03],
          [18.502710442990065, 63.08799725957215, -5.83],
          [18.502728966996074, 63.08798694983125, -5.7],
          [18.502718154340982, 63.08798518963158, -5.53],
          [18.502706000581384, 63.08799206279218, -5.19],
          [18.50273567251861, 63.08799013495445, -5.22],
          [18.502722345292568, 63.087984351441264, -5.18],
          [18.502729972824454, 63.08799499645829, -5.06],
          [18.502753525972366, 63.08799239806831, -5.27],
          [18.502730559557676, 63.087995080277324, -5.51],
          [18.502738941460848, 63.08799994178116, -6.17],
          [18.502727039158344, 63.087998516857624, -5.84],
          [18.502724021673203, 63.08799885213375, -4.69],
          [18.502726703882217, 63.0879944935441, -4.75],
          [18.502773558720946, 63.08800061233342, -4.8],
          [18.50278403609991, 63.08800706639886, -4.75],
          [18.5027639195323, 63.08799306862056, -4.26],
          [18.50275419652462, 63.08798057958484, -4.27],
          [18.502782694995403, 63.087989799678326, -4.46],
          [18.50287288427353, 63.08798032812774, -4.28],
          [18.502882858738303, 63.087987788021564, -3.29],
          [18.502893336117268, 63.08797060512006, -3.72],
          [18.50287347100675, 63.08798904530704, -4.13],
          [18.502881852909923, 63.08797286823392, -3.5],
          [18.50288763642311, 63.087967839092016, -3.41],
          [18.50288026034832, 63.087953673675656, -2.53],
          [18.502872297540307, 63.08797052130103, -2.3],
          [18.50289098918438, 63.08795786462724, -2.98],
          [18.502875147387385, 63.08796574361622, -2.95],
          [18.50285184569657, 63.087973119691014, -2.49],
          [18.502886211499572, 63.08798016048968, -3.47],
          [18.502883026376367, 63.08798158541322, -1.97],
          [18.502858551219106, 63.08799248188734, -2.56],
          [18.5028519295156, 63.08799575082958, -2.76],
          [18.502831310033798, 63.08800865896046, -3.22],
          [18.50285142660141, 63.08800362981856, -2.71],
          [18.502829298377037, 63.087995080277324, -2.97],
          [18.502821335569024, 63.08800555765629, -3.31],
          [18.502850253134966, 63.08799994178116, -3.26],
          [18.502843966707587, 63.087995164096355, -2.96],
          [18.502840362489223, 63.087990805506706, -2.63],
          [18.502863245084882, 63.0879857763648, -2.9],
          [18.502863999456167, 63.08799399062991, -2.66],
          [18.502881433814764, 63.087988290935755, -2.6],
          [18.502848157659173, 63.08798041194677, -2.64],
          [18.50282007828355, 63.08799256570637, -2.86],
          [18.502751933410764, 63.0880275182426, -2.94],
          [18.502762326970696, 63.08799239806831, -2.93],
          [18.502801805734634, 63.08798116631806, -3.5],
          [18.50279971025884, 63.08799424208701, -2.49],
          [18.502816390246153, 63.08796415105462, -3.16],
          [18.50282561033964, 63.08795979246497, -2.72],
          [18.502824436873198, 63.08796314522624, -2.85],
          [18.502808762714267, 63.087962390854955, -1.51],
          [18.502791579812765, 63.08795979246497, -1.8],
          [18.5028035659343, 63.08796498924494, -1.82],
          [18.50279384292662, 63.08797303587198, -2.45],
          [18.502780348062515, 63.08798477053642, -2.62],
          [18.502767188474536, 63.088001953437924, -2.88],
          [18.50279426202178, 63.08799424208701, -2.4],
          [18.502829801291227, 63.08798770420253, -1.73],
          [18.50280549377203, 63.088003881275654, -1.68],
          [18.50282452069223, 63.08800010941923, -1.71],
          [18.50282217375934, 63.08797873556614, -1.63],
          [18.50283139385283, 63.087998097762465, -1.53],
          [18.502868693321943, 63.08798527345061, -1.98],
          [18.50289543159306, 63.087993236258626, -1.39],
          [18.50287246517837, 63.08800597675145, -2.01],
          [18.50302149541676, 63.08803397230804, -1.54],
          [18.50316859781742, 63.08813028037548, -0.6],
          [18.503236742690206, 63.08816934004426, -0.61],
          [18.503347719088197, 63.08819624595344, 1.52],
          [18.50345056504011, 63.088245280086994, 1.45],
          [18.5036170296371, 63.08824838139117, 2.77],
          [18.503918778151274, 63.088240921497345, 1.65],
          [18.504407443106174, 63.08823773637414, 1.6],
          [18.504878170788288, 63.08820093981922, 1.39],
          [18.505399441346526, 63.08816305361688, 0.21],
          [18.505563475191593, 63.088161712512374, -0.19],
          [18.505698340013623, 63.08817856013775, -0.01],
          [18.505768664181232, 63.08822549879551, -0.03],
          [18.505865139886737, 63.08823488652706, -0.88],
          [18.505882490426302, 63.088271263986826, -0.9],
          [18.505771849304438, 63.08831602334976, 0.89],
          [18.505651904270053, 63.088371846824884, 1.18],
          [18.505552327260375, 63.088365560397506, 1.51],
          [18.505550315603614, 63.08836564421654, 1.84],
          [18.505484433844686, 63.08835315518081, 1.68],
          [18.50575969554484, 63.088274197652936, -0.3],
          [18.50599179044366, 63.08823497034609, -2.94],
          [18.506189603358507, 63.08820655569434, -1.77],
          [18.506538458168507, 63.088233629241586, -1.84],
          [18.506827214732766, 63.0882984213531, -1.94],
          [18.506935760378838, 63.08832566253841, -0.01],
          [18.507422916591167, 63.08842347934842, 0.88],
          [18.507905546575785, 63.08845952153206, 0.29],
          [18.50838465616107, 63.08853487484157, 2.59],
          [18.508818754926324, 63.08856999501586, 2.99],
          [18.508853456005454, 63.088573012501, 2.5],
          [18.509098207578063, 63.08858424425125, 2.79],
          [18.509154617786407, 63.088593715801835, 2.63],
          [18.509568348526955, 63.08864467777312, 1.98],
          [18.50984117947519, 63.08869027532637, 1.31],
          [18.509866576641798, 63.08869153261185, 1.97],
          [18.509888034313917, 63.088698824867606, 1.55],
          [18.509912844747305, 63.088707793504, 1.37],
          [18.509963303804398, 63.08872086927295, 2.02],
          [18.51000345312059, 63.08873671106994, 2.05],
          [18.510257424786687, 63.08882706798613, 2.37],
          [18.510668640956283, 63.08896201662719, 1.9],
          [18.51091766729951, 63.089045751839876, 1.16],
          [18.511109445244074, 63.089093025773764, 0.72],
          [18.511174572631717, 63.089118925854564, 0.55],
          [18.511200472712517, 63.089128229767084, 0.33],
          [18.511455869302154, 63.089224034920335, -0.76],
          [18.511733142659068, 63.0893796030432, 0.73],
          [18.51211879402399, 63.08950432576239, 0.65],
          [18.512380560860038, 63.08955545537174, 0.28],
          [18.51274223998189, 63.08966173790395, -0.51],
          [18.513134848326445, 63.08971378952265, -1.4],
          [18.513166531920433, 63.08971940539777, -1.36],
          [18.51319469511509, 63.08972694911063, -1.81],
          [18.513505663722754, 63.08980733156204, -0.86],
          [18.513633236289024, 63.08983314782381, -2.14],
          [18.51402240805328, 63.089865166693926, -2.19],
          [18.514087116345763, 63.089866591617465, -2.05],
          [18.51412408053875, 63.08986055664718, -2.01],
          [18.514155680313706, 63.089856281876564, -2.51],
          [18.514284174889326, 63.089858712628484, -1.98],
          [18.514380482956767, 63.089862149208784, -1.93],
          [18.514415016397834, 63.089861227199435, -3.07],
          [18.514456506818533, 63.08986634016037, -3.04],
          [18.514862274751067, 63.08989425189793, -1.97],
          [18.51528304629028, 63.089927695691586, -1.97],
          [18.51568713784218, 63.0899668391794, -3.48],
          [18.515807166695595, 63.08996172621846, -4.22],
          [18.516059713438153, 63.08997865766287, -4.78],
          [18.516433462500572, 63.09003163129091, -4.08],
          [18.5166185349226, 63.0900426954031, -4.04],
          [18.516793297603726, 63.09006314724684, -5.14],
          [18.51711348630488, 63.09014545753598, -4.53],
          [18.51752202026546, 63.090336648747325, -5.01],
          [18.51790708489716, 63.09044687077403, -4.42],
          [18.518326682969928, 63.090543849393725, -3.55],
          [18.518826914951205, 63.09061392210424, -2.72],
          [18.51912807673216, 63.09067762456834, -3.72],
          [18.51935782469809, 63.090726155787706, -4.1],
          [18.51944616995752, 63.090738309547305, -3.68],
          [18.51976677775383, 63.09076429344714, -4.7],
          [18.519858894869685, 63.090753983706236, -5.12],
          [18.520103814080358, 63.09075431898236, -5.11],
          [18.520404640585184, 63.09080972336233, -2.6],
          [18.520798003301024, 63.090855153277516, -0.97],
          [18.521291026845574, 63.09087635949254, -2.33],
          [18.521837275475264, 63.090942995622754, -2.9],
          [18.52207791991532, 63.091074004769325, -1.39],
          [18.522264920175076, 63.09121700003743, -1.16],
          [18.522369442507625, 63.09126821346581, -1.19],
          [18.522525932639837, 63.09141146019101, -2.25],
          [18.52264034561813, 63.091520592570305, -1.8],
          [18.522673454135656, 63.09155420400202, -1.97],
          [18.52281720377505, 63.091703401878476, -2.83],
          [18.522911332547665, 63.09181060642004, -3.03],
          [18.522942764684558, 63.09192937798798, -3.03],
          [18.52293798699975, 63.09193910099566, -3.4],
          [18.523071762174368, 63.092075223103166, -3.83],
          [18.5230855923146, 63.09208729304373, -4.12],
          [18.523100009188056, 63.09210539795458, -4.79],
          [18.52310311049223, 63.09211989864707, -4.42],
          [18.52310847491026, 63.09213884174824, -4.67],
          [18.52311970666051, 63.09215510264039, -4.69],
          [18.5232893563807, 63.092283848673105, -5.5],
          [18.523412570357323, 63.09244628995657, -6.41],
          [18.52341483347118, 63.09246892109513, -6.35],
          [18.523429166525602, 63.09249071404338, -6.42],
          [18.523531425744295, 63.092642426490784, -7.11],
          [18.523667631670833, 63.09270570985973, -7.18],
          [18.523686574772, 63.092720126733184, -7.39],
          [18.523872066289186, 63.09290846809745, -8.22],
          [18.52393719367683, 63.09306537732482, -8.22],
          [18.524097623303533, 63.093208372592926, -8.63],
          [18.524269117042422, 63.093315325677395, -8.83],
          [18.52429434657097, 63.09337232261896, -8.82],
          [18.524340530857444, 63.093410544097424, -9.61],
          [18.524354780092835, 63.09343007393181, -10.28],
          [18.524426948279142, 63.09356267563999, -9.77],
          [18.52450699545443, 63.09359511360526, -10.76],
          [18.52453038096428, 63.09361623600125, -10.53],
          [18.5245552752167, 63.09363693930209, -10.5],
          [18.52469902485609, 63.09374590404332, -10.56],
          [18.524784268811345, 63.093813797459006, -11.17],
          [18.524800445884466, 63.09382922016084, -11],
          [18.524818886071444, 63.09384279884398, -11.27],
          [18.524920139461756, 63.09392728842795, -11.53],
          [18.524951739236712, 63.093953439965844, -11.58],
          [18.525012508034706, 63.09400658123195, -11.27],
          [18.52513966150582, 63.094084449112415, -11.6],
          [18.52522239089012, 63.0941026378423, -12.14],
          [18.525456665083766, 63.094152845442295, -12.28],
          [18.52549212053418, 63.09416374191642, -12.77],
          [18.52551450021565, 63.09417128562927, -12.73],
          [18.525792947039008, 63.09424345381558, -11.37],
          [18.525915909558535, 63.094277903437614, -10.24],
          [18.525935942307115, 63.09428636915982, -10.05],
          [18.526070304214954, 63.09432132169604, -9.68],
          [18.52614875882864, 63.09434219263494, -9.63],
          [18.526330813765526, 63.094358118250966, -10.3],
          [18.52637305855751, 63.094383934512734, -10.74],
          [18.526394851505756, 63.09445895254612, -10.66],
          [18.526400551199913, 63.09446909464896, -10.27],
          [18.526408094912767, 63.0944808293134, -10.05],
          [18.526421170681715, 63.09449155814946, -10.11],
          [18.52652108296752, 63.09460110962391, -9.74],
          [18.526617474853992, 63.0946690030396, -9.95],
          [18.526777485385537, 63.09474075213075, -10.81],
          [18.526833644136786, 63.094746535643935, -11.12],
          [18.526887875050306, 63.09475164860487, -11.32],
          [18.527144361287355, 63.094862373545766, -10.74],
          [18.52719540707767, 63.09492708183825, -9.78],
          [18.527274280786514, 63.09497502632439, -9.92],
          [18.52735131047666, 63.09499212540686, -9.92],
          [18.52740311063826, 63.095001094043255, -9.92],
          [18.527491372078657, 63.095036298036575, -9.86],
          [18.527683820575476, 63.095132019370794, -10.07],
          [18.527704188600183, 63.09513914398849, -9.94],
          [18.527723802253604, 63.095146771520376, -10.04],
          [18.527914322912693, 63.09522572904825, -9.89],
          [18.528150944039226, 63.09533905237913, -9.95],
          [18.52818245999515, 63.09537090361118, -9.98],
          [18.528255634009838, 63.095510210841894, -9.71],
          [18.528391756117344, 63.095705760642886, -9.27],
          [18.5284077655524, 63.09576133266091, -9.05],
          [18.52841405197978, 63.09577482752502, -9.06],
          [18.528509521856904, 63.0958966165781, -9.96],
          [18.52855092845857, 63.09602075256407, -10.27],
          [18.52863642387092, 63.0962039809674, -10.31],
          [18.528695348650217, 63.09634571895003, -9.96],
          [18.528872961178422, 63.09647211804986, -10.31],
          [18.528960132971406, 63.09651670977473, -11.23],
          [18.52915233001113, 63.09658954851329, -11.1],
          [18.529166663065553, 63.096601786091924, -11.11],
          [18.529348550364375, 63.09677177108824, -11.33],
          [18.529480816796422, 63.09685776941478, -12.02],
          [18.5295872669667, 63.09686992317438, -12.44],
          [18.529762867838144, 63.096884256228805, -12.65],
          [18.529952550306916, 63.096939492970705, -11.35],
          [18.530097473412752, 63.09700822457671, -11.12],
          [18.530122870579362, 63.097012750804424, -11.36],
          [18.53018866851926, 63.09702859260142, -10.86],
          [18.53020786307752, 63.09703689068556, -10.85],
          [18.53041640482843, 63.09710553847253, -9.83],
          [18.530504750087857, 63.09715800918639, -9.73],
          [18.53051849640906, 63.097167732194066, -10.24],
          [18.53055822663009, 63.0971953086555, -9.88],
          [18.53057079948485, 63.09720754623413, -10.04],
          [18.53058555163443, 63.097218526527286, -9.89],
          [18.5306666046381, 63.09727577492595, -9.38],
          [18.53085033595562, 63.09736588038504, -9.64],
          [18.530874978750944, 63.09737694449723, -9.14],
          [18.53087766095996, 63.09741407632828, -9.72],
          [18.530863244086504, 63.09744450263679, -8.6],
          [18.530845139175653, 63.09748104773462, -8.28],
          [18.530870703980327, 63.09747585095465, -9.38],
          [18.530866596847773, 63.09745925478637, -8.57],
          [18.53090951219201, 63.097451543435454, -8.54],
          [18.53088512085378, 63.09743243269622, -7.59],
          [18.530855616554618, 63.09745145961642, -7.51],
          [18.530848491936922, 63.097473084926605, -7.7],
          [18.53083323687315, 63.09746730141342, -6.79],
          [18.53082292713225, 63.09743260033429, -6.57],
          [18.530829465016723, 63.09743679128587, -6.58],
          [18.530814796686172, 63.09743536636233, -5.8],
          [18.530836421996355, 63.09746746905148, -6.46],
          [18.530793758109212, 63.097487669438124, -6.35],
          [18.530734917148948, 63.0975010804832, -5.56],
          [18.530702479183674, 63.09751424007118, -5.31],
          [18.530649673193693, 63.09755036607385, -5.02],
          [18.530631316825747, 63.097558580338955, -4.78],
          [18.530616564676166, 63.09756746515632, -4.39],
          [18.53047206066549, 63.097664192318916, -3.27],
          [18.53034943342209, 63.09771020896733, -1.85],
          [18.530253544449806, 63.097756979987025, -1.71],
          [18.530240803956985, 63.09776603244245, -2.04],
          [18.530146842822433, 63.09783744625747, -0.51],
          [18.530045924708247, 63.09796283952892, 0.08],
          [18.529937211424112, 63.0980759114027, 0.53],
          [18.52987451478839, 63.09811488725245, 0.26],
          [18.529733195900917, 63.09818705543876, 0.99],
          [18.529567988589406, 63.09837908484042, 2.84],
          [18.529570754617453, 63.098422922194004, 4.15],
          [18.52957704104483, 63.098448906093836, 3.93],
          [18.52953739464283, 63.0985648278147, 4.7],
          [18.529581567272544, 63.098702961578965, 4.48],
          [18.52958139963448, 63.09871595352888, 4.7],
          [18.52945927530527, 63.09883355163038, 5.78],
          [18.52944024838507, 63.09884570538998, 5.61],
          [18.52943287231028, 63.0988584458828, 5.88],
          [18.529423903673887, 63.098881328478456, 5.71],
          [18.52940890006721, 63.09892709366977, 5.48],
          [18.529400182887912, 63.098965901881456, 5.99],
          [18.529403284192085, 63.09898333624005, 5.56],
          [18.529414851218462, 63.09912842698395, 6.48],
          [18.529421724379063, 63.09915608726442, 7.06],
          [18.52942398749292, 63.09917234815657, 6.95],
          [18.52943136356771, 63.09920319356024, 7.11],
          [18.529422730207443, 63.09922154992819, 7.05],
          [18.529417533427477, 63.099240409210324, 6.63],
          [18.529416946694255, 63.0992572568357, 6.72],
          [18.529412923380733, 63.099271254613996, 7.27],
          [18.52931016124785, 63.09939756989479, 8.52],
          [18.52923941798508, 63.09952304698527, 9.48],
          [18.529145205393434, 63.099648440256715, 10.86],
          [18.528982512652874, 63.09971566312015, 11.55],
          [18.528879834339023, 63.099832674488425, 12.74],
          [18.528823759406805, 63.09985874220729, 12.99],
          [18.528652684763074, 63.099953373894095, 14.63],
          [18.52847658097744, 63.100080359727144, 16.62],
          [18.528428468853235, 63.1001138035208, 16.74],
          [18.528400724753737, 63.10014012269676, 17.22],
          [18.52838513441384, 63.100156132131815, 17.62],
          [18.52823576889932, 63.100299797952175, 18.73],
          [18.528154464438558, 63.10031178407371, 19.5],
          [18.528071902692318, 63.10033617541194, 19.81],
          [18.527991017326713, 63.100366266444325, 20.55],
          [18.527760850265622, 63.100435081869364, 21.89],
          [18.52755700238049, 63.10049752704799, 24.14],
          [18.52729464881122, 63.10057011432946, 26.3],
          [18.527144948020577, 63.10060548596084, 28.33],
          [18.527056267485023, 63.10065024532378, 29.99],
          [18.52703413926065, 63.10065192170441, 30.26],
          [18.527072863653302, 63.10076625086367, 31.49],
          [18.527083173394203, 63.10080237686634, 31.63],
          [18.52698585949838, 63.100922321900725, 33.51],
          [18.526943363249302, 63.100966829806566, 34.55],
          [18.52692425251007, 63.10097663663328, 34.47],
          [18.52689835242927, 63.10099356807768, 34.75],
          [18.52682056836784, 63.101031789556146, 35.51],
          [18.52677119895816, 63.10105349868536, 36.38],
          [18.526706993579865, 63.10108711011708, 36.87],
          [18.526550084352493, 63.101152488961816, 38.35],
          [18.52643022313714, 63.10118501074612, 38.6],
          [18.52639501914382, 63.10120638459921, 38.94],
          [18.52632947266102, 63.10124636627734, 40.01],
          [18.5263080149889, 63.101253155618906, 39.61],
          [18.526283875107765, 63.10125583782792, 40.32],
          [18.52603241801262, 63.10126614756882, 42.21],
          [18.525894284248352, 63.10125575400889, 42.79],
          [18.5258486866951, 63.10125625692308, 43.11],
          [18.525823038071394, 63.10125483199954, 42.8],
          [18.525797808542848, 63.10125424526632, 43.19],
          [18.525772914290428, 63.10125449672341, 43.08],
          [18.525746930390596, 63.101256089285016, 43.14],
          [18.52563662454486, 63.101248210296035, 43.21],
          [18.525568563491106, 63.1012346316129, 43.57],
          [18.525520199909806, 63.10123085975647, 43.66],
          [18.525493629276752, 63.10123186558485, 43.75],
          [18.525469657033682, 63.101234966889024, 44.02],
          [18.525196071714163, 63.10127729550004, 45.67],
          [18.5251319501549, 63.10130554251373, 46.4],
          [18.5250629670918, 63.101355163380504, 47.29],
          [18.52503715083003, 63.10137544758618, 47.48],
          [18.524994906038046, 63.10145113617182, 49.2],
          [18.52494578808546, 63.10147418640554, 50.44],
          [18.524926090613008, 63.10151483863592, 51.24],
          [18.524917541071773, 63.101542834192514, 51.73],
          [18.524729199707508, 63.10158859938383, 52.84],
          [18.52455385029316, 63.10160310007632, 54.01],
          [18.524491908028722, 63.10157845728099, 54.6],
          [18.52444044314325, 63.101566303521395, 54.59],
          [18.524384452030063, 63.1015901081264, 55.96],
          [18.524294598028064, 63.10165163129568, 57.99],
          [18.524271547794342, 63.101643584668636, 58.34],
          [18.524255705997348, 63.101637717336416, 57.9],
          [18.524304907768965, 63.10165557079017, 56.77],
          [18.524307003244758, 63.10166378505528, 56.9],
          [18.524318989366293, 63.10165339149535, 57.99],
          [18.52434371598065, 63.101648446172476, 58.45],
          [18.524324437603354, 63.10165758244693, 58.48],
          [18.52431681007147, 63.10165305621922, 58],
          [18.52431194856763, 63.101650374010205, 58.48],
          [18.524294095113873, 63.10163989663124, 58.18],
          [18.524257969111204, 63.10163201764226, 58.19],
          [18.5242738109082, 63.101628832519054, 58.93],
          [18.524283282458782, 63.10163805261254, 58.08],
          [18.52426894940436, 63.10164316557348, 58.25],
          [18.524154787883162, 63.1016455963254, 58.82],
          [18.524117404595017, 63.101650793105364, 58.32],
          [18.5239783488214, 63.1017196085304, 59.86],
          [18.523865276947618, 63.10175866819918, 61.59],
          [18.52384096942842, 63.10175917111337, 61.28],
          [18.52372270077467, 63.10176847502589, 61.91],
          [18.523702835664153, 63.10177459381521, 62.08],
          [18.523570653051138, 63.101819436997175, 63.29],
          [18.523554727435112, 63.101837961003184, 63.39],
          [18.52344710379839, 63.10196184553206, 65.54],
          [18.523423047736287, 63.10197894461453, 66.03],
          [18.523342832922935, 63.102016411721706, 66.27],
          [18.523360518738627, 63.10200970619917, 66.05],
          [18.52331475354731, 63.10202487744391, 65.75],
          [18.523257924243808, 63.10204675421119, 66.14],
          [18.523165890946984, 63.10206351801753, 66.88],
          [18.523140912875533, 63.10206444002688, 66.73],
          [18.523019962012768, 63.10210861265659, 68.92],
          [18.522938070818782, 63.1021635979414, 68.87],
          [18.522870847955346, 63.102198634296656, 69.99],
          [18.52284897118807, 63.102209782227874, 70.32],
          [18.522794488817453, 63.10224423184991, 70.41],
          [18.52276741527021, 63.1022619176656, 71.06],
          [18.52275123819709, 63.102270970121026, 71.71],
          [18.52261494845152, 63.10235872864723, 73.1],
          [18.522606985643506, 63.10237096622586, 72.91],
          [18.522595586255193, 63.10238353908062, 73.33],
          [18.52258368395269, 63.102395525202155, 73.48],
          [18.522576056420803, 63.10240742750466, 74.21],
          [18.522569769993424, 63.102479595690966, 74.94],
          [18.522566752508283, 63.102490324527025, 74.79],
          [18.52255929261446, 63.10250625014305, 75.75],
          [18.522490141913295, 63.10258814133704, 76.55],
          [18.52248360402882, 63.10261412523687, 76.76],
          [18.522444209083915, 63.10265486128628, 78.4],
          [18.522433815523982, 63.102664751932025, 78.36],
          [18.522404646500945, 63.102684281766415, 78.64],
          [18.522389391437173, 63.102694004774094, 78.63],
          [18.522374723106623, 63.10270456597209, 78.08],
          [18.522360725328326, 63.10271579772234, 77.78],
          [18.52234471589327, 63.102726778015494, 78.25],
          [18.522327952086926, 63.10273633338511, 78.35],
          [18.522309344261885, 63.102744882926345, 78.13],
          [18.52229056879878, 63.102752259001136, 78.54],
          [18.522107172757387, 63.10286440886557, 79.83],
          [18.522103065624833, 63.10287547297776, 79.66],
          [18.52208387106657, 63.102905144914985, 80.93],
          [18.522020587697625, 63.102999022230506, 80.79],
          [18.521918831393123, 63.103023413568735, 81.54],
          [18.521907851099968, 63.10303254984319, 81.12],
          [18.521857727319002, 63.10313983820379, 83.46],
          [18.521848674863577, 63.1031493935734, 83.41],
          [18.521837443113327, 63.10318845324218, 83.69],
          [18.521832916885614, 63.10319918207824, 83.59],
          [18.52182730101049, 63.10320982709527, 84.12],
          [18.52178245782852, 63.10332088731229, 85.46],
          [18.521752702072263, 63.10334770940244, 85.69],
          [18.521751947700977, 63.103358186781406, 86.04],
          [18.521755384281278, 63.10337025672197, 86.19],
          [18.521778099238873, 63.10341493226588, 86.55],
          [18.521787151694298, 63.103426499292254, 86.48],
          [18.52180441841483, 63.10346036218107, 87.13],
          [18.521808525547385, 63.10347117483616, 87.34],
          [18.521811375394464, 63.10348190367222, 87.42],
          [18.521922267973423, 63.10356345959008, 87.62],
          [18.521976750344038, 63.10362121090293, 88.45],
          [18.522009439766407, 63.103641495108604, 89.63],
          [18.52202670648694, 63.103649374097586, 89.8],
          [18.52206325158477, 63.103669406846166, 89.66],
          [18.522093007341027, 63.103751884773374, 90.85],
          [18.522082278504968, 63.103822292760015, 92.55],
          [18.52207062765956, 63.10383327305317, 92],
          [18.521961914375424, 63.103883815929294, 92.84],
          [18.52194858714938, 63.10390502214432, 94.45],
          [18.5219597350806, 63.103918600827456, 94.77],
          [18.521962501108646, 63.10391189530492, 94.66],
          [18.5219285544008, 63.10391583479941, 94.99],
          [18.522089486941695, 63.1039232108742, 94.22],
          [18.52212829515338, 63.103931760415435, 94.59],
          [18.522172132506967, 63.103934694081545, 94.71],
          [18.52221974171698, 63.1039284914732, 94.91],
          [18.522404646500945, 63.10390376485884, 95.7],
          [18.52271662093699, 63.10383444651961, 98.21],
          [18.52273464202881, 63.103864872828126, 97.34],
          [18.522710166871548, 63.103867806494236, 97.74],
          [18.522709915414453, 63.10386646538973, 97.65],
          [18.522720644250512, 63.10387283563614, 97.22],
          [18.52273464202881, 63.103857077658176, 97.72],
          [18.522739252075553, 63.10387174598873, 97.5],
          [18.52273707278073, 63.10386395081878, 97.95],
          [18.52272927761078, 63.103864789009094, 97.59],
          [18.522733384743333, 63.103859424591064, 99.32],
          [18.52269323542714, 63.103877948597074, 99.21],
          [18.522679740563035, 63.103882474824786, 98.69],
          [18.52262232452631, 63.103893119841814, 98.59],
          [18.522305572405457, 63.10393729247153, 95.87],
          [18.52223868481815, 63.10394332744181, 95.37],
          [18.52219384163618, 63.103947434574366, 95.82],
          [18.521771812811494, 63.10398666188121, 96.38],
          [18.521624794229865, 63.10404525138438, 96.75],
          [18.521543238312006, 63.10406679287553, 97.2],
          [18.521516332402825, 63.10407903045416, 97.38],
          [18.521485906094313, 63.104086155071855, 96.79],
          [18.52145556360483, 63.1040907651186, 97.52],
          [18.52142622694373, 63.10409286059439, 97.38],
          [18.521399069577456, 63.104096380993724, 97.78],
          [18.52137627080083, 63.104100320488214, 98.3],
          [18.521347101777792, 63.10410434380174, 98.39],
          [18.521310472860932, 63.10411071404815, 98.48],
          [18.521273592486978, 63.10411716811359, 98.57],
          [18.520935215055943, 63.10424532741308, 99.69],
          [18.52087159641087, 63.104244070127606, 99.95],
          [18.520851144567132, 63.10425044037402, 100.02],
          [18.520828178152442, 63.10426083393395, 100.45],
          [18.520791213959455, 63.10427030548453, 100.38],
          [18.520746286958456, 63.104280615225434, 100.67],
          [18.520646626129746, 63.10430592857301, 101.05],
          [18.520593652501702, 63.10431363992393, 101.49],
          [18.52055300027132, 63.10432336293161, 101.16],
          [18.520519053563476, 63.10433308593929, 101.41],
          [18.520481418818235, 63.104343228042126, 101.37],
          [18.52044152095914, 63.10435328632593, 102.08],
          [18.520407574251294, 63.104367116466165, 102.22],
          [18.520386619493365, 63.104383293539286, 102.53],
          [18.52036734111607, 63.10439821332693, 102.47],
          [18.520343955606222, 63.104413552209735, 103.02],
          [18.520322665572166, 63.1044290587306, 102.94],
          [18.520300537347794, 63.104444313794374, 102.5],
          [18.52026768028736, 63.10445646755397, 102.9],
          [18.520232057198882, 63.10446300543845, 103.14],
          [18.52019584737718, 63.104469710960984, 102.92],
          [18.520165756344795, 63.10448035597801, 103.01],
          [18.520136084407568, 63.10449284501374, 103.37],
          [18.520106077194214, 63.10450600460172, 103.26],
          [18.51987238973379, 63.104713624343276, 106.51],
          [18.519740207120776, 63.10485309921205, 108.25],
          [18.519722018390894, 63.10486231930554, 108.52],
          [18.519702907651663, 63.10486986301839, 107.6],
          [18.5196612495929, 63.10490045696497, 108.24],
          [18.519644485786557, 63.10491420328617, 108.12],
          [18.519622776657343, 63.1049248483032, 108.04],
          [18.519605761393905, 63.10493381693959, 107.63],
          [18.519594948738813, 63.10494496487081, 107.85],
          [18.51958204060793, 63.1049679312855, 109.59],
          [18.519574413076043, 63.104984778910875, 109.48],
          [18.519556391984224, 63.10500422492623, 109.61],
          [18.51953619159758, 63.10502199456096, 109.85],
          [18.519520768895745, 63.105036998167634, 110.66],
          [18.519507693126798, 63.10504697263241, 110.32],
          [18.51948237977922, 63.105057617649436, 109.76],
          [18.519451785832644, 63.10507052578032, 109.75],
          [18.519413396716118, 63.10509944334626, 110.62],
          [18.519398979842663, 63.10511251911521, 110.48],
          [18.519389424473047, 63.10512525960803, 110.64],
          [18.51938758045435, 63.10514973476529, 110.97],
          [18.519397471100092, 63.10516574420035, 111.53],
          [18.51940903812647, 63.105180161073804, 111.46],
          [18.519415576010942, 63.10519348829985, 112.15],
          [18.519416246563196, 63.10520782135427, 112.13],
          [18.519414318725467, 63.10522114858031, 111.78],
          [18.519410211592913, 63.10523774474859, 111.93],
          [18.519411720335484, 63.10529633425176, 112.62],
          [18.519400991499424, 63.10530982911587, 113.03],
          [18.519343324005604, 63.10542181134224, 113.64],
          [18.519337372854352, 63.105433797463775, 113.47],
          [18.5193211119622, 63.10545936226845, 113.92],
          [18.51931918412447, 63.105475371703506, 114.59],
          [18.51931130513549, 63.105549132451415, 115.43],
          [18.519298397004604, 63.105559861287475, 115.57],
          [18.519286327064037, 63.10557025484741, 115.59],
          [18.519279453903437, 63.105580899864435, 115.5],
          [18.519238298758864, 63.1056931335479, 117.34],
          [18.519232347607613, 63.10574275441468, 118],
          [18.519218685105443, 63.105753399431705, 117.77],
          [18.51920980028808, 63.105764631181955, 117.63],
          [18.519207620993257, 63.10577753931284, 117.42],
          [18.519206615164876, 63.10578927397728, 117.72],
          [18.519236706197262, 63.105880971997976, 118.74],
          [18.519239891320467, 63.10589245520532, 118.96],
          [18.519240310415626, 63.10590452514589, 119.09],
          [18.519230000674725, 63.105940567329526, 119.69],
          [18.51923410780728, 63.10598473995924, 120.63],
          [18.519145594909787, 63.10607710853219, 122.78],
          [18.519135201349854, 63.10608834028244, 123.01],
          [18.519134698435664, 63.10611231252551, 122.95],
          [18.519131848588586, 63.10612580738962, 123.5],
          [18.519130256026983, 63.106139888986945, 123.34],
          [18.519129250198603, 63.10615371912718, 123.78],
          [18.518949961289763, 63.10627802275121, 125.18],
          [18.518856335431337, 63.10634859837592, 125.92],
          [18.518852395936847, 63.1063615065068, 125.67],
          [18.51884367875755, 63.10637458227575, 125.98],
          [18.518575793132186, 63.10651573352516, 127.9],
          [18.518555592745543, 63.106520595029, 128.15],
          [18.5185266751796, 63.106535682454705, 128.11],
          [18.518521478399634, 63.1065480876714, 128.22],
          [18.518515611067414, 63.10656124725938, 128.66],
          [18.518509827554226, 63.10657356865704, 128.75],
          [18.518498009070754, 63.106584968045354, 128.14],
          [18.518472695723176, 63.10659452341497, 128.06],
          [18.518443945795298, 63.106600642204285, 128.59],
          [18.518418967723846, 63.10660340823233, 128.54],
          [18.51834981702268, 63.1066186632961, 128.91],
          [18.51832282729447, 63.10661908239126, 128.63],
          [18.518296340480447, 63.106616316363215, 128.67],
          [18.518270356580615, 63.106614891439676, 128.69],
          [18.518245378509164, 63.10661413706839, 129.4],
          [18.51815577596426, 63.10662427917123, 130.5],
          [18.51787867024541, 63.10668932273984, 130.8],
          [18.51776576600969, 63.10679426416755, 134.12],
          [18.51773953065276, 63.10679870657623, 134.49],
          [18.51767054758966, 63.106823014095426, 134.9],
          [18.51759477518499, 63.106870371848345, 136.05],
          [18.517521265894175, 63.1068916618824, 136.22],
          [18.51748782210052, 63.10693373903632, 137.28],
          [18.517477679997683, 63.10694430023432, 137.56],
          [18.517464520409703, 63.10700045898557, 138.47],
          [18.51749276742339, 63.10703717172146, 139.63],
          [18.517526714131236, 63.10708209872246, 140.38],
          [18.51763199083507, 63.1071937456727, 142.58],
          [18.51765353232622, 63.10726742260158, 144.68],
          [18.517651353031397, 63.10729525052011, 144.92],
          [18.517641881480813, 63.107304805889726, 145.37],
          [18.517624530941248, 63.10736951418221, 145.58],
          [18.517621094360948, 63.107380997389555, 145.59],
          [18.517616484314203, 63.1073924805969, 145.43],
          [18.517581867054105, 63.10752441175282, 147.52],
          [18.517573066055775, 63.107534386217594, 147.62],
          [18.51755227893591, 63.10756699182093, 148.99],
          [18.517522606998682, 63.107613092288375, 149.69],
          [18.517512883991003, 63.107622396200895, 149.48],
          [18.51736611686647, 63.10770227573812, 151.56],
          [18.517350358888507, 63.10774276033044, 153.13],
          [18.517288081347942, 63.10774535872042, 154.47],
          [18.517161095514894, 63.107746532186866, 155.69],
          [18.517030337825418, 63.10776145197451, 157.69],
          [18.517017178237438, 63.1077688280493, 157.49],
          [18.517023883759975, 63.10777653940022, 157.46],
          [18.516963701695204, 63.107795817777514, 158.11],
          [18.516950709745288, 63.107805624604225, 157.71],
          [18.516935035586357, 63.10781509615481, 158.17],
          [18.516923720017076, 63.10782456770539, 158.3],
          [18.516916343942285, 63.10783429071307, 158.78],
          [18.516768906265497, 63.10789464041591, 161.28],
          [18.51673487573862, 63.10790536925197, 160.8],
          [18.516715597361326, 63.107912158593535, 161.66],
          [18.51656438782811, 63.108037719503045, 162.63],
          [18.516560615971684, 63.10806596651673, 162.17],
          [18.516482999548316, 63.10811969451606, 161.84],
          [18.516408735886216, 63.10823234729469, 163.55],
          [18.516405383124948, 63.108248859643936, 163.66],
          [18.516411585733294, 63.108268808573484, 164.03],
          [18.51644159294665, 63.1082955468446, 163.56],
          [18.516450729221106, 63.1083058565855, 163.88],
          [18.51650319993496, 63.108354387804866, 163.14],
          [18.516491129994392, 63.108409540727735, 164.3],
          [18.516478138044477, 63.108420269563794, 164.26],
          [18.516468247398734, 63.10843133367598, 164.25],
          [18.516355343163013, 63.10844264924526, 164.89],
          [18.51633120328188, 63.108436446636915, 166.22],
          [18.516310332342982, 63.10843275859952, 166.08],
          [18.516106652095914, 63.10842437669635, 168.7],
          [18.516081171110272, 63.108429154381156, 168.25],
          [18.516057869419456, 63.108435524627566, 168.58],
          [18.515948317945004, 63.10843636281788, 168.84],
          [18.51588905788958, 63.108434937894344, 168.61],
          [18.51586416363716, 63.108432507142425, 168.5],
          [18.515841532498598, 63.108428148552775, 168.86],
          [18.515817811712623, 63.108423706144094, 169.31],
          [18.5157913248986, 63.108423203229904, 169.32],
          [18.51576299406588, 63.10842722654343, 168.62],
          [18.51573600433767, 63.108431585133076, 168.62],
          [18.51571270264685, 63.10843820683658, 169.38],
          [18.51569007150829, 63.108445247635245, 169.48],
          [18.51566568017006, 63.10845136642456, 169.2],
          [18.51564765907824, 63.10845924541354, 169.47],
          [18.515639109537005, 63.10847047716379, 169.48],
          [18.51563827134669, 63.10848271474242, 168.6],
          [18.515612203627825, 63.1085064355284, 169.3],
          [18.515380946919322, 63.10860441997647, 169.83],
          [18.515191432088614, 63.10864188708365, 172.1],
          [18.515090430155396, 63.10864188708365, 172.93],
          [18.51506511680782, 63.10864859260619, 172.77],
          [18.515040976926684, 63.108655884861946, 173.26],
          [18.51501683704555, 63.108663596212864, 173.3],
          [18.514990685507655, 63.108671894297004, 173.31],
          [18.514964785426855, 63.108680276200175, 173.17],
          [18.514935951679945, 63.10868815518916, 173.14],
          [18.51490695029497, 63.10869553126395, 173.04],
          [18.514735205098987, 63.108751606196165, 174.1],
          [18.514707880094647, 63.10875479131937, 173.94],
          [18.51441292092204, 63.1087878998369, 176.75],
          [18.514254670590162, 63.108810782432556, 176.59],
          [18.51402291096747, 63.10884523205459, 178.43],
          [18.513907492160797, 63.10891639441252, 180.17],
          [18.51374010555446, 63.108975905925035, 181.79],
          [18.513595769181848, 63.109070705249906, 179.96],
          [18.513537934049964, 63.109098533168435, 180.22],
          [18.513529803603888, 63.10910942964256, 179.88],
          [18.513519326224923, 63.10912124812603, 179.99],
          [18.513503819704056, 63.10913398861885, 179.3],
          [18.51348445750773, 63.10914807021618, 179.75],
          [18.513466604053974, 63.109160810709, 180.31],
          [18.51345168426633, 63.109170868992805, 179.86],
          [18.51343651302159, 63.109181094914675, 179.99],
          [18.513419749215245, 63.10919366776943, 179.99],
          [18.513398794457316, 63.10921001248062, 179.83],
          [18.51337507367134, 63.10922727920115, 179.38],
          [18.513356298208237, 63.10924043878913, 179.38],
          [18.513209195807576, 63.10934454202652, 179.02],
          [18.51319712586701, 63.10935518704355, 180.13],
          [18.513161838054657, 63.1094026286155, 180.83],
          [18.513147588819265, 63.109412183985114, 181.07],
          [18.513099728152156, 63.10944763943553, 181.57],
          [18.51301339454949, 63.1095649022609, 181.14],
          [18.51298799738288, 63.109661377966404, 182.12],
          [18.512984476983547, 63.10967344790697, 181.53],
          [18.512868639081717, 63.109825663268566, 184.24],
          [18.512819269672036, 63.10990696772933, 182.53],
          [18.51280963048339, 63.10990705154836, 182.4],
          [18.512727487832308, 63.10995373874903, 181.54],
          [18.512710221111774, 63.109965892508626, 179.62],
          [18.512702425941825, 63.109973687678576, 179.48],
          [18.512691194191575, 63.11001744121313, 179.21],
          [18.51268113590777, 63.110047867521644, 176.82],
          [18.51263763383031, 63.110096314921975, 173.9],
          [18.5126381367445, 63.11013847589493, 173.89],
          [18.512710724025965, 63.110171500593424, 172.69],
          [18.512790352106094, 63.110225815325975, 171.72],
          [18.51281994022429, 63.11028121970594, 170.65],
          [18.512880373746157, 63.1103109754622, 170.6],
          [18.512906190007925, 63.11036855913699, 170.11],
          [18.512944327667356, 63.11048104427755, 170.75],
          [18.513043485581875, 63.11060518026352, 171.94],
          [18.513086568564177, 63.11067106202245, 172.11],
          [18.51310140453279, 63.110681623220444, 171.85],
          [18.513138787820935, 63.11070014722645, 172.02],
          [18.513322519138455, 63.110779859125614, 171.74],
          [18.513338780030608, 63.110788241028786, 171.54],
          [18.513404494151473, 63.11082445085049, 171.33],
          [18.51342394016683, 63.110834173858166, 171.19],
          [18.513610186055303, 63.11090240254998, 170.65],
          [18.513785284012556, 63.11100633814931, 170.82],
          [18.51378100924194, 63.11101706698537, 170.63],
          [18.513776315376163, 63.11102787964046, 171.18],
          [18.51377329789102, 63.111039865761995, 170.85],
          [18.51376734673977, 63.111051516607404, 170.8],
          [18.513738848268986, 63.11114857904613, 170.3],
          [18.51364471949637, 63.11123784631491, 170.33],
          [18.513635080307722, 63.11125016771257, 170.33],
          [18.513589901849627, 63.11135435476899, 169.41],
          [18.513604905456305, 63.11136634089053, 169.4],
          [18.513612281531096, 63.111379919573665, 169.84],
          [18.51359685882926, 63.11140330508351, 169.77],
          [18.513376750051975, 63.11161419376731, 170.11],
          [18.513256888836622, 63.11162886209786, 169.2],
          [18.51308665238321, 63.111654594540596, 168.34],
          [18.51281164214015, 63.11168703250587, 166.95],
          [18.51258826442063, 63.11175584793091, 167.51],
          [18.512415597215295, 63.11175894923508, 167.46],
          [18.51234359666705, 63.11175257898867, 167.14],
          [18.512261705473065, 63.11176967807114, 166.87],
          [18.512241085991263, 63.11177680268884, 167.14],
          [18.512221556156874, 63.111783089116216, 166.78],
          [18.5121838375926, 63.1117959972471, 166.87],
          [18.51209976710379, 63.11183447018266, 165.64],
          [18.51205039769411, 63.11183706857264, 165.84],
          [18.511776141822338, 63.111860789358616, 165.26],
          [18.511682599782944, 63.111882749944925, 164.36],
          [18.511657370254397, 63.11188392341137, 164.97],
          [18.511548824608326, 63.111883671954274, 164.07],
          [18.511497359722853, 63.11189859174192, 165.2],
          [18.511437932029366, 63.111904207617044, 165.35],
          [18.511413373053074, 63.111906638368964, 165.09],
          [18.511389987543225, 63.11190982349217, 165.67],
          [18.511053202673793, 63.11196656897664, 165.35],
          [18.511033337563276, 63.11197469942272, 165],
          [18.510676939040422, 63.112092297524214, 164.8],
          [18.51062899455428, 63.112117275595665, 165.74],
          [18.51059471257031, 63.11219874769449, 165.16],
          [18.510420117527246, 63.11237258836627, 164.72],
          [18.510081321001053, 63.11243595555425, 164.3],
          [18.509858697652817, 63.112467136234045, 164.27],
          [18.509599193930626, 63.11247065663338, 165.18],
          [18.509531216695905, 63.112466633319855, 165.32],
          [18.50937908515334, 63.112437296658754, 164.87],
          [18.509134920313954, 63.112411899492145, 165.53],
          [18.508986895903945, 63.112382646650076, 163.94],
          [18.508825711905956, 63.112368481233716, 164.12],
          [18.508638376370072, 63.11231257393956, 164.44],
          [18.508481131866574, 63.112344928085804, 162.59],
          [18.50841441191733, 63.112346017733216, 163.48],
          [18.508462524041533, 63.11234869994223, 164.04],
          [18.50850627757609, 63.1123105622828, 164.04],
          [18.50852002389729, 63.11231886036694, 164.3],
          [18.508507953956723, 63.11232338659465, 164.3],
          [18.508473336696625, 63.11233554035425, 163.85],
          [18.508471911773086, 63.11233629472554, 165.47],
          [18.50844861008227, 63.112350292503834, 165.62],
          [18.508454225957394, 63.11236563138664, 165.76],
          [18.508356409147382, 63.112407457083464, 165.87],
          [18.50833243690431, 63.11241022311151, 165.41],
          [18.508248953148723, 63.1124228797853, 165.83],
          [18.50808659568429, 63.11241701245308, 165.76],
          [18.508061952888966, 63.112414833158255, 165.66],
          [18.507791301235557, 63.11248205602169, 164.96],
          [18.507728269323707, 63.11249605379999, 165.31],
          [18.507702788338065, 63.11250250786543, 165.31],
          [18.507561553269625, 63.112534023821354, 165.29],
          [18.507463987916708, 63.112556487321854, 165.24],
          [18.507443368434906, 63.112564366310835, 164.65],
          [18.50736189633608, 63.11258221976459, 164.93],
          [18.50722569040954, 63.112598061561584, 166.14],
          [18.50701505318284, 63.112543830648065, 167.38],
          [18.50684154778719, 63.11248951591551, 167.84],
          [18.506567627191544, 63.112394381314516, 169.97],
          [18.506477773189545, 63.11235976405442, 169.8],
          [18.50635782815516, 63.112338557839394, 171.29],
          [18.50632941350341, 63.11233269050717, 171.28],
          [18.506091199815273, 63.112279549241066, 173.76],
          [18.506052643060684, 63.1122690718621, 174.02],
          [18.505988689139485, 63.11223780736327, 174.05],
          [18.50598013959825, 63.112206710502505, 174.37],
          [18.505967566743493, 63.112174021080136, 174.16],
          [18.5059792175889, 63.112107552587986, 175.47],
          [18.505990114063025, 63.112094309180975, 175.99],
          [18.50598994642496, 63.112077210098505, 176.2],
          [18.505983827635646, 63.112061033025384, 176.07],
          [18.505975110456347, 63.11204711906612, 176.13],
          [18.50598399527371, 63.11200512573123, 175.85],
          [18.50599673576653, 63.11199045740068, 175.38],
          [18.506008302792907, 63.11197671107948, 175.34],
          [18.506021965295076, 63.11193270608783, 173.88],
          [18.50600754842162, 63.11188727617264, 172.64],
          [18.50599774159491, 63.11187428422272, 173.06],
          [18.50598407909274, 63.11186187900603, 172.63],
          [18.505969243124127, 63.11185064725578, 173.02],
          [18.505886932834983, 63.11179306358099, 173.49],
          [18.50579733029008, 63.111744029447436, 176.37],
          [18.505787942558527, 63.11173095367849, 176.46],
          [18.5057772975415, 63.11171896755695, 176.61],
          [18.50576958619058, 63.111706897616386, 176.74],
          [18.505761036649346, 63.11169625259936, 177.01],
          [18.505752738565207, 63.111685356125236, 176.68],
          [18.50573044270277, 63.11164604499936, 176.49],
          [18.505725413560867, 63.11163280159235, 176.45],
          [18.505717953667045, 63.11161897145212, 176.09],
          [18.50570839829743, 63.11160773970187, 176.13],
          [18.505592728033662, 63.111514281481504, 175.61],
          [18.505491139367223, 63.11144814826548, 176.51],
          [18.505468759685755, 63.11144228093326, 176.16],
          [18.50541670806706, 63.11142233200371, 177.81],
          [18.50540354847908, 63.11139861121774, 177.47],
          [18.505382342264056, 63.11121999286115, 177.49],
          [18.50538594648242, 63.11114673502743, 177.69],
          [18.505342360585928, 63.11107188463211, 177.48],
          [18.505338840186596, 63.11105780303478, 176.81],
          [18.505371110513806, 63.11088865622878, 177.23],
          [18.505273293703794, 63.11079544946551, 177.91],
          [18.505193078890443, 63.110696291550994, 179.49],
          [18.505183439701796, 63.11068137176335, 179.5],
          [18.50517673417926, 63.11066812835634, 179.44],
          [18.505043294280767, 63.11054667457938, 179.08],
          [18.505035247653723, 63.11053502373397, 179.1],
          [18.505031894892454, 63.110523875802755, 178.75],
          [18.505029045045376, 63.11051222495735, 179.08],
          [18.505023764446378, 63.11049881391227, 178.68],
          [18.50490423850715, 63.11038037762046, 180.63],
          [18.504853947088122, 63.11035942286253, 182.13],
          [18.504694774746895, 63.110250290483236, 185.41],
          [18.50463249720633, 63.11014652252197, 186.13],
          [18.50462520495057, 63.110130010172725, 186.6],
          [18.504620175808668, 63.11012112535536, 186.48],
          [18.504580864682794, 63.11008390970528, 187.47],
          [18.504493609070778, 63.11004392802715, 190.05],
          [18.504282385110855, 63.10994736850262, 193.01],
          [18.50417417474091, 63.10989950783551, 196.18],
          [18.504011733457446, 63.109851563349366, 198.99],
          [18.503957502543926, 63.10981208458543, 200.35],
          [18.503821967169642, 63.10975760221481, 203.76],
          [18.503737226128578, 63.1097480468452, 203.87],
          [18.503727251663804, 63.10973480343819, 204],
          [18.50375491194427, 63.10973312705755, 203.28],
          [18.503762623295188, 63.109731283038855, 203.37],
          [18.503726832568645, 63.109718123450875, 202.96],
          [18.503719372674823, 63.10970756225288, 202.51],
          [18.503554668277502, 63.10963539406657, 202.87],
          [18.50359079428017, 63.10959910042584, 204.22],
          [18.50355265662074, 63.1095649022609, 203.9],
          [18.50336297415197, 63.10952349565923, 206.28],
          [18.503149738535285, 63.10950958169997, 204.06],
          [18.50307086482644, 63.109496757388115, 203.64],
          [18.502977658063173, 63.109450321644545, 204.5],
          [18.502922588959336, 63.10937178321183, 204.61],
          [18.502776911482215, 63.109301375225186, 205.42],
          [18.502716729417443, 63.10925720259547, 206.02],
          [18.50258463062346, 63.109180089086294, 208.14],
          [18.502488238736987, 63.10913197696209, 211.17],
          [18.50244188681245, 63.10910549014807, 211.85],
          [18.502236446365714, 63.10898738913238, 214.06],
          [18.502119267359376, 63.108908515423536, 215.06],
          [18.502099653705955, 63.10889393091202, 215.28],
          [18.502073418349028, 63.10887448489666, 216.03],
          [18.50207199342549, 63.108836682513356, 215.92],
          [18.502056151628494, 63.10881472192705, 216.35],
          [18.50198306143284, 63.108743727207184, 219.18],
          [18.502002591267228, 63.108698884025216, 218.44],
          [18.501976104453206, 63.10866518877447, 218.32],
          [18.501975517719984, 63.10863685794175, 217.5],
          [18.501959508284926, 63.10863493010402, 217.11],
          [18.501969650387764, 63.10865320265293, 217.66],
          [18.50198901258409, 63.108677845448256, 216.46],
          [18.502042908221483, 63.1087583117187, 213.22],
          [18.502121195197105, 63.10889904387295, 211.74],
          [18.50218154489994, 63.10894128866494, 211.48],
          [18.50218338891864, 63.109023347496986, 211.93],
          [18.502228315919638, 63.109056958928704, 211.35],
          [18.50227433256805, 63.109107753261924, 211.65],
          [18.502267207950354, 63.109247060492635, 213.78],
          [18.50225086323917, 63.10929995030165, 215.03],
          [18.502188082784414, 63.109428361058235, 217.63],
          [18.502190932631493, 63.10944872908294, 217.88],
          [18.502185316756368, 63.10951410792768, 218.36],
          [18.502286737784743, 63.10957261361182, 217.93],
          [18.502212893217802, 63.10964050702751, 220.35],
          [18.502204176038504, 63.10964712873101, 220.25],
          [18.502082135528326, 63.10970219783485, 221.45],
          [18.5020006634295, 63.10982440598309, 222.16],
          [18.50191282108426, 63.109876457601786, 225.74],
          [18.50178675726056, 63.109959522262216, 229.2],
          [18.501705871894956, 63.10998894274235, 231.37],
          [18.501628674566746, 63.11000042594969, 234.39],
          [18.501584418118, 63.1100155133754, 235.33],
          [18.501603193581104, 63.11001802794635, 235.24],
          [18.501609060913324, 63.11001283116639, 235.84],
          [18.501608641818166, 63.11001492664218, 235.47],
          [18.50161224603653, 63.11001651920378, 236.25],
          [18.501608557999134, 63.11001383699477, 235.92],
          [18.50161124020815, 63.110013669356704, 236.78],
          [18.50160788744688, 63.110022051259875, 237.54],
          [18.50127504207194, 63.11003755778074, 240.55],
          [18.50125744007528, 63.11002288945019, 241.04],
          [18.50125903263688, 63.11000235378742, 241.31],
          [18.50134109146893, 63.10993286781013, 241.41],
          [18.50132592022419, 63.10980177484453, 244.61],
          [18.501138584688306, 63.10979397967458, 248.03],
          [18.501120982691646, 63.109787944704294, 248.28],
          [18.501097513362765, 63.10977486893535, 249.14],
          [18.501053927466273, 63.10973388142884, 250.51],
          [18.50090565159917, 63.109673112630844, 251.53],
          [18.50084907375276, 63.10965525917709, 251.77],
          [18.50077858194709, 63.10965735465288, 252.15],
          [18.50065838545561, 63.10964168049395, 253.16],
          [18.50054028443992, 63.10963489115238, 254.29],
          [18.500292263925076, 63.10957076959312, 254.81],
          [18.50025437772274, 63.109535900875926, 254.44],
          [18.500252030789852, 63.109513437375426, 254.74],
          [18.500253204256296, 63.109477730467916, 255.02],
          [18.50031992420554, 63.109294921159744, 254.19],
          [18.500313637778163, 63.10926633886993, 254.87],
          [18.50036426447332, 63.109118985012174, 256.27],
          [18.500489573925734, 63.109026029706, 254.75],
          [18.50045378319919, 63.108991496264935, 255.94],
          [18.500380273908377, 63.10896542854607, 256.18],
          [18.500349009409547, 63.10876250267029, 256.57],
          [18.500351859256625, 63.108672900125384, 258.03],
          [18.5002822894603, 63.108595702797174, 259.99],
          [18.500292347744107, 63.10859092511237, 260],
          [18.50021724589169, 63.10852747410536, 259],
          [18.500142563134432, 63.10847659595311, 259.02],
          [18.50008145906031, 63.10845580883324, 259.54],
          [18.500034185126424, 63.108432590961456, 258.96],
          [18.49993779323995, 63.10839562676847, 258.85],
          [18.499913653358817, 63.10837894678116, 257.66],
          [18.49990703165531, 63.10835908167064, 258.01],
          [18.499935530126095, 63.108151042833924, 255.2],
          [18.500036112964153, 63.107964461669326, 255.42],
          [18.50012093782425, 63.107878463342786, 253.6],
          [18.500161422416568, 63.10779162682593, 250.52],
          [18.500249348580837, 63.10774527490139, 248.92],
          [18.500381698831916, 63.10773613862693, 247.23],
          [18.50038832053542, 63.107727421447635, 247.18],
          [18.50057833828032, 63.10769548639655, 244.74],
          [18.5006311442703, 63.10768819414079, 244.2],
          [18.500638604164124, 63.10768551193178, 242.49],
          [18.50065796636045, 63.10767847113311, 243.3],
          [18.500673389062285, 63.10765583999455, 242.24],
          [18.50067464634776, 63.107672184705734, 242.51],
          [18.50068579427898, 63.10764838010073, 243.11],
          [18.50062234327197, 63.10763287357986, 241.67],
          [18.500614883378148, 63.10761619359255, 241.05],
          [18.500573560595512, 63.107585264369845, 239.55],
          [18.500535925850272, 63.10757126659155, 238.4],
          [18.50048211403191, 63.10753698460758, 237.13],
          [18.50039561279118, 63.10748199932277, 233.94],
          [18.500382704660296, 63.10747453942895, 234.08],
          [18.500259071588516, 63.107425924390554, 231.81],
          [18.50015128031373, 63.10738619416952, 228.4],
          [18.50015320815146, 63.10738309286535, 227.75],
          [18.50010769441724, 63.10729374177754, 225.35],
          [18.500025048851967, 63.10726163908839, 222.23],
          [18.499992107972503, 63.10722484253347, 222.01],
          [18.49989370442927, 63.10718226246536, 220.61],
          [18.499807873740792, 63.107132306322455, 220.08],
          [18.499809466302395, 63.10709576122463, 218.84],
          [18.49970326758921, 63.107046307995915, 216.48],
          [18.499637134373188, 63.10702686198056, 215.43],
          [18.499578963965178, 63.10701479203999, 214.31],
          [18.499440411105752, 63.10700607486069, 211.1],
          [18.499395484104753, 63.1069971062243, 210.95],
          [18.499437645077705, 63.10695528052747, 208.15],
          [18.499465137720108, 63.10693105682731, 208.09],
          [18.499362962320447, 63.1068572960794, 205],
          [18.49928836338222, 63.1067899055779, 203.9],
          [18.49925223737955, 63.10678571462631, 202.84],
          [18.499058950692415, 63.106750678271055, 200.21],
          [18.498967085033655, 63.10676375404, 199.54],
          [18.498618230223656, 63.10675906017423, 196.91],
          [18.498311704024673, 63.1067500077188, 194.75],
          [18.497976092621684, 63.106685215607285, 191.56],
          [18.497922867536545, 63.10665227472782, 190.88],
          [18.49782731384039, 63.10657700523734, 189.58],
          [18.49768850952387, 63.106447756290436, 186.06],
          [18.497643917798996, 63.10639310628176, 185.09],
          [18.497698148712516, 63.10628673993051, 182.28],
          [18.49783267825842, 63.10625337995589, 181.26],
          [18.49791096523404, 63.10618900693953, 179.17],
          [18.49798615090549, 63.10615380294621, 178.53],
          [18.498278679326177, 63.106012400239706, 177.15],
          [18.498469283804297, 63.105881391093135, 175],
          [18.498490741476417, 63.105767481029034, 174.68],
          [18.498484874144197, 63.10574920848012, 174.01],
          [18.498499793931842, 63.10569355264306, 173.29],
          [18.498548241332173, 63.10564527288079, 174.76],
          [18.498547738417983, 63.10562272556126, 173.93],
          [18.498503398150206, 63.10553119517863, 172.44],
          [18.49847339093685, 63.10551476664841, 172.37],
          [18.498377753421664, 63.10534369200468, 170.77],
          [18.498359648510814, 63.10521997511387, 170.62],
          [18.498368868604302, 63.105156775563955, 170.31],
          [18.49830424413085, 63.10498544946313, 170.27],
          [18.498259568586946, 63.104920741170645, 170.76],
          [18.498178515583277, 63.104721922427416, 168.88],
          [18.49810634739697, 63.104541040956974, 168.42],
          [18.49803158082068, 63.10441774316132, 167.19],
          [18.497921861708164, 63.10428790748119, 167.22],
          [18.497911635786295, 63.10420014895499, 166.98],
          [18.497908283025026, 63.10414692386985, 166.56],
          [18.497811388224363, 63.10406478121877, 167.54],
          [18.497718516737223, 63.103929329663515, 167.15],
          [18.4977007471025, 63.10374283231795, 167.01],
          [18.49771013483405, 63.103732857853174, 166.91],
          [18.49771591834724, 63.10369958169758, 166.96],
          [18.49763134494424, 63.103614673018456, 165.77],
          [18.497603433206677, 63.103544265031815, 165.49],
          [18.497533528134227, 63.10338324867189, 165.13],
          [18.497549537569284, 63.10334075242281, 165.18],
          [18.49749413318932, 63.103129947558045, 163.24],
          [18.497546687722206, 63.10301788151264, 163.09],
          [18.497529588639736, 63.10289508663118, 162.66],
          [18.49751223810017, 63.102837670594454, 162.26],
          [18.497369159013033, 63.102746894583106, 161.42],
          [18.49716338329017, 63.10264220461249, 159.49],
          [18.497194899246097, 63.102595852687955, 159.13],
          [18.497238736599684, 63.10244472697377, 157.04],
          [18.497245274484158, 63.102437602356076, 157.13],
          [18.497271174564958, 63.10226527042687, 156.93],
          [18.497355077415705, 63.102168375626206, 157.5],
          [18.497349712997675, 63.10208145529032, 157.28],
          [18.497342923656106, 63.10204340144992, 157.23],
          [18.497360441833735, 63.10200048610568, 157.41],
          [18.49734904244542, 63.10195832513273, 157.08],
          [18.497320543974638, 63.10176260769367, 157.06],
          [18.497427748516202, 63.10149170458317, 156.68],
          [18.49747938103974, 63.10138785280287, 155.95],
          [18.49751751869917, 63.101356169208884, 155.96],
          [18.497609551995993, 63.10123714618385, 156.02],
          [18.497613072395325, 63.10124024748802, 155.62],
          [18.497690688818693, 63.10118207708001, 155.26],
          [18.49777115508914, 63.10112927109003, 155.43],
          [18.49783267825842, 63.10108224861324, 155.37],
          [18.497865200042725, 63.10098744928837, 154.38],
          [18.497881880030036, 63.10096909292042, 154.6],
          [18.49798120558262, 63.10075309127569, 154.47],
          [18.498000986874104, 63.10072023421526, 153.85],
          [18.498058654367924, 63.100691149011254, 154.34],
          [18.498069467023015, 63.100654100999236, 154.5],
          [18.498097714036703, 63.1005850341171, 153.58],
          [18.498097462579608, 63.10056550428271, 153.53],
          [18.498107101768255, 63.10054890811443, 153.69],
          [18.498113974928856, 63.10053273104131, 153.61],
          [18.498115316033363, 63.100510351359844, 153.34],
          [18.498238110914826, 63.100339863449335, 153.72],
          [18.49824263714254, 63.10031513683498, 153.41],
          [18.49826459772885, 63.10027565807104, 152.96],
          [18.498267363756895, 63.10026191174984, 153.44],
          [18.498272225260735, 63.10024640522897, 152.72],
          [18.4982739854604, 63.100232826545835, 153.42],
          [18.498272644355893, 63.10022226534784, 153.26],
          [18.49826904013753, 63.10021094977856, 152.64],
          [18.498268956318498, 63.10019929893315, 153.31],
          [18.498290916904807, 63.10015093535185, 153.55],
          [18.49830566905439, 63.100138111039996, 153.63],
          [18.49831597879529, 63.100125286728144, 153.86],
          [18.498331066221, 63.10011422261596, 153.85],
          [18.49834187887609, 63.10010408051312, 153.04],
          [18.498354703187943, 63.10008941218257, 153.65],
          [18.498366689309478, 63.10007709078491, 153.91],
          [18.49838043563068, 63.10006493702531, 153.91],
          [18.49843475036323, 63.099933760240674, 153.47],
          [18.498443383723497, 63.09992462396622, 153.04],
          [18.49844933487475, 63.0999153200537, 152.86],
          [18.49845771677792, 63.099905010312796, 152.79],
          [18.498471044003963, 63.09989461675286, 152.43],
          [18.498504823073745, 63.099847761914134, 152.48],
          [18.498557964339852, 63.09966889210045, 152.99],
          [18.498641615733504, 63.09952707029879, 153.13],
          [18.49867950193584, 63.099499410018325, 153.49],
          [18.498684028163552, 63.099487256258726, 153.05],
          [18.498687213286757, 63.099475521594286, 153.44],
          [18.498692493885756, 63.09946462512016, 153.4],
          [18.4987058211118, 63.09945465065539, 153.47],
          [18.498718310147524, 63.09944459237158, 153.28],
          [18.498724177479744, 63.099424224346876, 153.2],
          [18.498726775869727, 63.09941131621599, 152.98],
          [18.49872836843133, 63.099397737532854, 153.23],
          [18.498730463907123, 63.0993851646781, 152.84],
          [18.498729038983583, 63.09937099926174, 152.68],
          [18.498724093660712, 63.099356750026345, 152.95],
          [18.498757872730494, 63.09913890436292, 153.59],
          [18.498775474727154, 63.09900772757828, 154.41],
          [18.498776899650693, 63.098996663466096, 153.69],
          [18.498777905479074, 63.09898509643972, 153.38],
          [18.49877916276455, 63.09897302649915, 153.95],
          [18.498779581859708, 63.098959950730205, 154.12],
          [18.498799866065383, 63.098883675411344, 154.08],
          [18.498805398121476, 63.098862720653415, 153.64],
          [18.498812522739172, 63.09885190799832, 153.3],
          [18.49889986217022, 63.09865686111152, 152.06],
          [18.498908914625645, 63.098586620762944, 150.96],
          [18.498913859948516, 63.09857580810785, 151.12],
          [18.498917380347848, 63.0985645763576, 150.6],
          [18.498919140547514, 63.09855367988348, 150.31],
          [18.49891997873783, 63.09854160994291, 150.09],
          [18.498919056728482, 63.098530042916536, 150.37],
          [18.49896247498691, 63.098342288285494, 148.02],
          [18.498971946537495, 63.098304653540254, 147.99],
          [18.498981753364205, 63.09829375706613, 148.12],
          [18.499010922387242, 63.098249081522226, 146.89],
          [18.499025674536824, 63.09823852032423, 147.08],
          [18.499171184375882, 63.0980915017426, 145.7],
          [18.4992497228086, 63.097976334393024, 144.2],
          [18.499250058084726, 63.0978930182755, 143.67],
          [18.499248549342155, 63.09785731136799, 144.05],
          [18.499267660081387, 63.097834680229425, 143.48],
          [18.499374110251665, 63.09767860919237, 141.53],
          [18.49937134422362, 63.097666120156646, 141.88],
          [18.499370841309428, 63.09765153564513, 141.4],
          [18.499372685328126, 63.097637202590704, 141.49],
          [18.499376624822617, 63.09762462973595, 140.95],
          [18.499377463012934, 63.09760711155832, 141.77],
          [18.499381486326456, 63.09759361669421, 141.68],
          [18.49938995204866, 63.09757987037301, 141.44],
          [18.49939431063831, 63.097566878423095, 140.69],
          [18.499399423599243, 63.097551707178354, 140.89],
          [18.49954593926668, 63.09737107716501, 138.29],
          [18.499589189887047, 63.0972592625767, 134.99],
          [18.49961819127202, 63.09719220735133, 134.76],
          [18.499618526548147, 63.09708081185818, 132.75],
          [18.499612994492054, 63.09706564061344, 132.94],
          [18.49960746243596, 63.097052900120616, 132.44],
          [18.499598996713758, 63.097037728875875, 132.29],
          [18.499585082754493, 63.0970224738121, 132.29],
          [18.4995243139565, 63.09679909609258, 129.9],
          [18.499510399997234, 63.09675215743482, 129.3],
          [18.49951417185366, 63.09673799201846, 129.78],
          [18.499523056671023, 63.09672332368791, 128.75],
          [18.499533366411924, 63.0967082362622, 129.04],
          [18.499541329219937, 63.09669457376003, 128.4],
          [18.49957753904164, 63.09664017520845, 127.08],
          [18.499587513506413, 63.09657773002982, 126.29],
          [18.499594889581203, 63.09656406752765, 126],
          [18.49960343912244, 63.09654847718775, 126.29],
          [18.499607043340802, 63.09652785770595, 126],
          [18.49960008636117, 63.0965044721961, 125.91],
          [18.499591620638967, 63.09648594819009, 125.53],
          [18.499578880146146, 63.09642995707691, 124.53],
          [18.499581310898066, 63.096418054774404, 124.31],
          [18.49955960176885, 63.09639433398843, 123.78],
          [18.49956194870174, 63.09636399149895, 123.58],
          [18.49955557845533, 63.09635108336806, 123.64],
          [18.499543508514762, 63.09633884578943, 123.66],
          [18.499326836317778, 63.096202136948705, 121.55],
          [18.49928693845868, 63.09615544974804, 120.43],
          [18.49928735755384, 63.09614614583552, 119.93],
          [18.499243604019284, 63.0960712954402, 118.38],
          [18.499102033674717, 63.095973981544375, 116.7],
          [18.499098932370543, 63.09590424410999, 114.54],
          [18.499107733368874, 63.09589418582618, 114.21],
          [18.499076971784234, 63.095753034576774, 113.04],
          [18.49905274808407, 63.09569830074906, 112.3],
          [18.499013017863035, 63.095554718747735, 110.36],
          [18.49895065650344, 63.09547726996243, 109.05],
          [18.49894101731479, 63.09543921612203, 107.98],
          [18.498928025364876, 63.09542203322053, 108.05],
          [18.498956942930818, 63.09537157416344, 107.25],
          [18.498961804434657, 63.095321198925376, 106.19],
          [18.49899365566671, 63.0953009147197, 106.01],
          [18.498999858275056, 63.09529127553105, 105.99],
          [18.499006563797593, 63.09528146870434, 105.8],
          [18.499000780284405, 63.095221538096666, 104.19],
          [18.499162467196584, 63.09510796330869, 100.93],
          [18.499211836606264, 63.095067059621215, 99.69],
          [18.499240167438984, 63.09505951590836, 99.32],
          [18.499254500493407, 63.095042584463954, 99.64],
          [18.499400429427624, 63.094942420721054, 97.33],
          [18.499521631747484, 63.09484829194844, 96.26],
          [18.499528588727117, 63.094807555899024, 94.92],
          [18.499649707227945, 63.09475718066096, 94.96],
          [18.499652724713087, 63.09474083594978, 94.17],
          [18.49969983100891, 63.094709403812885, 95.14],
          [18.49969974718988, 63.094695741310716, 95.62],
          [18.49977308884263, 63.09465835802257, 95.12],
          [18.49984349682927, 63.09463455341756, 94.21],
          [18.49990116432309, 63.09459297917783, 93.55],
          [18.500074669718742, 63.094531036913395, 90.53],
          [18.500435510650277, 63.09444612823427, 87.17],
          [18.5006882250309, 63.094375217333436, 85.05],
          [18.50074991583824, 63.09434512630105, 84.34],
          [18.50076257251203, 63.09433297254145, 83.75],
          [18.50076349452138, 63.094318052753806, 82.96],
          [18.500771122053266, 63.09430556371808, 83.13],
          [18.500774893909693, 63.094291649758816, 83.22],
          [18.500775061547756, 63.0942768137902, 83],
          [18.500780509784818, 63.09426315128803, 82.32],
          [18.50078210234642, 63.09425284154713, 82.33],
          [18.500759722664952, 63.09411738999188, 80.15],
          [18.500753855332732, 63.094103978946805, 79.67],
          [18.500688392668962, 63.09395142830908, 76.65],
          [18.500699205324054, 63.093905160203576, 75.67],
          [18.500919146463275, 63.09377716854215, 74.03],
          [18.500992991030216, 63.09375043027103, 73.62],
          [18.501036996021867, 63.09371589682996, 73.6],
          [18.50105124525726, 63.09363224543631, 71.89],
          [18.501066332682967, 63.09355798177421, 70.62],
          [18.501086197793484, 63.093472234904766, 69.64],
          [18.501094914972782, 63.09329009614885, 67.64],
          [18.501105811446905, 63.09327928349376, 67.78],
          [18.50109432823956, 63.093254808336496, 66.9],
          [18.50109625607729, 63.09324173256755, 67.32],
          [18.501095166429877, 63.093225471675396, 66.7],
          [18.501080414280295, 63.09320024214685, 67.04],
          [18.501067338511348, 63.09300980530679, 64.25],
          [18.50106356665492, 63.092821380123496, 62.36],
          [18.501014029607177, 63.09265743009746, 59.9],
          [18.500823928043246, 63.092519380152225, 59.7],
          [18.50078017450869, 63.09251166880131, 60.17],
          [18.500389074906707, 63.092485098168254, 59.57],
          [18.500084225088358, 63.092456264421344, 59.06],
          [18.499597907066345, 63.09233983978629, 58.22],
          [18.499441165477037, 63.0923150293529, 57.64],
          [18.499418534338474, 63.09230505488813, 57.52],
          [18.498972449451685, 63.092145128175616, 57.19],
          [18.498389488086104, 63.091936921700835, 56.32],
          [18.497959161177278, 63.09167833998799, 55.26],
          [18.497592536732554, 63.09146820567548, 53.41],
          [18.49735784344375, 63.09132495895028, 52.62],
          [18.49730059504509, 63.09129009023309, 52.7],
          [18.497209399938583, 63.09124331921339, 52.55],
          [18.497021896764636, 63.09117768891156, 52.48],
          [18.496983088552952, 63.09116704389453, 52.74],
          [18.496630880981684, 63.09110392816365, 53.7],
          [18.496287558227777, 63.0909439176321, 52.02],
          [18.4960394538939, 63.09077016077936, 50.52],
          [18.49571205675602, 63.090546783059835, 48.56],
          [18.49538910202682, 63.09038341976702, 45.94],
          [18.49532900378108, 63.090258948504925, 44.33],
          [18.495348198339343, 63.09012047946453, 43.69],
          [18.495427910238504, 63.09004177339375, 44.53],
          [18.49550100043416, 63.089984776452184, 42.76],
          [18.495524218305945, 63.08997195214033, 43.36],
          [18.495542239397764, 63.089960468932986, 42.45],
          [18.49557082168758, 63.0899425316602, 43.03],
          [18.49570426158607, 63.0899044778198, 39.67],
          [18.49571700207889, 63.08990196324885, 39.45],
          [18.495799144729972, 63.089863657951355, 37.83],
          [18.495832923799753, 63.08984194882214, 36.77],
          [18.49585915915668, 63.08983080089092, 36.73],
          [18.496059319004416, 63.08972854167223, 33.66],
          [18.496047668159008, 63.08963122777641, 32.47],
          [18.496046159416437, 63.08961873874068, 31.93],
          [18.496066108345985, 63.0894969496876, 29.07],
          [18.49609569646418, 63.08946534991264, 27.82],
          [18.49616887047887, 63.08936049230397, 25.14],
          [18.49595923908055, 63.08922663331032, 23.89],
          [18.495920598506927, 63.08913242071867, 22.24],
          [18.49575413390994, 63.089061928913, 24.08],
          [18.495727395638824, 63.08906360529363, 23.77],
          [18.495699651539326, 63.08906444348395, 23.72],
          [18.49563251249492, 63.089056648314, 23.54],
          [18.49561088718474, 63.089047679677606, 23.44],
          [18.49546730518341, 63.08895162306726, 22.34],
          [18.4953832346946, 63.088926477357745, 21.48],
          [18.49522741511464, 63.088885908946395, 21.48],
          [18.49489993415773, 63.08885305188596, 22.1],
          [18.494545463472605, 63.08876294642687, 21.56],
          [18.49416660144925, 63.088735453784466, 20.62],
          [18.493693694472313, 63.08868340216577, 20.81],
          [18.493404602631927, 63.08862875215709, 19.72],
          [18.49319958128035, 63.088566306978464, 19.11],
          [18.492875872179866, 63.0884902831167, 18.91],
          [18.49275140091777, 63.08846874162555, 19.05],
          [18.492686189711094, 63.08846983127296, 19.41],
          [18.49265618249774, 63.08846924453974, 19.09],
          [18.492376059293747, 63.08844300918281, 20.19],
          [18.492303639650345, 63.088430520147085, 19.67],
          [18.4921055752784, 63.08840646408498, 20.13],
          [18.492001807317138, 63.08837343938649, 19.1],
          [18.491873228922486, 63.08837117627263, 19.61],
          [18.491846239194274, 63.088369918987155, 19.64],
          [18.49181572906673, 63.088368410244584, 19.45],
          [18.491789158433676, 63.0883676558733, 19.84],
          [18.491759318858385, 63.0883639678359, 19.74],
          [18.491395292803645, 63.08833220042288, 19.56],
          [18.491369308903813, 63.08833496645093, 19.61],
          [18.49118306301534, 63.08833454735577, 19.01],
          [18.491153977811337, 63.08833102695644, 18.98],
          [18.490793304517865, 63.08829230256379, 19.12],
          [18.490714095532894, 63.08828710578382, 18.37],
          [18.490238338708878, 63.08828325010836, 19.15],
          [18.48995067179203, 63.08826137334108, 19.19],
          [18.48981538787484, 63.08826514519751, 19.34],
          [18.48973475396633, 63.08826740831137, 19.65],
          [18.48954708315432, 63.08827009052038, 19.45],
          [18.489516908302903, 63.088268330320716, 19.29],
          [18.489343151450157, 63.088289787992835, 19.48],
          [18.489288249984384, 63.08828962035477, 19.79],
          [18.489250782877207, 63.0882881116122, 19.99],
          [18.489220524206758, 63.088285345584154, 19.6],
          [18.488897401839495, 63.08826715685427, 18.5],
          [18.488361462950706, 63.0882154405117, 17.91],
          [18.48791018128395, 63.08814779855311, 17.53],
          [18.487627627328038, 63.08807009831071, 16.99],
          [18.48746744915843, 63.08801100589335, 16.2],
          [18.486952297389507, 63.08795082382858, 17],
          [18.486574608832598, 63.087853007018566, 17.3],
          [18.48617940209806, 63.08780774474144, 19.83],
          [18.486019307747483, 63.0877529270947, 20.64],
          [18.485972369089723, 63.087740605697036, 21.91],
          [18.485702136531472, 63.087658965960145, 24.6],
          [18.485383288934827, 63.0875613167882, 25.84],
          [18.485026471316814, 63.087429804727435, 27.2],
          [18.484630677849054, 63.08729569427669, 29.3],
          [18.48468465730548, 63.08695413172245, 27.69],
          [18.48444233648479, 63.08674726635218, 26.87],
          [18.484178809449077, 63.0866217892617, 27.32],
          [18.4837718680501, 63.08650108985603, 28.02],
          [18.483563158661127, 63.08641500771046, 29.35],
          [18.483283119276166, 63.0863125808537, 30.61],
          [18.483103159815073, 63.08623915538192, 31.01],
          [18.482887409627438, 63.08617394417524, 31.25],
          [18.482847679406404, 63.08613119646907, 31.8],
          [18.482714658603072, 63.086087023839355, 31.87],
          [18.48253956064582, 63.08602902106941, 32],
          [18.4825302567333, 63.08601938188076, 32.15],
          [18.48252254538238, 63.08600815013051, 32.25],
          [18.48251223564148, 63.08599582873285, 31.9],
          [18.482503099367023, 63.08598375879228, 32.33],
          [18.482182659208775, 63.08588200248778, 32.31],
          [18.482002280652523, 63.08584193699062, 32.12],
          [18.48197914659977, 63.08583523146808, 32.55],
          [18.48166792653501, 63.08576582930982, 33.57],
          [18.481532223522663, 63.08575417846441, 34.02],
          [18.48149542696774, 63.085679998621345, 34.13],
          [18.481554938480258, 63.08570908382535, 33.63],
          [18.48159844055772, 63.08573288843036, 33.11],
          [18.48158000037074, 63.08578670024872, 34.09],
          [18.481571953743696, 63.08578519150615, 34.39],
          [18.48147145472467, 63.08577278628945, 34.87],
          [18.481382271274924, 63.0857203155756, 35.24],
          [18.481311444193125, 63.08569525368512, 35.08],
          [18.481292333453894, 63.08568678796291, 34.98],
          [18.48127213306725, 63.0856772325933, 34.6],
          [18.481255117803812, 63.085667761042714, 34.65],
          [18.480950016528368, 63.08546299114823, 33.92],
          [18.48065111786127, 63.085260735824704, 33.19],
          [18.48036034964025, 63.08509293012321, 31.71],
          [18.48007444292307, 63.084912803024054, 30.69],
          [18.47977009601891, 63.084735525771976, 29.22],
          [18.47954479046166, 63.08460049331188, 27.9],
          [18.47924865782261, 63.08438742533326, 26.39],
          [18.479033075273037, 63.08417955413461, 25.01],
          [18.47894280217588, 63.08397361077368, 22.75],
          [18.478872813284397, 63.083943938836455, 22.72],
          [18.478459753096104, 63.083881409838796, 23.29],
          [18.47833352163434, 63.08385659940541, 23.62]
        ]
      }
    },
    {
      "type": "Feature",
      "properties": { "icon": "picnic", "name": "Reindeer Stew" },
      "geometry": { "type": "Point", "coordinates": [18.502696784188856, 63.08801353796804] }
    },
    {
      "type": "Feature",
      "properties": { "icon": "flag" },
      "geometry": { "type": "Point", "coordinates": [18.478978828643676, 63.083744390935664] }
    },
    {
      "type": "Feature",
      "properties": { "icon": "mountain", "name": "Slåttdalsskrevan" },
      "geometry": { "type": "Point", "coordinates": [18.501263931980816, 63.10818352264414] }
    }
  ]
}
